customerID,MonthlyCharges,Contract,Churn,PredictedRisk
7590-VHVEG,29.85,Month-to-month,0,0.8044972342477997
5575-GNVDE,56.95,One year,0,0.11810320576725611
3668-QPYBK,53.85,Month-to-month,1,0.5304472770858797
7795-CFOCW,42.3,One year,0,0.08158080703781079
9237-HQITU,70.7,Month-to-month,1,0.85444607053428
9305-CDSKC,99.65,Month-to-month,1,0.9090085062364152
1452-KIOVK,89.1,Month-to-month,0,0.7192073450446652
6713-OKOMC,29.75,Month-to-month,0,0.523232553860213
7892-POOKP,104.8,Month-to-month,1,0.8169562555067827
6388-TABGU,56.15,One year,0,0.03373125264159516
9763-GRSKD,49.95,Month-to-month,0,0.4110492096174715
7469-LKBCI,18.95,Two year,0,0.072337525650656
8091-TTVAX,100.35,One year,0,0.3920011109227045
0280-XJGEX,103.7,Month-to-month,1,0.6827525655914273
5129-JLPIS,105.5,Month-to-month,0,0.710476525078417
3655-SNQYZ,113.25,Two year,0,0.08576238683409255
8191-XWSZG,20.65,One year,0,0.03312182788888826
9959-WOFKT,106.7,Two year,0,0.10842608313856866
4190-MFLUW,55.2,Month-to-month,1,0.3453433489927776
4183-MYFRB,90.05,Month-to-month,0,0.784267540770999
8779-QRDMV,39.65,Month-to-month,1,0.8750860018803625
1680-VDCWW,19.8,One year,0,0.15783819031181426
1066-JKSGK,20.15,Month-to-month,1,0.3901552014603747
3638-WEABW,59.9,Two year,0,0.04740635894696434
6322-HRPFA,59.6,Month-to-month,0,0.08057303256140855
6865-JZNKO,55.3,Month-to-month,0,0.26969829167810394
6467-CHFZW,99.35,Month-to-month,1,0.7354218611359413
8665-UTDHZ,30.2,Month-to-month,1,0.7054594287588561
5248-YGIJN,90.25,Two year,0,0.04549515098818979
8773-HHUOZ,64.7,Month-to-month,1,0.5990628362694197
3841-NFECX,96.35,Two year,0,0.07544348896405965
4929-XIHVW,95.5,Month-to-month,0,0.8801726992510401
6827-IEAUQ,66.15,One year,0,0.08049262580385601
7310-EGVHZ,20.2,Month-to-month,0,0.3775982352970102
3413-BMNZE,45.25,Month-to-month,0,0.6173033007623723
6234-RAAPL,99.9,Two year,0,0.05368242622301062
6047-YHPVI,69.7,Month-to-month,1,0.8481127489951451
6572-ADKRS,74.8,Month-to-month,0,0.5017023236194942
5380-WJKOV,106.35,Month-to-month,1,0.816555923309204
8168-UQWWF,97.85,Month-to-month,1,0.865540023273637
8865-TNMNX,49.55,One year,0,0.26113596869710287
9489-DEDVP,69.2,Two year,0,0.0342654234921492
9867-JCZSP,20.75,One year,0,0.109836546507599
4671-VJLCL,79.85,Two year,0,0.038229544641363196
4080-IIARD,76.2,Month-to-month,0,0.542629158261863
3714-NTNFO,84.5,Month-to-month,0,0.7064288175608432
5948-UJZLF,49.25,Month-to-month,0,0.5499489147204217
7760-OYPDY,80.65,Month-to-month,1,0.8793783845759967
7639-LIAYI,79.75,Two year,0,0.086421803193376
2954-PIBKO,64.15,Two year,0,0.020289325763046016
8012-SOUDQ,90.25,Month-to-month,0,0.7476182279667843
9420-LOJKX,99.1,Month-to-month,1,0.7186025167647772
6575-SUVOI,69.5,Month-to-month,0,0.43244164359668535
7495-OOKFY,80.65,Month-to-month,1,0.8072678948740445
4667-QONEA,74.85,One year,0,0.06175521894158551
1658-BYGOY,95.45,Month-to-month,1,0.904371887924781
8769-KKTPH,99.65,One year,0,0.30422950018611467
5067-XJQFU,108.45,One year,0,0.41629891061803453
3957-SQXML,24.95,Two year,0,0.03563439220534774
5954-BDFSG,107.5,Two year,0,0.18654781093080827
0434-CSFON,100.5,Month-to-month,0,0.7860373804309119
1215-FIGMP,89.9,Month-to-month,0,0.53014984688649
0526-SXDJP,42.1,Two year,0,0.01907856076310806
0557-ASKVU,54.4,One year,0,0.21450198285559352
5698-BQJOH,94.4,Month-to-month,1,0.8788262519795802
5122-CYFXA,75.3,Month-to-month,0,0.714532985703175
8627-ZYGSZ,78.9,One year,0,0.46077066420688634
3410-YOQBQ,79.2,Two year,0,0.11240350707296438
3170-NMYVV,20.15,Two year,0,0.013805800198698346
7410-OIEDU,79.85,Month-to-month,0,0.6859011545608313
2273-QCKXA,49.05,Month-to-month,0,0.5123217596575506
0731-EBJQB,20.4,One year,0,0.05306860963926185
1891-QRQSA,111.6,Two year,0,0.15588160698292433
8028-PNXHQ,24.25,Two year,0,0.01631602242137706
5630-AHZIL,64.5,Month-to-month,0,0.4534861179916718
2673-CXQEU,110.5,One year,0,0.41554505831307503
6416-JNVRK,55.65,One year,0,0.1494461531493564
5590-ZSKRV,54.65,Month-to-month,0,0.3372885802261172
0191-ZHSKZ,74.75,Month-to-month,0,0.5453966794850156
3887-PBQAO,25.9,One year,0,0.06239419753153754
5919-TMRGD,79.35,Month-to-month,1,0.8604240762668901
8108-UXRQN,50.55,Month-to-month,0,0.6640134042476971
9191-MYQKX,75.15,Month-to-month,1,0.7671347759941132
9919-YLNNG,103.8,Month-to-month,0,0.5788688288193218
0318-ZOPWS,20.15,Two year,0,0.0253790796151302
4445-ZJNMU,99.3,Month-to-month,0,0.8579043298648598
4808-YNLEU,62.15,One year,0,0.18878248303506173
1862-QRWPE,20.65,Two year,0,0.015348554209059022
2796-NNUFI,19.95,Two year,0,0.024312237710144773
3016-KSVCP,33.75,Month-to-month,0,0.5189349655542225
4767-HZZHQ,82.05,Month-to-month,0,0.45431957858105687
2424-WVHPL,74.7,Month-to-month,0,0.7883462793397189
7233-PAHHL,84.0,Two year,0,0.05288567631089513
6067-NGCEU,111.05,Month-to-month,0,0.48568715369961085
9848-JQJTX,100.9,Two year,0,0.23501840332441673
8637-XJIVR,78.95,Month-to-month,1,0.7885587078395352
9803-FTJCG,66.85,One year,0,0.03573724167617399
0278-YXOOG,21.05,Month-to-month,1,0.34691132527554996
3212-KXOCR,21.0,Two year,0,0.016294546965502574
4598-XLKNJ,98.5,Month-to-month,1,0.8406756526696116
6380-ARCEH,20.2,Month-to-month,0,0.3898903602522685
3679-XASPY,19.45,Month-to-month,0,0.41913034915673647
7123-WQUHX,95.0,One year,0,0.36529536273927643
5386-THSLQ,45.55,One year,0,0.10576852682372817
3192-NQECA,110.0,Two year,1,0.19888520583730662
6180-YBIQI,24.3,Month-to-month,0,0.6792779495647783
6728-DKUCO,104.15,One year,0,0.31228046909065804
9750-BOOHV,30.15,One year,0,0.17720064065443955
8597-CWYHH,94.35,One year,0,0.4992406715349002
2848-YXSMW,19.4,Two year,0,0.00576346907901426
0486-HECZI,96.75,Month-to-month,1,0.5645985347449826
4549-ZDQYY,57.95,One year,0,0.04939712159857462
5712-AHQNN,91.65,Month-to-month,0,0.655408399086952
4846-WHAFZ,76.5,Month-to-month,1,0.7502970838871785
5256-SKJGO,54.6,Two year,0,0.08588166070065828
3071-VBYPO,89.85,Month-to-month,0,0.7058017332065325
9560-BBZXK,31.05,Two year,0,0.07813292148207931
5299-RULOA,100.25,Month-to-month,1,0.8399492226028837
8402-OOOHJ,20.65,Two year,0,0.026086161448780495
9445-ZUEQE,85.2,Month-to-month,0,0.5427343138365252
1091-SOZGA,99.8,One year,0,0.4268997872623306
2928-HLDBA,20.7,Month-to-month,0,0.33105230967678917
0404-SWRVG,74.4,Month-to-month,1,0.8845080569138487
6497-TILVL,50.7,Month-to-month,0,0.3738544767090624
7219-TLZHO,20.85,Month-to-month,0,0.3024140654704444
4622-YNKIJ,88.95,Two year,0,0.2670928253479421
4412-YLTKF,78.05,Month-to-month,1,0.8056060583455239
6734-PSBAW,23.55,Two year,0,0.014001182950254555
3930-ZGWVE,19.75,Month-to-month,0,0.392276251331761
2639-UGMAZ,56.45,One year,0,0.17201972791607606
2876-GZYZC,85.95,Month-to-month,0,0.8759141023099458
6207-WIOLX,58.6,Month-to-month,1,0.49804078484171616
8587-XYZSF,50.55,Two year,0,0.020367049024307606
3091-FYHKI,35.45,Month-to-month,1,0.8610692166587369
2372-HWUHI,44.35,Month-to-month,1,0.669831531174545
7799-LGRDP,25.7,Two year,0,0.04213879453421225
7850-VWJUU,75.0,Month-to-month,0,0.580543255006862
3774-VBNXY,20.2,Two year,0,0.008210106955784835
6217-KDYWC,19.6,Two year,0,0.01583629885213319
0390-DCFDQ,70.45,Month-to-month,1,0.8358385400303989
3146-MSEGF,88.05,Two year,0,0.04342892128120438
4080-OGPJL,71.15,Month-to-month,1,0.5383898874963515
1095-WGNGG,101.05,Two year,0,0.2572841585430718
2636-SJDOU,84.3,One year,0,0.18854071469965777
1131-QQZEB,23.95,Two year,0,0.012200077098184972
5716-EZXZN,99.05,Two year,0,0.08584448919899895
6837-BJYDQ,19.6,One year,0,0.22287316421206194
2135-RXIHG,45.65,Month-to-month,1,0.7413227004867322
6440-DKQGE,64.5,One year,0,0.17262299173144677
3466-BYAVD,69.5,Month-to-month,0,0.43991420675193715
3780-YVMFA,68.55,Month-to-month,0,0.6780404762263409
3874-EQOEP,95.0,Month-to-month,1,0.8458778641208767
1679-JRFBR,108.15,One year,0,0.2699681338625964
9073-ZZIAY,86.1,Two year,0,0.03778280423961677
3077-RSNTJ,19.7,Month-to-month,0,0.2906790762327873
6551-GNYDG,80.9,Month-to-month,0,0.7407653572167829
9167-APMXZ,84.15,Month-to-month,0,0.7819001433766157
2749-CTKAJ,20.15,One year,0,0.09296650089153903
6371-NZYEG,64.25,Two year,0,0.11852144085537585
7554-NEWDD,25.7,Two year,0,0.1098803163080103
8992-VONJD,56.0,Month-to-month,0,0.4468634495377219
0867-MKZVY,82.4,Month-to-month,1,0.6657501189121096
4482-EWFMI,69.7,Month-to-month,0,0.856800731700571
4648-YPBTM,73.9,Two year,0,0.08004174534164836
2907-ILJBN,20.6,One year,0,0.13593368822697538
6345-FZOQH,19.9,Two year,0,0.00867003108046861
3376-BMGFE,70.9,Month-to-month,1,0.7854733020342466
5997-OPVFA,89.05,Two year,0,0.0457081701574278
3445-HXXGF,45.3,Month-to-month,1,0.42282617091885005
1159-WFSGR,20.4,Month-to-month,0,0.27298384739513465
7654-YWJUF,84.25,One year,0,0.21350237599108426
1875-QIVME,104.4,Month-to-month,1,0.8935383157799202
6727-IOTLZ,81.95,Two year,0,0.17318275331954544
0691-JVSYA,94.85,One year,1,0.43371516912892716
5918-VUKWP,20.55,One year,0,0.07082620373353689
1744-JHKYS,24.7,Month-to-month,0,0.2248758961774633
2656-FMOKZ,74.45,Month-to-month,1,0.8086130601448065
2070-FNEXE,76.45,Month-to-month,1,0.6422950331302769
5947-SGKCL,105.35,Month-to-month,0,0.7923578702745901
3712-PKXZA,20.55,One year,0,0.032040843991242844
6317-YPKDH,29.95,Month-to-month,1,0.6588183398698142
6582-OIVSP,45.3,Month-to-month,0,0.5853192211248291
9367-WXLCH,84.5,Month-to-month,1,0.8021820576125084
5524-KHNJP,74.75,One year,0,0.1677157540343117
1918-ZBFQJ,79.25,Month-to-month,1,0.7823411835612417
1024-GUALD,24.8,Month-to-month,1,0.8290696134860474
4827-USJHP,51.8,Month-to-month,0,0.45951551902888654
8167-GJLRN,30.4,Month-to-month,0,0.6913385655806591
0956-SYCWG,19.65,One year,0,0.20439678968902739
8017-UVSZU,56.6,Month-to-month,0,0.274659488826938
7100-FQPRV,71.9,One year,0,0.12805018224184642
2472-OVKUP,91.0,Month-to-month,1,0.850476578108442
2984-RGEYA,19.75,Two year,0,0.006385932104612061
9680-NIAUV,109.7,Two year,0,0.10592150467995813
2146-EGVDT,19.3,Two year,0,0.010133769472875413
2604-IJPDU,96.55,Month-to-month,0,0.6386833109587072
9178-JHUVJ,24.1,Two year,0,0.07515340889669507
6168-YBYNP,111.35,Month-to-month,0,0.644569752993536
7255-SSFBC,112.25,Two year,0,0.1455751717581277
3645-DEYGF,20.75,Month-to-month,0,0.33406993522542117
9323-HGFWY,101.9,One year,0,0.4194704318362253
8544-GOQSH,80.05,Month-to-month,0,0.6237617356238395
3363-DTIVD,105.55,Two year,0,0.1600841138708871
7018-WBJNK,78.3,Month-to-month,0,0.7530582935659234
9142-KZXOP,68.85,Month-to-month,0,0.4362318754686067
7674-YTAFD,79.95,One year,0,0.3154618506304473
6348-SNFUS,55.45,Two year,0,0.02511733811811652
1285-OKIPP,79.9,Month-to-month,1,0.8531666372545196
7825-ECJRF,106.6,Month-to-month,1,0.7236852136953401
1347-KTTTA,102.45,One year,0,0.29536277990014775
7841-TZDMQ,46.0,Month-to-month,1,0.6467658917909763
4195-NZGTA,25.25,Month-to-month,0,0.7711418654688627
7157-SMCFK,19.75,Two year,0,0.00934633854167672
4709-LKHYG,20.0,One year,0,0.09468588104861007
2504-DSHIH,86.8,Month-to-month,0,0.8171219062230317
0699-NDKJM,58.75,Month-to-month,0,0.29734086512854085
9286-BHDQG,45.25,Two year,0,0.01155031912417716
0230-WEQUW,56.6,Two year,0,0.036160310073895204
2040-LDIWQ,84.2,Two year,0,0.06209161824998322
6496-JDSSB,80.0,Month-to-month,0,0.8057870421355694
9408-SSNVZ,70.15,Month-to-month,1,0.8473372035288377
4443-EMBNA,24.75,Two year,0,0.01015458517143756
6469-MRVET,20.2,One year,0,0.33051949492427674
0742-MOABM,50.05,Month-to-month,1,0.48337596756906703
5961-VUSRV,19.35,One year,0,0.20170499305816036
6778-JFCMK,50.6,One year,0,0.4325575930664427
6341-JVQGF,81.15,One year,0,0.17937348338167614
2232-DMLXU,55.2,Month-to-month,1,0.6421157402577398
4811-JBUVU,89.9,Month-to-month,0,0.685090139927808
0945-TSONX,85.3,Two year,0,0.07111628636305595
2651-ZCBXV,108.0,Two year,0,0.185238475428681
3316-UWXUY,93.5,Month-to-month,0,0.3723518791383926
8937-RDTHP,84.6,Month-to-month,1,0.7907421551749912
7083-MIOPC,20.25,Two year,0,0.007046459399125202
1984-GPTEH,25.15,Month-to-month,0,0.25906231664465845
1251-KRREG,54.4,Month-to-month,1,0.6837583989052757
0621-JFHOL,29.6,Two year,0,0.27963019969147773
9903-LYSAB,73.15,Month-to-month,0,0.8335721269882224
0094-OIFMO,95.0,Month-to-month,1,0.8827466322724435
9227-UAQFT,19.75,Two year,0,0.07416857383502902
7301-ABVAD,86.6,Two year,0,0.045785751425613155
6614-FHDBO,109.2,Two year,0,0.1347608589766217
7576-ASEJU,74.7,One year,0,0.13906336020135077
9058-HRZSV,94.4,Month-to-month,0,0.3921140349841627
4522-AKYLR,54.8,Month-to-month,0,0.6377796177843111
0221-WMXNQ,75.35,Month-to-month,0,0.7564796943051645
0303-UNCIP,65.0,One year,0,0.2221162745334146
9947-OTFQU,74.4,Month-to-month,1,0.8035381017813665
0322-YINQP,48.55,Month-to-month,1,0.5810170674910232
0959-WHOKV,99.0,One year,0,0.4894161803260233
4075-JFPGR,93.5,One year,0,0.3415482380635397
4629-NRXKX,70.4,Month-to-month,1,0.7735910280061702
9514-JDSKI,40.2,Month-to-month,1,0.8137576698245513
3282-ZISZV,83.7,One year,0,0.20203640740619289
3675-YDUPJ,19.85,Month-to-month,0,0.38106980185337525
4111-BNXIF,59.55,Two year,0,0.0823934937405754
7017-VFHAY,115.1,Two year,0,0.09782763535622428
6655-LHBYW,114.35,One year,0,0.27130322668894036
4959-JOSRX,44.6,Month-to-month,1,0.6506500745446335
5046-NUHWD,45.0,Month-to-month,0,0.6106115091312455
7273-TEFQD,41.15,Month-to-month,1,0.8628994409466405
3606-TWKGI,106.9,Month-to-month,1,0.8958827610963186
7529-ZDFXI,89.85,Month-to-month,0,0.6790882782064858
7605-BDWDC,49.85,Two year,0,0.11215592486991076
1950-KSVVJ,113.3,One year,0,0.2994101254828766
0123-CRBRT,88.1,Two year,0,0.03899160029790632
6292-TOSSS,24.9,Two year,0,0.023426077145959703
3197-ARFOY,105.0,Month-to-month,0,0.6686675193854553
6323-AYBRX,19.35,Two year,1,0.012905864412281087
7014-ZZXAW,24.25,Two year,0,0.013980983370806504
4385-GZQXV,94.45,Month-to-month,1,0.8440400506378469
7633-MVPUY,59.75,Two year,0,0.03960382676156949
6366-ZGQGL,24.8,Month-to-month,1,0.7019897114611529
4716-HHKQH,107.05,Month-to-month,0,0.7969469765521444
5940-AHUHD,70.6,Month-to-month,1,0.7594930379042835
6432-TWQLB,85.4,Month-to-month,1,0.8106420555325337
4484-GLZOU,105.05,Month-to-month,1,0.7513389101933804
3179-GBRWV,64.95,Month-to-month,0,0.4590026996069809
8645-KWHJO,55.0,Month-to-month,0,0.7680478479271423
4130-MZLCC,50.55,Month-to-month,0,0.49472124976302273
0314-TKOSI,55.15,Month-to-month,0,0.39752379177176467
8229-MYEJZ,51.2,Month-to-month,0,0.5462364098809348
2080-SRCDE,25.4,Month-to-month,0,0.38262970387270556
9577-WJVCQ,54.45,Month-to-month,0,0.10212879446951653
9512-UIBFX,95.15,Month-to-month,1,0.7167777315325514
6202-DYYFX,76.0,One year,0,0.5689948040574455
3808-HFKDE,44.35,Month-to-month,0,0.5873594599644575
5583-SXDAG,70.0,Month-to-month,1,0.8219966082535032
3488-PGMQJ,74.5,Month-to-month,1,0.8366365033028628
3580-REOAC,44.85,Month-to-month,1,0.5825068027988046
7534-BFESC,76.1,Month-to-month,1,0.8153409471746034
3727-OWVYD,61.2,One year,0,0.10183648350117432
2294-SALNE,86.8,One year,0,0.2652152083242154
4847-TAJYI,89.35,Month-to-month,0,0.9100771398640433
1563-IWQEX,19.7,Month-to-month,0,0.2816225454658874
8203-XJZRC,20.25,Month-to-month,0,0.3896255839628311
6556-DBKZF,76.05,Two year,0,0.08475859175954281
6851-WEFYX,100.8,Month-to-month,0,0.8546007674796677
2985-JUUBZ,74.55,Month-to-month,0,0.5802200702801654
6390-DSAZX,73.6,Month-to-month,1,0.6992440168252748
0895-LMRSF,64.9,One year,0,0.42189195302441046
8098-LLAZX,95.45,Month-to-month,1,0.9296670312722944
8266-VBFQL,90.4,Month-to-month,0,0.8317005412275853
8181-YHCMF,60.3,Two year,0,0.038791958458644984
2240-HSJQD,81.85,Month-to-month,0,0.5552348267056733
1248-DYXUB,24.8,Two year,0,0.018472403879381392
0265-EDXBD,74.9,Month-to-month,1,0.7829039950881465
4115-BNPJY,75.55,Two year,0,0.10805202228553697
3167-SNQPL,101.15,Month-to-month,0,0.7322722390088732
4091-TVOCN,78.75,One year,0,0.18737965852297805
1098-TDVUQ,19.25,Month-to-month,0,0.4563609093439889
7277-OZCGZ,89.05,Month-to-month,0,0.6687902696778186
1557-EMYVT,115.05,Two year,0,0.16604552585464574
2799-ARNLO,69.35,Month-to-month,0,0.8666288598371475
7563-BIUPC,80.6,Month-to-month,1,0.8740423371868309
5027-YOCXN,110.05,One year,0,0.22539889418936845
3973-SKMLN,19.9,Two year,0,0.010251264990164094
2321-OMBXY,80.3,One year,1,0.09757306820845014
2840-XANRC,93.15,Month-to-month,1,0.8647268726084191
6745-JEFZB,91.5,Month-to-month,0,0.6474567047552341
5020-ZSTTY,82.45,One year,1,0.11573530548486434
9880-TDQAC,60.0,Two year,0,0.06794682995207314
8705-WZCYL,44.8,Month-to-month,0,0.7449351744081277
7102-JJVTX,48.6,One year,0,0.21808672630680478
8626-PTQGE,60.05,Two year,0,0.045970179832385244
4983-CLMLV,102.7,Month-to-month,0,0.586129759995965
5701-YVSVF,82.9,Month-to-month,0,0.8318289249013258
5804-LEPIM,70.35,Month-to-month,1,0.8729581463193549
5697-GOMBF,35.9,Month-to-month,0,0.6548706618572427
2739-CACDQ,82.65,Month-to-month,0,0.7758162753189536
9385-EHGDO,19.85,Two year,0,0.03843544904985496
9498-FIMXL,19.2,One year,0,0.24103112420598546
2379-GYFLQ,94.9,One year,0,0.4439484139774478
0122-OAHPZ,73.85,Month-to-month,1,0.8686732579240618
2868-SNELZ,80.6,Month-to-month,1,0.7816505495523125
4322-RCYMT,75.8,One year,1,0.08340654579615257
6680-NENYN,104.6,Two year,1,0.4719491389648042
2088-IEBAU,88.15,Two year,0,0.0754532772049342
7982-VCELR,94.8,Month-to-month,0,0.6939464538539376
1343-EHPYB,103.4,Month-to-month,1,0.7044324502254237
6035-BXTTY,54.65,Month-to-month,0,0.24483360371637533
6885-PKOAM,85.75,Two year,0,0.0357700630340588
7520-HQWJU,67.45,Month-to-month,0,0.10727691508057026
9639-BUJXT,20.5,One year,0,0.022218347874638472
5924-SNGKP,20.25,One year,0,0.0553981597601076
0021-IKXGC,72.1,Month-to-month,0,0.9061537793813358
2034-GDRCN,90.4,Month-to-month,1,0.9038812489357473
8966-SNIZF,19.45,Two year,0,0.007600620075223601
6243-OZGFH,44.95,Month-to-month,0,0.7687354001611697
4654-DLAMQ,97.0,One year,0,0.17973236146711233
0513-RBGPE,62.8,Two year,0,0.06049824826284775
5160-UXJED,44.6,One year,0,0.23562326216701185
4115-NZRKS,89.15,Month-to-month,0,0.9067119970139887
0219-YTZUE,84.8,Month-to-month,1,0.7659811268089349
0623-IIHUG,41.9,Month-to-month,1,0.6682244363305484
4572-DVCGN,80.25,Month-to-month,1,0.8017748622312051
3351-NGXYI,54.1,Month-to-month,0,0.6218344600094772
8984-EYLLL,105.25,Two year,0,0.2832337850579736
9057-MSWCO,30.75,Month-to-month,1,0.38625726560264056
9833-TGFHX,97.1,One year,0,0.4563393814706802
9294-TDIPC,20.2,Month-to-month,0,0.2995170876025997
5229-DTFYB,98.8,Two year,0,0.2477992359694011
0104-PPXDV,50.3,One year,0,0.07662085242676883
5176-LMJXE,20.55,Two year,0,0.028283103892191148
3583-KRKMD,75.9,Month-to-month,0,0.6349566672270435
1010-DIAUQ,96.5,Month-to-month,1,0.8009844390218004
9069-LGEUL,59.95,Month-to-month,0,0.4424784019692766
7302-ZHMHP,19.15,Month-to-month,0,0.3878111766384651
9571-EDEBV,98.65,One year,0,0.40104658636173623
3520-FJGCV,112.6,Two year,0,0.11155614609083915
6563-VRERX,20.6,One year,0,0.060581999439003394
0259-GBZSH,85.65,Month-to-month,1,0.9056086004661404
6122-EFVKN,35.75,Two year,0,0.07805886394794861
2805-EDJPQ,99.75,One year,0,0.2666134974679894
6862-CQUMB,96.1,Month-to-month,0,0.6882767819819056
7156-MXBJE,85.1,One year,0,0.18192920148908712
6158-HDPXZ,25.35,Month-to-month,0,0.7102353248668909
9601-BRXPO,104.95,Month-to-month,1,0.7561777648886683
2863-IMQDR,89.65,Two year,0,0.0615001564462767
5686-CMAWK,86.75,One year,0,0.5270643466198373
5651-CRHKQ,86.2,One year,0,0.25586463394884745
6905-NIQIN,50.65,Month-to-month,1,0.5512422238374172
8204-YJCLA,64.8,Two year,0,0.040760911565721994
5167-ZFFMM,90.85,Month-to-month,1,0.851297727632109
6583-SZVGP,108.1,Two year,0,0.3259231518285057
4895-TMWIR,19.95,Month-to-month,1,0.33313440888093754
0533-BNWKF,85.45,Month-to-month,1,0.6209428957773081
1708-PBBOA,54.75,One year,0,0.20812493487832645
8782-LKFPK,90.4,Month-to-month,0,0.6807416989494529
5522-JBWMO,44.0,Month-to-month,0,0.6280934428926274
3597-MVHJT,95.6,Month-to-month,0,0.80486387195185
9774-NRNAU,84.8,Month-to-month,0,0.5584154699509394
0224-RLWWD,44.3,Month-to-month,0,0.7624265112553509
9967-ATRFS,19.9,Month-to-month,0,0.2253986121690213
3951-NJCVI,95.05,Month-to-month,0,0.8299783538636895
2977-CEBSX,90.05,Two year,0,0.05237038405631898
0177-PXBAT,109.9,Month-to-month,0,0.6803246620673585
6599-CEBNN,73.95,Month-to-month,1,0.563023530063352
2519-ERQOJ,54.6,Month-to-month,0,0.6665868960665637
5876-QMYLD,20.05,One year,0,0.08666038723222187
2277-AXSDC,19.75,One year,0,0.07159840591192636
9442-JTWDL,20.05,One year,0,0.15725442235204978
0979-PHULV,99.45,Month-to-month,1,0.5457762700343596
3067-SVMTC,55.9,One year,0,0.028521355852619567
5495-GPSRW,19.7,Two year,0,0.0874890805983507
7606-BPHHN,19.8,Two year,0,0.010045461651953495
4742-DRORA,95.4,One year,0,0.2559147161282066
0111-KLBQG,93.95,Month-to-month,0,0.7117164696713082
4800-VHZKI,19.9,Month-to-month,1,0.46568115198930987
7989-CHGTL,19.6,Month-to-month,1,0.4753486357424
0334-GDDSO,81.35,Month-to-month,1,0.8787615668966077
4163-NCJAK,24.45,One year,0,0.07424945762962672
5233-AOZUF,74.95,Month-to-month,0,0.7692549340567546
5973-EJGDP,87.35,Month-to-month,0,0.542438380040698
1996-DBMUS,70.65,Month-to-month,0,0.5288465121241869
7916-VCCPB,73.25,Month-to-month,0,0.5699880155828995
4686-GEFRM,98.7,Two year,0,0.13825843032317045
5249-QYHEX,24.8,Two year,0,0.04085349084589995
0578-SKVMF,83.3,Month-to-month,1,0.6860600052525855
5564-NEMQO,75.3,Month-to-month,1,0.8194887820493946
2233-FAGXV,24.3,Month-to-month,0,0.4347598705366918
5605-IYGFG,69.85,Month-to-month,0,0.7743120781283216
7663-ZTEGJ,100.55,One year,0,0.33673325128947273
3935-TBRZZ,25.7,One year,0,0.05064637433248281
8111-BKVDS,40.7,Month-to-month,0,0.45942312137514585
2055-SIFSS,51.65,Month-to-month,0,0.2221611455800974
2806-MLNTI,105.1,One year,0,0.5266496503351297
8734-DKSTZ,85.95,Month-to-month,0,0.8133835062743131
4360-PNRQB,75.6,Month-to-month,0,0.7605903715137685
6152-ONASV,58.25,One year,0,0.03888155568033028
9063-ZGTUY,19.4,Month-to-month,1,0.053439955517174335
7781-HVGMK,65.2,Two year,0,0.03413463922315398
2181-UAESM,53.45,Month-to-month,0,0.5649956844889829
2957-LOLHO,45.4,Month-to-month,1,0.5614873329162573
6048-NJXHX,19.75,Two year,0,0.054586560407128004
2320-SLKMB,44.45,Month-to-month,0,0.515378769232001
4980-URKXC,20.85,One year,0,0.0628697485636839
4376-KFVRS,114.05,Two year,0,0.11540107531125654
5886-VLQVU,89.85,Month-to-month,0,0.6588150986508855
3577-AMVUX,55.05,Month-to-month,0,0.49487701749878715
0771-WLCLA,112.95,Month-to-month,0,0.7472600751412728
5628-RKIFK,101.55,Month-to-month,0,0.5693986518566608
0206-TBWLC,114.65,One year,0,0.3207135779517747
2937-FTHUR,64.8,Month-to-month,0,0.4931970773436118
1910-FMXJM,80.4,Month-to-month,0,0.6697163745057572
7752-XUSCI,105.9,Month-to-month,1,0.7021856170778105
4110-PFEUZ,69.55,Month-to-month,1,0.7578912714510447
0732-OCQOC,25.05,Two year,0,0.023699902894702946
5168-MSWXT,94.75,Month-to-month,0,0.8667837522002848
1090-ESELR,105.5,Two year,0,0.05913226662881766
8592-PLTMQ,24.7,One year,0,0.028062347712726362
5760-WRAHC,69.75,Month-to-month,0,0.40064210181825904
8847-GEOOQ,60.2,Month-to-month,0,0.2890339989619839
0256-LTHVJ,81.05,Month-to-month,1,0.7352205417184406
4785-FCIFB,24.4,Two year,0,0.015616633403101429
8313-NDOIA,104.15,Month-to-month,0,0.8525606948744736
5149-CUZUJ,92.9,One year,0,0.30444545010686347
0942-KOWSM,80.8,Two year,0,0.0873951017196452
4237-CLSMM,20.0,Month-to-month,0,0.38524248100415137
1452-VOQCH,75.1,Month-to-month,0,0.889010521412292
4719-UMSIY,19.65,Month-to-month,0,0.2931819819478596
6614-VBEGU,69.45,Month-to-month,0,0.5555549429044453
0880-TKATG,101.15,Month-to-month,1,0.8639014874467462
3811-VBYBZ,99.8,Month-to-month,1,0.9029418393115692
1480-BKXGA,116.05,Two year,0,0.15303524563577434
2996-XAUVF,40.05,Two year,0,0.0502269329674401
9076-AXYIK,102.1,Two year,0,0.2719967395932969
5968-XQIVE,89.7,One year,0,0.32384619773197565
8896-RAZCR,19.9,Two year,0,0.01861609686885578
4640-UHDOS,55.95,Month-to-month,1,0.5739893169771038
4933-IKULF,20.65,One year,0,0.1486994558145486
3583-EKAPL,55.0,Month-to-month,1,0.7880736476129949
1304-BCCFO,70.05,Month-to-month,0,0.7081406354703835
4104-PVRPS,53.6,Month-to-month,0,0.2405061182294877
9399-APLBT,74.7,Month-to-month,1,0.8095529417065864
2359-KMGLI,80.25,Month-to-month,1,0.7718002779578595
3780-DDGSE,76.05,Month-to-month,0,0.47780096302979813
4431-EDMIQ,75.7,Month-to-month,0,0.46461705332910874
0306-JAELE,96.1,Month-to-month,1,0.860734223514189
6227-HWPWX,69.0,Month-to-month,1,0.6023781174261439
0486-LGCCH,19.65,Two year,0,0.07487847831670823
0447-BEMNG,45.3,Month-to-month,1,0.31027139583922114
4612-SSVHJ,81.45,Month-to-month,0,0.8363051404795276
5168-MQQCA,108.5,One year,0,0.3144787649137647
5949-XIKAE,83.55,Month-to-month,1,0.8162965023614865
7971-HLVXI,84.5,Two year,0,0.14758335501026235
9094-AZPHK,100.15,Month-to-month,0,0.8780143793687892
3649-JPUGY,88.6,Two year,0,0.06038105583363903
4472-LVYGI,52.55,Two year,0,0.30109684057440983
8372-JUXUI,74.35,Month-to-month,1,0.8661752623618065
3552-CTCYF,104.8,Two year,0,0.2242429530019
6778-YSNIH,59.0,Month-to-month,0,0.746203244175303
0388-EOPEX,74.4,Month-to-month,1,0.8005214632399063
5756-OZRIO,64.05,One year,0,0.13345203807052347
6579-JPICP,20.4,Month-to-month,0,0.3888316460071514
8205-OTCHB,43.75,One year,1,0.4320470623242143
4134-BSXLX,60.9,Month-to-month,0,0.18944720838454807
0505-SPOOW,19.8,Two year,0,0.007689024253922205
6235-VDHOM,28.45,Month-to-month,1,0.7464659073758055
7783-YKGDV,99.7,Month-to-month,1,0.730042456121036
4374-YMUSQ,116.25,One year,0,0.3357656893735289
4513-CXYIX,80.7,Two year,0,0.1044945226624562
3957-HHLMR,65.2,One year,0,0.05437873383267287
7803-XOCCZ,84.05,Month-to-month,0,0.2527237713838853
5736-YEJAX,79.45,Two year,0,0.02768639721848928
5609-CEBID,94.1,Month-to-month,1,0.8492343956200676
8981-FJGLA,78.0,Month-to-month,0,0.7684182115226483
7218-HKQFK,94.2,Month-to-month,1,0.876775798994244
4636-QRJKY,80.5,Month-to-month,1,0.7906956353939647
1135-LMECX,19.85,Month-to-month,0,0.38411759016731506
4332-MUOEZ,94.3,One year,0,0.31687378778522063
8535-SFUTN,106.45,Month-to-month,0,0.6341377305574404
5956-VKDTT,74.35,Month-to-month,1,0.8913684501838997
8677-HDZEE,105.45,Month-to-month,0,0.5611203223395722
2475-MROZF,95.0,Month-to-month,0,0.47986471417674365
9412-GHEEC,104.8,Month-to-month,1,0.6090138599550858
3482-ABPKK,54.3,One year,0,0.11063720853386162
6705-LXORM,70.05,Month-to-month,0,0.8193471666057112
0257-ZESQC,75.2,Month-to-month,1,0.5835440162780309
7531-GQHME,20.05,Month-to-month,0,0.2775660416009505
5174-ITUMV,105.4,One year,0,0.4397977796185196
4109-CYRBD,51.6,Month-to-month,0,0.605913386333778
0913-XWSCN,85.5,Month-to-month,0,0.45762144252869463
6825-UYPFK,75.6,Month-to-month,1,0.6529316121194864
8397-MVTAZ,100.05,Month-to-month,1,0.8443425344079395
0750-EBAIU,91.25,One year,0,0.28952718338125305
8606-CIQUL,115.75,Two year,0,0.12597492924363946
3571-DPYUH,94.7,One year,0,0.25228997117126395
7601-GNDYK,19.6,Two year,0,0.02851407870022481
0356-OBMAC,99.9,Two year,0,0.20214930833499506
8067-NIOYM,21.1,Two year,0,0.05500665595820969
1403-GYAFU,20.05,Two year,0,0.006224167019654141
4234-XTNEA,79.95,Month-to-month,0,0.8850040470806596
1297-VQDRP,107.15,One year,0,0.3343933473642049
9282-IZGQK,85.0,Month-to-month,1,0.9086116262397601
5348-CAGXB,89.55,Month-to-month,0,0.8752880439160848
0621-HJWXJ,81.55,Month-to-month,0,0.4077411158853343
5844-QVTAT,58.45,One year,0,0.1252179334109332
8905-IAZPF,95.65,One year,0,0.3140161307286385
5394-MEITZ,80.6,Two year,0,0.05415641934876905
6859-QNXIQ,113.1,Two year,0,0.10994761801755332
2782-LFZVW,58.95,Month-to-month,0,0.6988366146881392
2866-IKBTM,19.55,Month-to-month,0,0.3856989470572834
1342-JPNKI,86.05,Month-to-month,1,0.834376234861313
2817-NTQDO,45.55,Month-to-month,1,0.5429314414147237
7129-AZJDE,78.95,One year,0,0.44500612336528794
6986-IJDHX,86.3,Month-to-month,1,0.553434455111429
2560-PPCHE,105.05,One year,0,0.32714918406976107
4676-MQUEA,101.9,One year,0,0.3696649177904621
8138-EALND,19.75,Month-to-month,0,0.2639777814360152
3580-HYCSP,110.3,Two year,0,0.14056312511743504
1352-HNSAW,115.6,Two year,0,0.10402501603408265
2075-PUEPR,19.35,Two year,0,0.012080064312698141
1982-FEBTD,25.6,Two year,0,0.0726643342718757
5301-GAUUY,80.35,Month-to-month,1,0.6452133379590327
5791-KAJFD,68.75,One year,0,0.11502833959312114
2654-VBVPB,19.9,Month-to-month,0,0.3716365254392973
1154-HYWWO,70.6,One year,0,0.0952917865118712
2501-XWWTZ,70.2,Month-to-month,0,0.7662047089715331
3716-UVSPD,49.3,Month-to-month,0,0.6742790513886754
6815-ABQFQ,107.25,One year,0,0.4873810907576892
7343-EOBEU,23.6,Month-to-month,0,0.5246929617486789
3701-SFMUH,69.7,Month-to-month,0,0.4951345807421811
6103-LIANB,99.5,Two year,0,0.2613234459819362
7319-VENRZ,64.3,Month-to-month,0,0.4911813580249167
5846-NEQVZ,70.85,Two year,0,0.021510075071711064
6967-QIQRV,101.9,One year,0,0.47225087304219754
5781-RFZRP,73.5,Two year,0,0.02415478811977415
0939-YAPAF,100.25,Month-to-month,1,0.8319235278648707
0308-IVGOK,40.4,One year,0,0.36929646013151457
7293-LSCDV,19.25,Two year,0,0.012845783776215309
7025-WCBNE,59.6,Two year,0,0.05687750834601835
5756-JYOJT,64.9,One year,0,0.28505531531932676
4710-FDUIZ,100.3,One year,1,0.38348640159241965
6030-REHUX,110.85,Month-to-month,0,0.8165245090256578
9548-LIGTA,81.05,Two year,0,0.046488726464002345
5150-LJNSR,98.05,One year,0,0.3349365823897389
8270-RKSAP,70.5,Month-to-month,0,0.8284906350408204
6522-YRBXD,94.55,Month-to-month,0,0.736118830883168
2640-LYMOV,19.65,Month-to-month,0,0.4645284999541892
1218-VKFPE,19.0,Month-to-month,1,0.2443001396533786
3627-FHKBK,75.3,Month-to-month,1,0.6681739680322266
2865-TCHJW,89.2,Month-to-month,1,0.9094399609912984
1423-BMPBQ,19.0,Month-to-month,0,0.41854733268464317
2393-DIVAI,20.0,Month-to-month,0,0.44431562282285064
5192-EBGOV,85.7,Month-to-month,1,0.9173257084872481
4568-KNYWR,63.25,Two year,0,0.05772771463101179
8752-IMQOS,20.1,One year,0,0.173762746620497
0742-LAFQK,99.15,Two year,0,0.18469427770048888
0795-LAFGP,90.4,Two year,0,0.04300797890602857
0619-OLYUR,111.9,Two year,0,0.14320093573438375
5512-IDZEI,24.9,One year,0,0.06635635952255263
0459-SPZHJ,83.5,Two year,0,0.04785610648799879
0215-BQKGS,84.3,Month-to-month,0,0.4927442851368718
9244-ZVAPM,45.6,Month-to-month,0,0.5914821262016633
0719-SYFRB,61.65,Month-to-month,1,0.44917350136747153
8208-EUMTE,54.85,Two year,0,0.13862899766546397
5172-MIGPM,65.55,Month-to-month,0,0.5973391355389457
1710-RCXUS,90.35,One year,0,0.41749593143659247
0374-FIUCA,20.4,Two year,0,0.013752645852422703
5839-SUYVZ,74.55,Month-to-month,0,0.6531036723509753
5173-ZXXXL,19.95,One year,0,0.22910008682136596
1096-ADRUX,74.25,One year,0,0.21553936230747803
2001-MCUUW,108.65,Two year,0,0.29732036051040034
2731-GJRDG,109.55,One year,0,0.4645432131977204
4723-BEGSG,86.65,Two year,0,0.03545130989048744
6516-NKQBO,81.0,Two year,0,0.05714917656347327
8672-OAUPW,47.85,One year,0,0.058726322221509406
8207-DMRVL,114.55,Two year,0,0.0819959605278953
3419-SNJJD,105.25,Month-to-month,1,0.4738628270420064
6543-CPZMK,29.95,Month-to-month,1,0.7088406620452735
4765-OXPPD,65.0,Month-to-month,1,0.25030482423413136
2804-ETQDK,20.55,Two year,0,0.007656187811315561
6689-VRRTK,109.8,One year,0,0.4747335793242645
7138-GIRSH,69.5,Two year,0,0.06915556348674347
9396-ZSFLL,48.85,Month-to-month,0,0.5213177788398763
6464-KEXXH,25.25,Month-to-month,0,0.7088997813344247
7134-MJPDY,102.85,One year,0,0.400457944438186
5240-CAOYT,87.55,Month-to-month,0,0.30238409844959274
4059-IIEBK,78.55,Month-to-month,0,0.7915002779955551
4881-JVQOD,34.55,Month-to-month,0,0.7381510913280855
0516-UXRMT,92.05,One year,0,0.26683157479199143
4851-BQDNX,85.05,One year,0,0.48705194720014205
5148-HKFIR,19.7,Two year,0,0.06208686924821238
1009-IRMNA,20.0,Month-to-month,1,0.31414198379670066
3003-CMDUU,95.15,Month-to-month,0,0.7868246468072705
5016-IBERQ,84.25,Month-to-month,0,0.7198284191161439
6797-UCJHZ,104.6,One year,0,0.3541892945853722
2469-DTSGX,111.65,Two year,0,0.20087347054283688
4554-YGZIH,90.05,Month-to-month,1,0.5743085503090671
5099-BAILX,110.75,Month-to-month,1,0.624926698001525
9931-KGHOA,55.0,Month-to-month,0,0.18958275783142
1775-KWJKQ,89.85,Two year,0,0.027651378644362883
7665-VIGUD,20.35,One year,0,0.17277356115865278
9411-TPQQV,54.55,One year,0,0.22572613827905502
7207-RMRDB,105.5,Month-to-month,1,0.6332295866064428
7954-MLBUN,99.45,Two year,0,0.2638749704977105
2077-DDHJK,70.9,Two year,0,0.017912554061791125
4913-EHYUI,104.55,One year,1,0.3845076842196061
0195-IESCP,85.25,Month-to-month,1,0.8894233744830766
9574-BOSMD,25.4,Two year,0,0.009031582865190919
4580-TMHJU,56.15,Month-to-month,1,0.31946986393484583
0970-ETWGE,89.55,Month-to-month,1,0.910709791089259
4908-XAXAY,89.85,One year,0,0.38294543431193007
8404-VLQFB,25.25,Month-to-month,0,0.41479381035735463
1626-ERCMM,94.55,Month-to-month,1,0.9023340103993549
0887-HJGAR,45.7,Month-to-month,1,0.6689850824336292
2391-IPLOP,69.65,One year,0,0.20035430387524478
5644-PDMZC,89.5,Month-to-month,1,0.8732220554526986
3509-GWQGF,70.0,Month-to-month,0,0.6321812444629448
9576-ANLXO,69.55,Month-to-month,1,0.796404910786598
2024-BASKD,74.6,Month-to-month,1,0.8066274922291227
5845-BZZIB,20.1,Two year,0,0.02802519186017551
1140-UKVZG,24.8,Month-to-month,0,0.29264324646764805
4160-AMJTL,19.65,Month-to-month,1,0.4350232887276062
5183-SNMJQ,95.1,Month-to-month,0,0.7851354735156312
8100-PNJMH,88.85,Two year,0,0.042867054195248604
7838-LAZFO,78.8,One year,0,0.13804221235314554
4464-JCOLN,19.85,One year,1,0.19389696156353733
2085-JVGAD,20.35,Month-to-month,0,0.11807242737531018
5650-VDUDS,24.25,Month-to-month,1,0.7503757009058154
8095-WANWK,45.25,Month-to-month,0,0.5021475381445974
3030-ZKIWL,20.05,Month-to-month,0,0.39068507807129976
9565-FLVCG,69.55,Two year,0,0.04360295829255387
8755-OGKNA,19.5,Two year,0,0.0106745611773645
2800-VEQXM,74.75,Month-to-month,0,0.7967616095321632
7538-GWHML,69.65,Month-to-month,1,0.8109853686555838
5533-RJFTJ,30.2,Month-to-month,0,0.31192390912290624
3859-CVCET,45.65,Month-to-month,1,0.5567816335395396
0214-JHPFW,57.8,Two year,0,0.046121578020829265
5642-MHDQT,19.85,One year,0,0.034679313759872196
3088-FVYWK,25.55,Two year,0,0.01683112769771958
3276-HDUEG,75.05,Month-to-month,1,0.8457327554519151
9092-GDZKO,24.85,Month-to-month,0,0.31059966360526275
0823-HSCDJ,49.15,Month-to-month,1,0.5544721026670435
3729-OWRVL,110.35,Two year,0,0.25626256059920594
2324-AALNO,24.55,One year,0,0.05003487725029661
0822-GAVAP,34.7,Month-to-month,1,0.8542319313970664
5760-IFJOZ,107.95,Month-to-month,0,0.8231378274088816
2826-UWHIS,81.4,Month-to-month,0,0.47501706257728116
1448-PWKYE,80.0,Month-to-month,1,0.8243561173031069
7501-IWUNG,73.8,Two year,0,0.05895221964202429
4957-TREIR,64.4,Month-to-month,0,0.5131812529058097
7251-LJBQN,103.75,One year,0,0.5502948172378455
8040-MNRTF,71.1,Month-to-month,0,0.7515027555405458
1536-HBSWP,49.9,Month-to-month,0,0.6642111543113359
5313-FPXWG,24.6,One year,0,0.0628015999506311
0067-DKWBL,49.25,Month-to-month,1,0.6844069547946484
0946-FKYTX,30.1,One year,0,0.11684639544855792
5076-YVXCM,83.4,Month-to-month,0,0.5391264448042792
8262-COGGB,20.45,Month-to-month,0,0.4706312819726959
6663-JOCQO,75.25,One year,0,0.15975304676483287
9620-QJREV,20.55,One year,0,0.032494668828982366
2276-YDAVZ,75.1,Month-to-month,1,0.8312637800610022
2682-KEVRP,20.05,One year,0,0.16670045154744217
2480-JZOSN,20.65,Month-to-month,0,0.4661368717839659
0078-XZMHT,85.15,Two year,0,0.06754313236503545
5896-NPFWW,50.15,Month-to-month,1,0.6763495999596255
9978-HYCIN,84.95,One year,0,0.35434671586500777
8338-QIUNR,66.5,Two year,0,0.0194330263250586
1525-LNLOJ,63.3,Two year,0,0.06299412193599854
9450-TRJUU,83.15,Month-to-month,0,0.7323785284267733
1766-GKNMI,84.9,Month-to-month,0,0.8233042614293743
6942-LBFDP,20.55,Month-to-month,0,0.45126667224270917
1456-TWCGB,49.25,Month-to-month,0,0.5326974972768873
7133-VBDCG,79.85,Month-to-month,1,0.5301025288968119
7596-ZYWBB,59.6,Two year,0,0.019953996997115614
8329-UTMVM,104.65,One year,0,0.6101124571449534
3014-WJKSM,75.3,Month-to-month,0,0.638045235436097
3347-YJZZE,80.1,Month-to-month,0,0.4383049282728844
1029-QFBEN,19.55,Month-to-month,1,0.39333830840113676
7929-DMBCV,81.0,Month-to-month,0,0.6254920202507972
9661-JALZV,24.7,Two year,0,0.02349654474492322
5433-KYGHE,86.0,Month-to-month,0,0.57257538651155
4312-KFRXN,25.4,Two year,0,0.01012532619313662
5575-TPIZQ,89.15,Month-to-month,0,0.5678071726825471
0114-IGABW,58.25,Two year,0,0.04463545944295154
9944-AEXBM,85.65,Month-to-month,0,0.7337499006061586
1853-ARAAQ,50.35,Month-to-month,0,0.659492431512192
6952-OMNWB,80.35,Month-to-month,0,0.45925438453732037
4697-LUPSU,20.2,One year,0,0.19263351429598088
8434-VGEQQ,20.55,Two year,0,0.009203727423392101
4952-YSOGZ,85.95,Month-to-month,1,0.8793939104139717
1589-AGTLK,45.35,Month-to-month,1,0.7284701937025713
5244-IRFIH,94.5,Month-to-month,1,0.8667705732719285
6549-YMFAW,21.25,Month-to-month,0,0.4262789759529088
4950-HKQTE,26.25,Two year,0,0.07132108012427968
6786-OBWQR,80.85,Month-to-month,0,0.8423512527387622
2684-EIWEO,91.7,Month-to-month,1,0.5005937683703137
2753-JMMCV,74.2,Two year,0,0.055715530533310284
6439-GTPCA,87.25,Month-to-month,1,0.5890125949368613
6621-YOBKI,20.35,Month-to-month,0,0.34948863424285675
1216-JWVUX,75.5,Month-to-month,0,0.6745359682689898
7564-GHCVB,79.05,Two year,0,0.05405827186221482
1173-NOEYG,90.15,Month-to-month,0,0.6918152464100721
7595-EHCDL,50.6,Month-to-month,0,0.485176583910209
6647-ZEDXT,110.45,One year,0,0.4491230609512484
2521-NPUZR,101.0,Two year,0,0.05560236623558211
1307-TVUFB,79.35,Month-to-month,0,0.6141628116586711
7503-MIOGA,89.85,Two year,0,0.05495241522026518
4381-MHQDC,65.0,Two year,0,0.05227238663610914
6923-JHPMP,80.45,Month-to-month,0,0.7855644098044451
5138-WVKYJ,98.55,Month-to-month,1,0.8309121999826705
4018-PPNDW,24.1,Two year,0,0.017927897642914657
1635-FJFCC,44.05,Month-to-month,0,0.6229405934119662
2499-AJYUA,110.8,Two year,0,0.19433791443373064
6919-ELBGL,114.95,Two year,0,0.12354154411077156
3966-HRMZA,75.05,Month-to-month,0,0.7628953709364156
6425-JWTDV,19.25,Two year,0,0.020679067518581614
8405-IGQFX,90.05,One year,0,0.2340772501162512
8224-IVVPA,56.7,Month-to-month,0,0.3075965454966765
9477-LGWQI,80.15,Two year,0,0.03855199521982855
1410-RSCMR,71.35,Month-to-month,0,0.41510934646812875
3115-CZMZD,20.25,Two year,0,0.14261120023620638
0139-IVFJG,90.35,Month-to-month,0,0.7494772695312452
6683-VLCTZ,98.55,Month-to-month,1,0.8972491114278501
5730-DBDSI,19.7,Two year,0,0.00911176065017076
0030-FNXPP,19.85,Month-to-month,0,0.3642519837203007
2189-WWOEW,85.9,Month-to-month,1,0.6995172112018341
5684-FJVYR,90.35,Two year,0,0.051973485236759404
4013-GUXND,20.8,Month-to-month,0,0.3867173693830837
1894-IGFSG,89.25,Month-to-month,1,0.7967255623760224
7379-POKDZ,70.3,Month-to-month,1,0.8575531266938141
1266-NZYUI,66.85,Two year,0,0.013307184198686114
7969-FFOWG,19.9,Two year,0,0.008174768398196282
4718-DHSMV,35.8,Month-to-month,0,0.7338349007920175
5175-WLYXL,78.85,Month-to-month,0,0.7191510053726644
7817-OMJNA,20.4,One year,0,0.14383704109208728
8728-SKJLR,74.25,Month-to-month,0,0.5699604207532039
3137-NYQQI,64.8,One year,0,0.23569086665388286
7706-DZNKK,20.45,Month-to-month,0,0.356780202872854
0236-HFWSV,93.35,Month-to-month,1,0.9017489804814971
3900-AQPHZ,19.9,Month-to-month,1,0.38385426770199027
5842-POCOP,88.9,Month-to-month,1,0.763940036989953
2037-XJFUP,95.8,One year,1,0.6599502045190384
8823-RLPWL,110.65,Two year,0,0.16768914832597515
9505-SQFSW,40.3,Month-to-month,0,0.658179461979281
7314-OXENN,82.0,Month-to-month,1,0.864134620071763
3758-CKOQL,107.0,One year,0,0.2168184531895392
0322-CHQRU,45.35,Month-to-month,1,0.6652239049608353
5676-CFLYY,73.35,Two year,0,0.03928265027555581
7521-AFHAB,44.8,Month-to-month,0,0.4989311007819159
0285-INHLN,54.75,Month-to-month,0,0.2630757807080121
4678-DVQEO,52.2,Month-to-month,1,0.6526956235767494
5125-CNDSP,40.6,One year,0,0.04432239928483528
0691-IFBQW,110.0,One year,1,0.551479800104447
4992-LTJNE,55.3,Two year,0,0.018076571781120876
2202-OUTMO,60.85,Month-to-month,0,0.26223262745303577
0810-BDHAW,78.4,One year,0,0.3111198187106478
0229-LFJAF,69.65,Two year,0,0.015572563043666596
7131-ZQZNK,59.85,Two year,0,0.03923068374575626
3442-ZHHCC,76.9,One year,0,0.08806301879514992
5726-CVNYA,19.85,Two year,0,0.10983073764653685
9871-ELEYA,67.65,Two year,0,0.04779048428152202
4257-GAESD,45.0,Month-to-month,0,0.7511466017549301
5173-WXOQV,64.2,Month-to-month,0,0.6113820729070656
2040-OBMLJ,81.7,One year,0,0.34164136271422463
6286-ZHAOK,25.55,Month-to-month,0,0.27703903580920564
3807-XHCJH,20.0,Month-to-month,0,0.4161520578119712
3009-JWMPU,96.75,One year,1,0.5666035797332022
5671-RQRLP,75.65,Two year,0,0.15057033322920804
1450-GALXR,98.5,Month-to-month,1,0.8782908254781961
8859-AXJZP,23.8,Two year,0,0.04393054143661718
3174-AKMAS,64.2,Two year,0,0.07245729571559621
3138-BKYAV,85.35,Month-to-month,1,0.85163682397875
9926-PJHDQ,76.8,Two year,0,0.0704923147062425
7382-DFJTU,55.2,Month-to-month,0,0.34148021813506835
2798-NYLMZ,108.55,Two year,0,0.14657571449483467
4289-DTDKW,101.3,Month-to-month,1,0.8022657857244059
1820-TQVEV,69.55,Month-to-month,1,0.8649646336106224
2239-JALAW,103.25,One year,1,0.4582704978753059
4853-RULSV,104.0,Two year,1,0.1453753482077842
8098-TDCBU,25.25,Two year,0,0.04746132073750093
3551-GAEGL,30.4,One year,0,0.13441185939945902
4785-NKHCX,20.05,Month-to-month,0,0.3742500690185468
3196-NVXLZ,84.6,Month-to-month,0,0.774678662410546
6275-YDUVO,86.2,Month-to-month,1,0.833623242864457
0036-IHMOT,103.7,One year,0,0.27931977475220066
0115-TFERT,111.2,Month-to-month,1,0.8183416516141727
4178-EGMON,88.0,Two year,0,0.06800905546953691
4220-TINQT,106.35,Month-to-month,0,0.6684994266888759
5318-YKDPV,79.15,Two year,0,0.0719202167137543
7975-TZMLR,103.1,One year,0,0.6251643121619308
0295-QVKPB,63.95,Month-to-month,0,0.5920953590668414
4335-BSMJS,25.8,Two year,0,0.01930855781327033
2311-QYMUQ,89.45,Month-to-month,1,0.6912414948746333
3643-AHCFP,95.6,Month-to-month,1,0.8948551641565838
9146-JRIOX,25.55,Month-to-month,0,0.27029152086907776
3104-OWCGK,90.95,One year,1,0.25671339422617895
5337-IIWKZ,44.85,Month-to-month,0,0.48964252129449676
9101-BWFSS,108.55,One year,1,0.36110229825504453
9650-VBUOG,25.05,Two year,0,0.031097857268371932
3487-EARAT,74.1,One year,0,0.02942368443727717
2672-TGEFF,88.8,Month-to-month,0,0.716980055761695
9231-ZJYAM,78.85,Month-to-month,1,0.8925869069108014
4250-WAROZ,93.25,Month-to-month,0,0.541735247420669
8184-WMOFI,71.4,One year,0,0.04175337536345316
6982-SSHFK,44.4,Month-to-month,1,0.5979217419440985
6092-QZVPP,79.2,Month-to-month,0,0.3265464531027237
4625-LAMOB,20.4,Two year,0,0.022749103147698145
0727-BMPLR,100.0,One year,1,0.6251362305234089
0392-BZIUW,105.0,Two year,0,0.17919545234701384
1038-ZAGBI,19.8,One year,1,0.12667595788643
6549-NNDYT,30.85,Month-to-month,0,0.5578031831770046
3027-ZTDHO,89.9,Month-to-month,1,0.910074088701411
0422-OHQHQ,20.55,One year,0,0.11704876151105963
6916-HIJSE,84.85,Two year,0,0.039816304642234256
2316-ESMLS,33.15,One year,0,0.2165208687336754
9778-OGKQZ,92.0,Two year,0,0.04754548050621591
7408-OFWXJ,89.8,Two year,0,0.02654744896118264
6007-TCTST,115.8,Two year,0,0.10864246344539684
2252-NKNSI,85.15,Two year,0,0.06556399702903022
8713-IGZSO,24.85,Month-to-month,0,0.43959452379909736
7905-TVXTA,64.35,Month-to-month,0,0.5899076944438093
7695-PKLCZ,20.5,Two year,0,0.008178532576340002
2382-BCKQJ,100.15,One year,1,0.49735446158476954
8374-UULRV,86.05,Two year,0,0.03293727175331528
2207-NHRJK,50.8,Month-to-month,1,0.6342503180633249
3224-DFQNQ,89.0,One year,0,0.15151317952674678
5275-PMFUT,64.8,Two year,0,0.03505985737731885
4795-UXVCJ,19.8,One year,0,0.09195698326634
9777-IQHWP,93.4,Two year,0,0.09703293269515088
0947-MUGVO,73.65,Month-to-month,1,0.7846789561162063
9944-HKVVB,95.1,Month-to-month,1,0.8875632114009284
4124-MMETB,94.65,Month-to-month,1,0.831799507710283
3671-SHRSP,80.6,Month-to-month,1,0.733390374379964
0979-MOZQI,39.0,Two year,0,0.06286302007798267
2732-ISEZX,20.5,Month-to-month,0,0.42100189583344294
3313-QKNKB,85.55,One year,1,0.40613308452112906
0323-XWWTN,26.4,Two year,0,0.16073765650833893
1937-OTUKY,98.2,Two year,0,0.09985261448613303
1573-LGXBA,97.55,One year,0,0.34523198518922105
1764-VUUMT,19.95,Two year,0,0.007224211837629129
5073-WXOYN,50.8,Month-to-month,1,0.43186526468818626
4713-ZBURT,99.7,Two year,0,0.26847117862524283
3050-GBUSH,34.8,Month-to-month,0,0.7861032545083063
0207-MDKNV,105.1,Month-to-month,1,0.6841841127542803
7876-AEHIG,60.15,One year,0,0.1001875130694206
7945-HLKEA,64.75,One year,0,0.07414761629631417
9342-VNIMQ,54.65,Month-to-month,0,0.4012833907633492
9851-KIELU,110.1,Month-to-month,1,0.7495553211372655
3523-BRGUW,19.3,One year,0,0.10747456160321471
3908-BLSYF,83.9,Month-to-month,1,0.8258566781115548
3199-NPKCN,111.25,One year,0,0.3606121894901875
5170-PTRKA,35.8,One year,0,0.07976038928532485
4661-NJEUX,20.05,Month-to-month,0,0.47285061138318724
2123-AGEEN,84.35,Month-to-month,0,0.8791539112546194
1258-YMZNM,110.5,One year,0,0.5638321215271783
0048-LUMLS,91.2,One year,0,0.39980523223233594
7549-MYGPK,100.55,Month-to-month,1,0.4522380443954712
5898-IGSLP,89.3,Month-to-month,0,0.47551005861303436
3804-RVTGV,103.85,Month-to-month,1,0.6228547978439378
6259-WJQLC,81.1,Month-to-month,0,0.7010301021992759
9227-LUNBG,24.6,Month-to-month,1,0.7736858684246439
7997-EASSD,81.2,One year,0,0.21363713783965238
0730-KOAVE,94.3,Month-to-month,0,0.6337185890227779
8975-SKGRX,116.1,Two year,0,0.13733664266659115
0678-RLHVP,105.55,Two year,0,0.3227557600528383
4315-MURBD,98.9,Month-to-month,1,0.6957946693781378
2267-FPIMA,94.4,Month-to-month,0,0.5254640477289594
1051-GEJLJ,19.5,Month-to-month,0,0.37544158492410645
9734-YWGEX,98.3,Month-to-month,1,0.8276922202249716
2719-BDAQO,93.85,Month-to-month,1,0.7603305541213871
5285-MVEHD,105.6,One year,0,0.3116104237981566
0379-DJQHR,81.35,Two year,0,0.029828083882481697
0781-LKXBR,100.5,Month-to-month,1,0.9198909705286762
5543-QDCRY,56.4,Month-to-month,0,0.7601345096959276
0297-RBCSG,65.35,One year,0,0.28184744099803044
4694-PHWFW,19.95,Month-to-month,0,0.26954576091715926
0835-JKADZ,111.25,Two year,0,0.24349658562430435
1907-UBQFC,72.85,Month-to-month,1,0.8313069625857328
7508-SMHXL,89.0,Month-to-month,0,0.7584080167081186
3865-YIOTT,106.1,One year,0,0.2743916496859039
5993-BQHEA,20.05,One year,0,0.15618459081344804
6024-RUGGH,25.2,Two year,0,0.01092334515041861
6513-EECDB,73.55,Month-to-month,1,0.9077045910375551
3956-CJUST,75.4,Month-to-month,0,0.6083185934811208
4079-WWQQQ,65.55,Two year,0,0.04308140399297483
6103-BOCOU,80.7,Month-to-month,0,0.7804281330050972
5149-TGWDZ,104.55,One year,0,0.540397476898443
7471-WNSUF,24.15,One year,0,0.03302157404557673
8942-DBMHZ,20.45,Month-to-month,0,0.28620271803662106
4301-VVZKA,75.4,Month-to-month,0,0.8360362835823154
9199-PWQVC,79.7,One year,0,0.1354442734220713
4824-GUCBY,81.7,Month-to-month,0,0.5972854780671042
5393-HJZSM,76.3,Month-to-month,0,0.16272501631642136
7074-IEVOJ,79.4,Month-to-month,1,0.8793732318259714
9625-QSTYE,81.15,Month-to-month,1,0.7691700767990088
0862-PRCBS,103.75,Two year,0,0.1545957915379776
8812-ZRHFP,86.45,One year,0,0.46735038558740777
5146-CBVOE,75.1,Month-to-month,0,0.6118417417542734
0454-OKRCT,80.6,Two year,0,0.13988158806167822
5787-KXGIY,19.3,Two year,0,0.007171166555501245
4750-ZRXIU,84.6,Month-to-month,1,0.9149898541415549
4198-VFOEA,33.6,One year,0,0.33240407323403054
6630-UJZMY,83.25,Month-to-month,0,0.9158573249128753
5709-LVOEQ,80.85,Two year,0,0.2356520782015858
6400-BWQKW,79.05,Month-to-month,1,0.8160205954308682
2692-AQCPF,108.05,One year,0,0.3474433884952699
0347-UBKUZ,19.9,Month-to-month,0,0.25748947310671416
0835-DUUIQ,21.05,One year,0,0.07797032444657465
0811-GSDTP,30.15,Month-to-month,0,0.584511166058111
7567-ECMCM,79.85,Month-to-month,0,0.7365414330589453
6115-ZTBFQ,65.5,Two year,0,0.03150616942943308
6353-BRMMA,104.1,Month-to-month,0,0.5079824724358121
6680-WKXRZ,74.4,Month-to-month,1,0.7798855447909309
6231-WFGFH,20.5,Month-to-month,0,0.38768344872158234
9904-EHEVJ,91.35,Month-to-month,0,0.7173788237778921
7028-DVOIQ,99.05,Month-to-month,1,0.8561041355313752
6169-PPETC,20.5,Two year,0,0.02697167145509178
4208-UFFGW,44.95,Month-to-month,1,0.6221812351930536
8584-KMVXD,75.6,Month-to-month,0,0.745339196082099
8467-WYNSR,55.1,Month-to-month,0,0.24555772828686753
0851-DFJKB,58.95,Month-to-month,0,0.36196268527413505
5382-SOYZL,95.1,Month-to-month,0,0.8810332147724906
9448-REEVD,44.7,Month-to-month,1,0.5878083428281244
3261-CQXOL,25.45,Two year,0,0.007922836742056754
8388-FYNPZ,56.75,Month-to-month,0,0.5301538021240099
4002-BQWPQ,81.75,Month-to-month,0,0.28418401516290565
5651-YLPRD,86.1,Month-to-month,0,0.678464950684951
2826-DXLQO,29.8,Month-to-month,0,0.590192736412178
4378-BZYFP,20.5,One year,0,0.1796787483654818
9489-UTFKA,60.9,Month-to-month,0,0.5136317003659631
4849-PYRLQ,73.25,Two year,0,0.04639579209706113
9117-SHLZX,45.7,Month-to-month,1,0.6689850824336292
9889-TMAHG,100.3,Month-to-month,1,0.683106656200351
4541-RMRLG,19.25,Month-to-month,1,0.4165469415185922
7764-BDPEE,20.85,Month-to-month,0,0.31509587550952717
3429-IFLEM,77.35,Two year,0,0.0166359982136464
3158-MOERK,96.0,Month-to-month,1,0.921559677167364
7294-TMAOP,90.55,Month-to-month,1,0.8734940809951336
5002-GCQFH,93.85,Month-to-month,0,0.5244325832930679
0556-FJEGU,70.1,Two year,0,0.03630726321006923
8919-FYFQZ,30.35,Month-to-month,1,0.46821949794289197
0604-THJFP,75.95,Two year,0,0.054228060950641234
2834-JRTUA,108.05,Two year,1,0.20028767445381243
5875-YPQFJ,69.9,Month-to-month,1,0.8640518652170135
5879-SESNB,75.25,Month-to-month,0,0.8045759979735985
6646-QVXLR,103.75,One year,1,0.5702698419216568
6461-PPAXN,54.95,One year,0,0.09331415588449352
3318-ISQFQ,19.5,Month-to-month,0,0.2731664484675436
1106-HRLKZ,19.6,Two year,0,0.02332524957330739
2483-XSSMZ,47.85,One year,0,0.18997112994015927
8603-IJWDN,86.6,Month-to-month,1,0.9083208866039764
8165-ZJRNM,23.75,Two year,0,0.007645630688463662
9369-XFEHK,80.6,Month-to-month,1,0.6675835039622695
2604-XVDAM,43.8,Month-to-month,0,0.4799784073771474
3717-OFRTN,19.75,Month-to-month,0,0.37995575074647925
9046-JBFWA,19.15,Month-to-month,0,0.1479866132556768
3280-NMUVX,19.6,One year,0,0.056188638878184115
1206-EHBDD,80.3,Two year,0,0.0790551215500449
8361-LBRDI,24.35,Two year,0,0.016712997546821578
4883-KCPZJ,25.25,Two year,0,0.05627387759590069
9108-EQPNQ,26.1,Two year,0,0.0869438249186825
7277-KAMWT,20.0,Two year,0,0.07957550361016304
3842-IYKUE,85.3,Month-to-month,1,0.45040088031588776
6641-XRPSU,70.0,Month-to-month,1,0.591872770161829
1374-DMZUI,94.3,Month-to-month,1,0.9317130117502506
2545-LXYVJ,20.7,Two year,0,0.00723651929496253
3234-VKACU,70.3,Month-to-month,0,0.690267045768795
8357-EQXFO,95.35,Month-to-month,1,0.8873882841155524
1989-PRJHP,75.5,Month-to-month,1,0.804678327835367
8120-JDCAM,69.55,Month-to-month,0,0.7691430717379095
8917-FAEMR,19.85,Two year,0,0.03145282632149283
7047-YXDMZ,20.0,Month-to-month,0,0.21639595106975953
2858-EIMXH,95.85,One year,0,0.5369030356710366
9524-EGPJC,90.1,Month-to-month,1,0.8127368260908939
6993-OHLXR,68.95,Month-to-month,1,0.8125842421673334
8818-XYFCQ,99.55,Month-to-month,1,0.6745734725245576
6419-ZTTLE,20.75,One year,0,0.22126964719136666
0929-HYQEW,50.15,Month-to-month,0,0.5551951339387373
6614-YOLAC,58.65,Two year,0,0.025893885847380557
7426-RHZGU,95.9,Month-to-month,0,0.7888705937435629
4065-JJAVA,49.5,Month-to-month,0,0.6335116235052821
4695-VADHF,57.45,Month-to-month,1,0.5453890350977154
3863-IUBJR,53.65,One year,1,0.3291201662695403
7649-SIJJF,80.1,Two year,0,0.03489841242986062
9361-YNQWJ,24.4,One year,0,0.03686297234584701
3748-FVMZZ,40.05,Month-to-month,0,0.7964548768247355
9391-TTOYH,19.5,Month-to-month,0,0.25852208264876814
1452-XRSJV,51.05,Month-to-month,0,0.1540563587000525
3422-WJOYD,54.35,One year,0,0.11308975415708751
8242-SOQUO,84.7,Month-to-month,0,0.8708376591687883
7460-ITWWP,86.1,Month-to-month,0,0.7120578402668617
7147-AYBAA,70.35,Month-to-month,0,0.5839955202335707
7868-TMWMZ,110.0,Two year,0,0.14695262248647772
4822-RVYBB,100.6,Month-to-month,1,0.9216045458682781
6732-FZUGP,94.9,One year,0,0.2972006038168279
8436-BJUMM,83.75,Month-to-month,1,0.7978792608984563
4184-TJFAN,88.3,Month-to-month,1,0.6965283255178041
8329-GWVPJ,69.75,Month-to-month,0,0.41671879617423496
1352-VHKAJ,71.6,Month-to-month,0,0.4325906174654423
4145-UQXUQ,92.1,Month-to-month,1,0.905304092105691
2632-TACXW,23.65,Two year,0,0.014409668004918538
8146-QQKZH,81.85,Two year,0,0.02759874029399996
1767-CJKBA,25.1,Two year,0,0.01313455853040234
6445-TNRXS,114.7,Two year,0,0.11998583407468504
4581-LNWUM,49.15,Month-to-month,0,0.7730829098820133
4869-EPIUS,80.9,One year,0,0.43604313882397555
9948-YPTDG,79.45,Month-to-month,1,0.5461956113917134
1236-WFCDV,90.45,Month-to-month,1,0.7955577967516752
1915-OAKWD,19.3,One year,0,0.14675056178505905
7296-PIXQY,70.2,Month-to-month,0,0.7035137415784273
4883-QICIH,69.75,Month-to-month,1,0.5691524613684731
3354-OADJP,54.25,One year,0,0.19202171499475842
3524-WQDSG,99.3,Month-to-month,0,0.6857551620278892
0810-DHDBD,74.0,One year,0,0.08660580792386818
4026-SKKHW,50.25,Month-to-month,0,0.5712303090317398
2829-HYVZP,19.8,One year,0,0.1175789715421435
8329-IBCTI,19.65,Month-to-month,1,0.38517155813305026
1271-SJBGZ,43.65,Month-to-month,1,0.7693401175202175
3845-JHAMY,35.5,Month-to-month,0,0.6434933772187142
7013-PSXHK,80.75,One year,0,0.2851051057828237
5669-SRAIP,39.5,Month-to-month,1,0.7824986224195335
5981-ITEMU,97.1,Month-to-month,1,0.7431761596168422
3486-NPGST,19.55,One year,0,0.06345869768579591
6941-PMGEP,80.0,Month-to-month,1,0.8748761965800285
1624-WOIWJ,84.7,Month-to-month,1,0.7323245582320169
2074-GKOWZ,89.55,Month-to-month,1,0.843503060263623
0376-YMCJC,90.6,Month-to-month,1,0.785656013226537
6100-FJZDG,20.05,One year,0,0.10346522698517047
4829-ZLJTK,112.4,Two year,0,0.2513901964969729
1730-VFMWO,50.2,Month-to-month,0,0.2308118795579775
7143-BQIBA,62.25,Month-to-month,0,0.38450496124623956
3800-LYTRK,55.7,One year,0,0.16475224711598865
0634-SZPQA,90.05,Month-to-month,1,0.7019943186117689
9646-NMHXE,19.65,Two year,0,0.02196774326488588
7030-NJVDP,89.25,Month-to-month,0,0.673365597544904
5536-RTPWK,99.05,Month-to-month,1,0.6873657146912636
8883-GRDWQ,54.0,One year,0,0.164589916558048
6166-ILMNY,69.75,Month-to-month,1,0.7415286490685411
3097-NNSPB,49.05,Month-to-month,1,0.6114916631537832
7771-ZONAT,56.75,Two year,0,0.21674062512271594
0655-RBDUG,98.05,Month-to-month,1,0.8801187458240142
2111-DWYHN,21.1,Month-to-month,0,0.38513445480892755
4194-WHFCB,96.65,Month-to-month,0,0.3969478292144391
4121-AGSIN,24.5,One year,0,0.03834877702935457
4361-BKAXE,114.5,Month-to-month,1,0.5496672190745884
9845-PEEKO,79.2,Two year,0,0.17633706709814992
0455-XFASS,69.55,Month-to-month,0,0.8246582439262435
0301-KOBTQ,20.05,Two year,0,0.05119070247147019
1751-NCDLI,98.85,Month-to-month,0,0.8233827265190373
4367-NUYAO,25.75,Two year,0,0.17483438783815708
9878-TNQGW,80.95,Month-to-month,1,0.885381677181088
9170-ARBTB,19.6,One year,0,0.026147435920438066
4441-NIHPT,74.3,Month-to-month,1,0.8262479610309724
8999-BOHSE,89.7,Month-to-month,1,0.8082789705358988
7241-AJHFS,87.65,Month-to-month,0,0.4081482462198366
7029-RPUAV,100.45,Month-to-month,1,0.8622580541344009
4546-FOKWR,74.75,Month-to-month,0,0.7647020778180388
9036-CSKBW,107.45,One year,0,0.33437165639573174
5832-TRLPB,75.35,One year,0,0.29825511766538976
8590-YFFQO,64.95,Two year,0,0.012636067618132555
8659-IOOPU,100.45,Two year,0,0.09014503476595892
1338-CECEE,68.5,One year,0,0.16655341510402874
7439-DKZTW,80.55,Month-to-month,0,0.8863553883705644
4646-QZXTF,81.25,Month-to-month,0,0.4386888536783819
4607-CHPCA,90.4,One year,1,0.6644686263740168
9742-XOKTS,89.55,One year,0,0.12454099759411999
6921-OZMFH,55.7,Month-to-month,0,0.5572023867001995
9578-FOMUK,24.8,Month-to-month,0,0.41699289478268503
4712-UYOOI,20.0,Month-to-month,0,0.24309637372934997
8824-RWFXJ,56.15,Month-to-month,1,0.5503545198018552
7722-CVFXN,105.2,One year,0,0.4443258875124381
8717-VCTXJ,19.55,One year,0,0.0719979323071686
7363-QTBIW,79.75,Month-to-month,0,0.8650250193672234
4159-NAAIX,97.45,Two year,0,0.20299571536364985
0971-QIFJK,24.25,Two year,0,0.010811851309584033
9397-TZSHA,24.6,Two year,0,0.010593228115172363
3391-JSQEW,50.15,Month-to-month,0,0.3061644457107929
0343-QLUZP,39.6,Two year,0,0.03052661559476014
9763-PDTKK,94.4,Month-to-month,1,0.6832455192574844
2176-LVPNX,89.85,Two year,0,0.03975392674241172
7627-JKIAZ,78.95,Month-to-month,1,0.6338860979483799
3312-UUMZW,98.85,Month-to-month,0,0.7726851864599252
1271-UODNO,53.85,Two year,0,0.10067907021281423
8461-EFQYM,24.25,One year,0,0.14207330270204918
6900-RBKER,89.45,Two year,0,0.271725255497594
6891-JPYFF,105.25,Month-to-month,0,0.536857546561225
1459-QNFQT,59.5,Two year,0,0.02918444981346907
1047-NNCBF,70.55,Month-to-month,0,0.6254255619988249
3696-XRIEN,82.5,One year,0,0.16976055121935404
4081-DYXAV,44.85,One year,1,0.5583965362317038
0074-HDKDG,61.6,One year,0,0.14987401320678595
8791-GFXLZ,49.05,Month-to-month,0,0.5321011277003322
8111-SLLHI,105.65,Month-to-month,1,0.8321111083502533
0927-LCSMG,74.65,Month-to-month,1,0.7197389095182826
9330-DHBFL,66.25,One year,0,0.12050817097126043
0098-BOWSO,19.4,Month-to-month,0,0.3006981178755731
3452-ABWRL,86.05,Month-to-month,0,0.6643889598458879
5859-HZYLF,19.15,Two year,0,0.05441491402174021
8257-RZAHR,64.7,Month-to-month,1,0.5672170510786246
5293-WXJAK,104.05,Month-to-month,1,0.8396159365530155
3156-QLHBO,19.25,Month-to-month,0,0.33254407513516937
2208-NQBCT,81.95,Month-to-month,0,0.47290634931791764
1779-PWPMG,114.65,Two year,0,0.15105302517770938
6621-NRZAK,20.0,Two year,0,0.008071540008431882
0831-JNISG,19.8,Two year,0,0.006352488065460145
0774-IFUVM,65.15,Month-to-month,0,0.5390382664820699
3082-WQRVY,19.65,One year,0,0.17451550488289416
9553-DLCLU,88.95,Two year,0,0.12145564708549245
1641-BYBTK,20.2,Month-to-month,0,0.3642097303931853
2460-NGXBJ,75.2,Month-to-month,0,0.7857770313002863
2446-ZKVAF,56.8,Month-to-month,0,0.4513074785419287
0841-NULXI,35.55,Month-to-month,1,0.8608026550400331
3522-CDKHF,75.5,Month-to-month,0,0.5072160284517568
1430-SFQSA,35.6,One year,0,0.15435784763930857
0411-EZJZE,60.25,Month-to-month,0,0.804524936196758
7851-WZEKY,95.15,Month-to-month,1,0.9232546273108149
8844-TONUD,96.65,Month-to-month,1,0.7915187158745702
8807-ARQET,40.35,Month-to-month,0,0.5296241492875375
8992-CEUEN,18.85,Month-to-month,0,0.47459695954066855
4320-QMLLA,54.85,Month-to-month,0,0.5971463671384805
8777-PVYGU,64.3,One year,0,0.12677912251177414
8292-ITGYJ,24.65,Two year,0,0.03190742698069771
6870-ZWMNX,76.1,Two year,0,0.033785842194475266
0621-CXBKL,18.7,Two year,0,0.016362040842805767
5268-DSMNQ,97.95,One year,0,0.35846576149262094
5334-JLAXU,94.1,Month-to-month,0,0.43288245852513324
4086-YQSNZ,80.4,Month-to-month,1,0.8940868762284188
6242-MBHPK,95.1,Month-to-month,0,0.8127790603046794
5868-CZJDR,31.35,Month-to-month,1,0.6935746015229958
9359-UGBTK,72.35,One year,0,0.059246735062973135
0135-NMXAP,89.75,Month-to-month,1,0.8025625291868519
4782-OSFXZ,82.7,Two year,0,0.036999156635276344
6479-OAUSD,19.9,One year,0,0.09666597756997802
7129-ACFOG,53.8,Month-to-month,0,0.6760538967071992
4189-NAKJS,51.55,One year,0,0.3178872561710829
5562-BETPV,19.65,One year,0,0.20141675142231766
1282-IHQAC,44.05,One year,0,0.1254430721737894
9127-FHJBZ,114.0,Two year,0,0.15297513807985416
6270-OMFIW,94.4,One year,1,0.4656257884845746
1641-RQDAY,100.4,Month-to-month,0,0.8169385546776291
0107-WESLM,19.85,Month-to-month,1,0.5606724398834897
6994-ORCWG,54.25,One year,0,0.39957848763111914
1346-UFHAX,80.0,Month-to-month,0,0.7038334025960725
3992-YWPKO,109.9,Month-to-month,1,0.8076296098992249
2933-XEUJM,79.2,Two year,0,0.09942086483534963
0125-LZQXK,101.35,Month-to-month,1,0.8223596223177754
5461-QKNTN,94.3,Month-to-month,0,0.6953655804908302
4835-YSJMR,49.8,Two year,0,0.07644916454304418
8399-YNDCH,60.05,Month-to-month,1,0.5763543372400366
3164-YAXFY,53.75,Month-to-month,0,0.41775466021378344
0887-WBJVH,93.45,One year,0,0.4577403661469792
4660-IRIBM,87.9,Month-to-month,0,0.6427648840939321
5673-FSSMF,60.15,Month-to-month,1,0.8196020231770116
7670-ZBPOQ,61.05,One year,0,0.0707758660201527
8089-UZWLX,104.05,Two year,0,0.20136485571844343
0080-OROZO,99.25,One year,0,0.5746820943602428
3916-NRPAP,85.7,Month-to-month,0,0.7747437868140767
6807-SIWJI,104.85,One year,0,0.5754539452105404
8221-HVAYI,69.15,Two year,0,0.0572710940752369
1579-KLYDT,90.45,Month-to-month,1,0.8880535098060346
5232-NXPAY,74.45,Two year,0,0.08028929793513814
8967-SZQAS,50.45,Month-to-month,0,0.5181266602310827
4468-KAZHE,60.0,Month-to-month,0,0.6587408306020439
0455-ENTCR,85.25,Two year,0,0.05607380399515011
8944-AILEF,19.45,Month-to-month,0,0.3291388842318325
5542-NKVRU,20.75,Two year,0,0.03283779457994772
7126-RBHSD,78.9,Month-to-month,0,0.701846351596587
5370-IIVVL,104.5,One year,0,0.5007413341987038
6789-HJBWG,49.4,Month-to-month,0,0.6207117987039679
3927-NLNRY,94.25,One year,1,0.4099233106135845
9087-EYCPR,25.0,Two year,0,0.01612181964413319
6791-YBNAK,25.55,Month-to-month,0,0.4829310626968167
6358-LYNGM,74.9,Month-to-month,1,0.8894491312079074
6077-BDPXA,70.15,Month-to-month,0,0.8512946131483492
0013-MHZWF,69.4,Month-to-month,0,0.564742511521059
5494-HECPR,80.25,Month-to-month,1,0.8837667693014744
8268-YDIXR,93.15,One year,0,0.3076598591529885
9824-BEMCV,69.0,Month-to-month,1,0.7579373731981978
1373-ORVIZ,66.35,Month-to-month,1,0.6450157496680373
4291-SHSBH,69.55,Month-to-month,0,0.8419804909984279
6980-IMXXE,20.2,Two year,0,0.006370785157626533
9866-QEVEE,86.0,Month-to-month,1,0.7978759696846087
9897-KXHCM,80.3,Month-to-month,1,0.8563950597883715
0040-HALCW,20.4,Two year,0,0.012175233222144049
0784-GTUUK,23.75,One year,0,0.04153046100956248
7979-CORPM,90.55,Month-to-month,1,0.7529183931224502
2294-DMMUS,70.45,Month-to-month,0,0.3027601395820175
0872-JCPIB,65.75,Month-to-month,0,0.4620844839875692
3055-MJDSB,24.6,Month-to-month,0,0.7135923972128627
9091-WTUUY,69.25,Two year,0,0.020326693308213545
1618-CFHME,75.9,Month-to-month,1,0.8806313352038927
3165-HDOEW,45.85,Month-to-month,1,0.6198643820463191
6581-NQCBA,49.95,Month-to-month,1,0.759281930411197
7115-IRDHS,24.65,Two year,0,0.00970758823487611
8496-DMZUK,90.4,One year,0,0.3090809206103565
2040-VZIKE,100.85,Month-to-month,0,0.6235599700810904
9068-VPWQQ,75.35,Two year,0,0.03678878653482439
0178-SZBHO,87.2,Month-to-month,0,0.5840085795661489
0384-RVBPI,64.4,Month-to-month,0,0.38083971423289864
1689-MRZQR,78.3,Month-to-month,1,0.6329109680882692
1299-AURJA,24.7,Two year,0,0.008216802502917717
4525-VZCZG,105.85,One year,0,0.2936122956926124
1543-LLLFT,98.3,One year,0,0.33743253978695126
5835-BEQEU,76.95,Month-to-month,1,0.8784986989312965
2788-CJQAQ,19.45,One year,0,0.15905265068574953
5565-FILXA,96.15,Month-to-month,1,0.9042362271931771
0319-QZTCO,58.7,Month-to-month,0,0.6075481502819821
2120-SMPEX,20.15,Month-to-month,0,0.24693569376916735
0096-FCPUF,64.5,Month-to-month,0,0.4558974154140394
0668-OGMHD,28.5,Month-to-month,0,0.5115946460912606
5552-ZNFSJ,45.3,Month-to-month,1,0.673689134463508
2223-KAGMX,19.4,Month-to-month,1,0.24856842672148768
6507-ZJSUR,90.45,Month-to-month,0,0.8670010171453887
9408-HRXRK,105.15,Month-to-month,0,0.6537261710234662
5593-SUAOO,83.15,One year,0,0.3876458459396875
7321-PKUYW,90.15,Month-to-month,1,0.7856183051369175
2833-SLKDQ,45.05,Month-to-month,1,0.5944376583930406
6766-HFKLA,103.2,Two year,0,0.19973456328104694
7595-EUIVN,75.8,Month-to-month,1,0.7855275227815031
7617-EYGLW,19.45,Month-to-month,0,0.47927896881079757
2026-TGDHM,79.3,Month-to-month,1,0.8688530677800264
9220-ZNKJI,88.8,Two year,0,0.1326121722500236
4030-VPZBD,30.9,Month-to-month,1,0.7577270369976395
2226-ICFDO,85.9,Two year,0,0.03881204921461223
0723-VSOBE,34.2,One year,0,0.3084471425797715
5529-GIBVH,20.15,Two year,0,0.02098568972783719
4187-CINZD,95.25,One year,1,0.4035683062944063
9992-UJOEL,50.3,Month-to-month,0,0.6252088560314754
4741-WWJQZ,80.15,Month-to-month,0,0.736487374439798
6625-UTXEW,51.25,Month-to-month,0,0.6152940017527293
6818-WOBHJ,89.6,Month-to-month,1,0.5157281283043824
6244-BESBM,95.2,Two year,0,0.13097161055407258
1004-NOZNR,94.8,One year,0,0.24448969300010645
1251-STYSZ,80.25,Month-to-month,0,0.842949135228649
2612-PHGOX,76.1,Two year,0,0.05570253126296045
2408-TZMJL,110.15,One year,1,0.4566163830818205
8480-PPONV,115.55,Two year,0,0.09860444204629007
8780-IHCRN,24.65,Two year,0,0.011420443497868074
4598-ZADCK,53.6,One year,0,0.14975537176360437
1257-SXUXQ,19.45,Month-to-month,0,0.3070944938186693
9681-KYGYB,88.2,Month-to-month,0,0.5695914995269694
7182-OVLBJ,101.15,Two year,0,0.18825021964554192
5095-ETBRJ,56.8,Two year,0,0.02154930554049395
7005-CYUIL,99.4,Two year,0,0.11976346814486633
4821-WQOYN,20.1,Two year,0,0.0076131643170015
4730-AWNAU,60.7,One year,0,0.1626253394073427
3452-FLHYD,20.95,One year,0,0.1294711453975456
2388-LAESQ,114.85,Two year,0,0.15005406118718875
9531-NSBMR,19.25,One year,0,0.08400965157533238
6260-ONULR,62.8,Month-to-month,0,0.7744036255477617
4389-UEFCZ,105.5,Two year,0,0.24220206404180433
8711-LOBKY,19.85,Two year,0,0.010547870035716223
9134-CEQMF,89.5,Month-to-month,1,0.9119871395174916
8985-OOPOS,74.1,One year,0,0.4132155789181752
8800-ZKRFW,107.5,Month-to-month,0,0.7505477209561168
2616-FLVQC,19.55,Two year,0,0.01051979785218723
9968-FFVVH,68.8,One year,0,0.04071357898750339
3108-PCCGG,84.45,Two year,0,0.049730136223085836
7993-PYKOF,75.0,Month-to-month,1,0.7103353057722365
8390-FESFV,84.5,Two year,0,0.059151276832670886
3022-BEXHZ,111.2,Two year,0,0.16512699955137267
5027-XWQHA,44.75,Month-to-month,1,0.6347332748702177
6248-TKCQV,80.6,Two year,0,0.039367912109710766
6729-GDNGC,80.7,Month-to-month,0,0.7054148290390716
6198-ZFIOJ,75.6,Month-to-month,0,0.8298085732620849
5989-OMNJE,57.6,One year,0,0.3471660896927369
4566-QVRRW,44.05,Month-to-month,1,0.6688667876518584
1291-CUOCY,110.6,Two year,0,0.1793022959842569
9795-SHUHB,58.2,Two year,0,0.015377943444125712
3230-IUALN,81.0,Two year,0,0.06434773495466287
0042-RLHYP,19.7,Two year,0,0.006421440587897517
8519-IMDHU,85.6,Month-to-month,1,0.845435357233473
4945-RVMTE,59.55,Month-to-month,0,0.473951120375571
0201-OAMXR,115.55,One year,1,0.18412381383100543
1866-NXPSP,75.55,One year,0,0.13229057876710643
3372-KWFBM,86.6,Month-to-month,1,0.8778057370185292
7831-QGOXH,85.2,Month-to-month,1,0.8560568635114967
6393-WRYZE,97.65,Month-to-month,1,0.8309573108025387
3941-XTSKM,45.1,One year,0,0.23052421555484304
1661-CZBAU,70.95,One year,0,0.1393278007413856
6599-RCLCJ,109.55,Month-to-month,1,0.7151534109568328
9831-BPFRI,89.55,One year,1,0.3764146971392642
5158-RIVOP,20.9,Two year,0,0.06705159463923178
9788-YTFGE,19.95,Month-to-month,0,0.41148933885579325
9277-JOOMO,24.6,Month-to-month,0,0.42297690695465506
1907-YLNYW,66.7,Month-to-month,0,0.6423534896002684
1725-MIMXW,19.45,Month-to-month,1,0.4194183569524075
8947-YRTDV,94.8,One year,0,0.2750484481426689
3161-ONRWK,65.85,One year,0,0.03860354292265403
0114-RSRRW,19.95,Month-to-month,0,0.3649519788957754
4565-NLZBV,24.65,Two year,0,0.013817250014134894
0031-PVLZI,20.35,Month-to-month,1,0.30538078061547075
7206-GZCDC,69.25,Month-to-month,1,0.8790979657778113
6682-VCIXC,51.25,One year,0,0.11437623590969381
4791-QRGMF,99.5,One year,1,0.48236768181856327
6475-VHUIZ,54.25,Month-to-month,0,0.39063235260382007
3910-MRQOY,19.4,Two year,0,0.007222081360256431
0661-WCQNQ,56.25,One year,0,0.17216857331333368
7537-RBWEA,25.15,Month-to-month,0,0.7693389483936078
4656-CAURT,23.95,Two year,0,0.01119398169383968
0121-SNYRK,35.4,One year,0,0.10041584504362389
1768-ZAIFU,25.2,Month-to-month,1,0.8460334506253251
4671-LXRDQ,45.0,Month-to-month,1,0.6645313379693862
3733-LSYCE,75.35,Month-to-month,0,0.621022332975191
6265-FRMTQ,20.4,Two year,0,0.03849183030105158
1934-SJVJK,20.15,Month-to-month,1,0.3901552014603747
3838-OZURD,105.0,Month-to-month,1,0.5990922286654018
1371-DWPAZ,56.05,Two year,0,0.2124535926747918
9269-CQOOL,54.7,Month-to-month,1,0.6439722934581236
2017-CCBLH,20.0,Two year,0,0.09785208743995752
7690-KPNCU,73.05,One year,0,0.09977391213950015
0536-BGFMZ,20.5,Month-to-month,0,0.16720501860323958
2293-IJWPS,100.75,One year,0,0.4912515789326891
2845-HSJCY,87.25,Month-to-month,1,0.8507124208258134
5469-NUJUR,19.95,Two year,0,0.09000912765916526
1184-PJVDB,79.95,Month-to-month,1,0.8618090909555259
2625-TRCZQ,49.65,Month-to-month,0,0.5221146564502175
4102-HLENU,65.65,Two year,0,0.024985166350220283
7266-GSSJX,20.45,Month-to-month,0,0.4022834394962268
7722-VJRQD,60.95,Two year,0,0.02803485297163568
7073-QETQY,20.35,One year,0,0.031044408144033496
9415-DPEWS,88.35,Month-to-month,1,0.8154546069984885
5624-RYAMH,19.5,Month-to-month,0,0.47058993858174886
0196-JTUQI,75.2,Month-to-month,0,0.8005717624074318
7130-YXBRO,111.45,Month-to-month,0,0.5991016898433971
9272-LSVYH,70.15,Month-to-month,0,0.7070688613858298
7943-RQCHR,94.75,Month-to-month,1,0.9101930450609447
3793-MMFUH,95.05,Month-to-month,1,0.9136646659135087
3249-ZPQRG,78.45,Month-to-month,1,0.8222491511788574
2568-BRGYX,70.2,Month-to-month,1,0.8505051013292381
3084-DOWLE,92.0,Two year,0,0.03145484704263747
1084-MNSMJ,85.5,Two year,0,0.035123604446531356
7721-JXEAW,41.05,Month-to-month,1,0.28510912545564066
7249-WBIYX,85.6,Month-to-month,1,0.8850894544676471
4238-HFHSN,82.15,Month-to-month,0,0.565745333464015
6250-CGGUN,84.4,One year,0,0.1715280745506918
5478-JJVZK,60.9,Month-to-month,0,0.3191928537946816
7596-IIWYC,20.25,Two year,0,0.06061983182251678
6567-HOOPW,79.2,Month-to-month,1,0.9006245511281542
9793-WECQC,95.3,Month-to-month,0,0.7057458300716364
4291-HPAXL,19.85,Month-to-month,0,0.33854245550636364
8999-YPYBV,84.35,Two year,0,0.06269052156030074
1839-FBNFR,19.85,Two year,0,0.03128554547568424
3164-AALRN,70.0,One year,1,0.5691816313243698
3071-MVJCD,82.3,Two year,0,0.017770332002488304
1697-BCSHV,66.8,Month-to-month,0,0.23970891000267897
0562-KBDVM,44.6,Two year,0,0.020990004228455324
1131-SUEKT,98.45,One year,0,0.2615269233511057
3717-OEAUQ,70.7,Month-to-month,0,0.75278239617285
4538-WNTMJ,24.95,One year,0,0.046207950966071755
3334-CTHOL,49.95,Month-to-month,1,0.7051523608081074
4704-ERYFC,69.25,Month-to-month,1,0.7659928089896848
9432-RUVSL,102.5,Two year,0,0.17933332290884982
8060-HIWJJ,86.55,Two year,0,0.058200199013647765
7684-XSZIY,24.3,Two year,0,0.007739552116112969
9089-UOWJG,58.35,Month-to-month,0,0.5652644119004443
8621-MNIHH,94.25,Month-to-month,1,0.8010937526005578
8039-ACLPL,68.75,Two year,0,0.017808755281111813
9885-AIBVB,85.8,Month-to-month,0,0.743571225502621
1934-MKPXS,20.1,One year,0,0.057420039967725274
2592-YKDIF,20.35,Month-to-month,0,0.38148744567335613
2272-JKMSI,110.8,One year,0,0.3920391452262563
0471-LVHGK,73.0,One year,1,0.4522365940586564
9518-RWHZL,100.05,One year,1,0.4240764411520772
8714-CTZJW,82.85,Month-to-month,0,0.8277371298585001
3569-EDBPQ,84.35,Month-to-month,0,0.6467768568924614
3131-NWVFJ,19.55,One year,0,0.12431234617435255
7521-YXVZY,19.95,Month-to-month,0,0.3193708771173672
5419-CONWX,99.8,Month-to-month,1,0.8527543914768922
6240-EURKS,35.0,Month-to-month,1,0.7094324721635822
2373-NTKOD,66.25,Month-to-month,0,0.7824760845017078
1970-KKFWL,23.3,Two year,0,0.042514216169162816
6960-HVYXR,76.0,Month-to-month,1,0.844589396076202
9337-SRRNI,25.3,Two year,0,0.013699878232972435
0895-UADGO,44.55,Two year,0,0.2274676553825329
5678-VFNEQ,104.1,One year,0,0.31524012897351655
5977-CKHON,92.55,Month-to-month,0,0.6117784523602122
7024-OHCCK,93.85,Month-to-month,1,0.9348343052830352
2692-BUCFV,101.45,Month-to-month,0,0.7531071899348754
7861-UVUFT,84.3,Month-to-month,1,0.8356722880340723
1830-GGFNM,94.55,Two year,0,0.04670803851197051
5302-BDJNT,95.5,Month-to-month,0,0.6608587212454439
5223-UZAVK,100.3,One year,0,0.27227172439801595
4859-ZSRDZ,55.5,Two year,0,0.07967568638386287
5651-WYIPH,49.85,Month-to-month,0,0.5019191382119007
9350-VLHMB,89.55,Month-to-month,0,0.4529762101480774
3498-LZGQZ,19.15,Two year,0,0.012403759598641578
8785-CJSHH,99.8,Month-to-month,0,0.7035781781938985
5357-TZHPP,84.4,Month-to-month,1,0.8648991521877334
3870-SPZSI,113.05,Two year,0,0.11125420692691708
0680-DFNNY,101.1,Month-to-month,1,0.8944755992910293
7560-QRBXH,19.95,One year,0,0.0316559357288413
7077-XJMET,74.15,Month-to-month,0,0.6891608038014183
8752-GHJFU,92.0,One year,0,0.214927685639516
6896-SRVYQ,73.85,Month-to-month,0,0.5702716183830078
7767-UXAGJ,50.45,Month-to-month,1,0.7846671733854886
4652-ODEVH,24.45,Two year,0,0.02484125859939197
6510-UPNKS,24.8,One year,0,0.12834033744227194
6718-BDGHG,64.85,One year,0,0.20931306538261485
9046-DQMTP,20.75,Month-to-month,0,0.12598010100931634
6439-LAJXL,68.95,Month-to-month,0,0.44412850617131827
1571-SAVHK,99.95,Month-to-month,1,0.824999719785645
9052-VKDUW,109.4,Month-to-month,0,0.5437684181648372
9546-CQJSU,91.4,Month-to-month,1,0.8971658584546897
1666-JZPZT,49.0,Month-to-month,0,0.42441884925646073
5777-KJIRB,50.25,One year,0,0.1834501675965948
0506-LVNGN,75.55,Month-to-month,1,0.798539663500196
7677-SJJJK,19.9,One year,0,0.15019625419176413
2480-EJWYP,97.8,One year,0,0.4785446330157161
3253-HKOKL,100.3,One year,0,0.3162924538954193
7055-HNEOJ,55.8,Month-to-month,0,0.5609325179963472
5514-YQENT,111.15,Two year,0,0.2106077168197083
3211-AAPKX,98.55,Month-to-month,0,0.8018823524405874
8445-DNBAE,50.05,Month-to-month,0,0.7450083862960815
2951-QOQTK,80.8,Month-to-month,1,0.6582763498392205
2958-NHPPS,20.85,Month-to-month,0,0.26140223194833967
6806-YDEUL,19.5,Month-to-month,0,0.3595155305146837
1735-XMJVH,19.35,Month-to-month,0,0.35414841399769986
6890-PFRQX,69.5,Month-to-month,0,0.4562802009365427
0222-CNVPT,48.8,Month-to-month,0,0.39278095659500245
5899-OUVKV,94.5,Month-to-month,0,0.797267094277146
8681-ICONS,20.65,Month-to-month,0,0.18269973759339783
1621-YNCJH,106.05,Two year,0,0.19860552082935293
3473-XIIIT,100.0,Month-to-month,1,0.8780604101674762
6362-QHAFM,108.3,One year,0,0.5962394501802972
7893-IXHRQ,20.55,Month-to-month,1,0.4731701658066533
3070-BDOQC,99.65,Two year,0,0.29104096990298844
2952-QAYZF,85.3,Month-to-month,1,0.8520116807997322
6234-PFPXL,95.9,Month-to-month,0,0.5632413127400622
9824-QCJPK,20.0,One year,0,0.06650093978343251
4763-PGDPO,70.4,Month-to-month,1,0.798209772163087
4283-IVYCI,64.95,Month-to-month,0,0.39663629131358785
1866-OBPNR,74.6,Month-to-month,0,0.6778345540168446
8205-MQUGY,49.2,Month-to-month,0,0.5120686976773704
8970-ANWXO,73.75,One year,0,0.41586674464445944
9480-BQJEI,92.3,One year,0,0.27199020686049624
5394-SVGJV,98.8,Month-to-month,1,0.62644884523486
6979-TNDEU,19.2,Month-to-month,0,0.3201306281902397
9777-WJJPR,88.65,Month-to-month,0,0.6713920965489124
9283-LZQOH,74.4,Month-to-month,1,0.7498865902346522
7079-QRCBC,98.75,Month-to-month,1,0.8710231957081775
9495-SKLKD,95.95,Month-to-month,0,0.5872330387013633
6048-UWKAL,105.4,Two year,0,0.14874562025463695
5067-DGXLL,20.25,Month-to-month,0,0.37948106981263674
5469-CTCWN,106.0,One year,1,0.39025022066440374
9851-QXEEQ,104.7,Month-to-month,1,0.7976141480260699
6281-FKEWS,49.05,One year,0,0.4336145334187687
8898-KASCD,35.55,One year,0,0.14974166101816708
9242-TKFSV,65.1,Two year,0,0.03507410424852041
9290-SHCMB,96.85,Month-to-month,0,0.8833140885500642
0743-HNPFG,69.75,One year,0,0.06972803564066687
2277-BKJKN,99.2,Two year,0,0.27790181994469865
9809-IMGCQ,96.7,Month-to-month,1,0.8910969510514057
5208-HFSBT,55.05,Month-to-month,1,0.5192866433875296
5035-PGZXH,106.8,One year,0,0.5478787734346017
8695-WDYEA,51.25,Month-to-month,0,0.48278355000580475
6543-JXSOO,57.75,One year,0,0.12870717080444916
8016-ZMGMO,70.85,One year,0,0.14916401714147248
8605-ITULD,19.55,Month-to-month,0,0.3856989470572834
3254-YRILK,88.2,Month-to-month,1,0.8638424899833642
6416-YJTTB,79.5,Month-to-month,0,0.661861908288899
2667-WYLWJ,19.75,One year,1,0.20194307322285104
4472-VESGY,98.15,Month-to-month,0,0.35646316770868225
3195-TQDZX,20.25,Month-to-month,0,0.5376622416800237
3128-YOVTD,79.15,Month-to-month,0,0.29662668147340804
0529-ONKER,75.65,Month-to-month,1,0.8113483117047369
1728-CXQBE,94.25,Month-to-month,0,0.6525109955692517
7041-TXQJH,40.2,Month-to-month,0,0.4949521551477184
5014-GSOUQ,19.95,Two year,0,0.08329514002551362
5724-BIDBU,55.35,One year,0,0.17814358931208965
0481-SUMCB,102.15,One year,0,0.5903664161475032
1769-GRUIK,71.1,Month-to-month,0,0.7768518745665306
5240-IJOQT,74.7,Month-to-month,1,0.9039400648172844
8819-WFGGJ,54.1,Two year,0,0.0721816246440059
7427-AUFPY,19.65,Two year,0,0.014994845438773658
2811-POVEX,88.45,Month-to-month,0,0.6964311876362627
1092-GANHU,76.65,Month-to-month,1,0.7822039622081473
7898-PDWQE,80.4,Two year,0,0.024443891873059426
9972-EWRJS,19.25,Two year,0,0.009871208617621806
9314-IJWSQ,84.8,Month-to-month,0,0.844650667268215
0661-XEYAN,25.8,Month-to-month,1,0.7928714875547525
5799-JRCZO,19.5,Two year,0,0.008022997825279167
1921-KYSAY,68.6,One year,0,0.2983972686456463
6198-RTPMF,92.6,Month-to-month,0,0.8605353476917317
2924-KHUVI,100.55,One year,0,0.49384435649368047
1925-GMVBW,20.55,Month-to-month,0,0.32938556161224014
7881-EVUAD,42.6,Month-to-month,1,0.7733981164836435
6184-DYUOB,19.6,Month-to-month,0,0.450788829678865
9207-ZPANB,67.45,One year,0,0.13339455257478616
5766-XQXMQ,68.85,Month-to-month,1,0.3473548485765443
9327-QSDED,43.55,Month-to-month,0,0.5379690212655769
1656-DRSMG,109.85,Month-to-month,0,0.5274545641231759
3012-VFFMN,20.65,Month-to-month,0,0.2788224394122203
2984-AFWNC,95.4,Month-to-month,0,0.8482143301011847
0640-YJTPY,21.0,Two year,0,0.005722746028600582
8096-LOIST,56.2,Month-to-month,0,0.6538943726599518
9764-REAFF,18.4,Two year,0,0.012249202421726035
3703-VAVCL,90.0,Month-to-month,1,0.6716950078818998
7107-UBYKY,25.75,Month-to-month,0,0.23501004391773472
4881-GQJTW,19.6,Month-to-month,0,0.26273500667743493
8519-QJGJD,75.35,Month-to-month,1,0.7348128027680839
7876-DNYAP,19.8,Two year,0,0.0064488474460623665
7905-NJMXS,64.2,Month-to-month,0,0.5050465757534784
2882-WDTBA,75.75,Two year,0,0.02132961114563289
2091-GPPIQ,78.95,Two year,0,0.07358778656304495
6326-MTTXK,100.85,Month-to-month,1,0.8647197446700898
5071-FBJFS,50.3,Month-to-month,0,0.48817214074985554
2796-UUZZO,80.3,Month-to-month,0,0.298284101431349
2429-AYKKO,19.85,Two year,0,0.007154703772866642
9798-OPFEM,21.1,Two year,0,0.040835803263622475
0330-IVZHA,69.95,Month-to-month,1,0.7970047438377653
3794-NFNCH,50.0,Month-to-month,0,0.41168566938506973
5193-QLVZB,104.75,Two year,0,0.2609004302737085
7114-AEOZE,19.85,Two year,0,0.011286292196644069
2886-KEFUM,107.5,One year,1,0.517421419724735
5522-NYKPB,85.9,Month-to-month,0,0.6155962711101595
4237-RLAQD,45.85,Month-to-month,1,0.6682451160358981
9957-YODKZ,80.8,Month-to-month,0,0.884406280800295
6518-KZXCB,25.25,Two year,0,0.07445825443865987
2245-ADZFJ,80.55,Two year,0,0.11085456953726956
7776-QGYJC,81.5,Month-to-month,0,0.40984497539545006
9313-QOLTZ,20.9,Month-to-month,0,0.17980879377461204
9651-GTSAQ,106.1,One year,1,0.3262610637160858
3186-BAXNB,91.7,Month-to-month,1,0.7580433125800246
4672-FOTSD,67.25,Month-to-month,0,0.48980834612545515
0637-YLETY,95.6,Month-to-month,1,0.7822748078487252
9818-XQCUV,20.35,Month-to-month,0,0.3718325363585001
7338-ERIVA,45.05,One year,0,0.1123168069229421
1157-BQCUW,74.95,Month-to-month,1,0.8893396212682458
8259-NFJTV,34.65,Month-to-month,0,0.41460441641684054
3223-DWFIO,69.35,Month-to-month,0,0.8290720184309042
2660-EMUBI,95.35,Month-to-month,1,0.919996907815346
6968-GMKPR,81.55,Month-to-month,0,0.4969130243738033
4751-ERMAN,75.4,Two year,0,0.051554901720837994
1436-ZMJAN,67.8,Month-to-month,0,0.6949060843497864
3292-PBZEJ,111.4,Month-to-month,0,0.8655531439828992
0799-DDIHE,46.3,Month-to-month,0,0.48352155738249336
3070-FNFZQ,20.4,Two year,0,0.04236580598188272
2812-SFXMJ,20.05,Month-to-month,0,0.3375460313527665
7675-OZCZG,45.0,Month-to-month,1,0.684841167414634
5014-WUQMG,96.1,One year,0,0.32131189541188243
5312-TSZVC,19.65,One year,0,0.11668129518293294
2003-CKLOR,99.5,Month-to-month,1,0.5344912426331546
0993-OSGPT,60.65,One year,0,0.05756266939331605
9254-RBFON,98.6,One year,1,0.45586751752465066
1205-WNWPJ,59.5,Month-to-month,1,0.5885935002080848
9391-EOYLI,80.45,Month-to-month,1,0.8726874688471277
7108-DGVUU,71.7,One year,0,0.3412189233703139
2782-JEEBU,36.0,Month-to-month,0,0.48189115864823007
5127-BZENZ,65.2,One year,0,0.07956055154046189
2720-FVBQP,48.95,Month-to-month,0,0.6215621216778717
9906-NHHVC,53.5,Two year,0,0.10950170432917715
4522-XRWWI,80.45,One year,0,0.15626689997125973
3766-EJLFL,109.05,Two year,0,0.12825110046545898
5939-SXWHM,26.3,Two year,0,0.020431567656640944
8152-UOBNY,106.8,One year,0,0.5490608778581517
7351-KYHQH,64.95,Month-to-month,0,0.7326206412299164
7643-RCHXS,19.35,Two year,0,0.012327888123309698
8246-SHFGA,21.1,Month-to-month,0,0.23384163549035047
8387-MOJJT,77.95,Month-to-month,1,0.5631269075454728
0620-XEFWH,18.85,Month-to-month,0,0.31987581787666247
6485-QXWWE,26.0,Two year,0,0.011201055339012342
2761-OCIAX,74.7,Month-to-month,1,0.8599938626052354
7321-VGNKU,70.35,Month-to-month,0,0.8569017764824891
5327-CNLUQ,96.9,Two year,0,0.2040004092949738
7552-KEYGT,19.55,Two year,0,0.04681526432487165
5816-JMLGY,80.4,Two year,0,0.040745946540513805
3068-OMWZA,88.8,Month-to-month,1,0.919343313879599
2927-QRRQV,94.65,One year,0,0.5443808213719769
6032-KRXXO,90.25,Month-to-month,1,0.8200467535861653
7459-RRWQZ,64.65,Month-to-month,1,0.5608904600842133
6265-SXWBU,95.75,One year,0,0.19416793281882355
7941-RCJOW,19.55,Two year,0,0.01322026410494615
6374-NTQLP,104.1,Two year,0,0.10269838608693671
4154-AQUGT,89.05,Month-to-month,1,0.7378319966039854
2387-KDZQY,20.1,One year,0,0.17837035895822465
3584-WKTTW,111.55,One year,0,0.4556318123134785
3399-BMLVW,60.5,Two year,0,0.018650066886777387
1971-DTCZB,90.95,Two year,0,0.044399145035386244
3092-IGHWF,87.4,One year,1,0.2132162822628709
3374-PZLXD,19.7,Month-to-month,0,0.13842470963065767
3813-DHBBB,50.95,Two year,0,0.03575434629279928
2812-REYAT,20.05,One year,0,0.05021451925807912
6518-PPLMZ,19.4,Two year,0,0.019194331900164736
4939-KYYPY,59.45,Month-to-month,0,0.4243028970219499
8017-LXHFA,94.75,Month-to-month,1,0.8470959648529178
5930-GBIWP,81.5,Two year,0,0.03430336940669645
6022-KOUQO,29.05,Month-to-month,0,0.5576737365894331
6352-TWCAU,86.45,Month-to-month,1,0.7813617872328463
2361-UPSND,70.6,One year,0,0.07590232770663603
6035-RIIOM,97.2,Two year,0,0.30099016811130436
2929-QNSRW,98.25,One year,1,0.5633555302832913
1262-OPMFY,75.75,Month-to-month,1,0.7538198482405286
9504-DSHWM,59.2,Month-to-month,0,0.3015928821583041
5035-BVCXS,75.9,Month-to-month,0,0.7343055834692384
6267-DCFFZ,90.05,Month-to-month,0,0.8114799961940992
3533-UVMOM,70.95,Two year,0,0.025554362771511636
2439-LYPMQ,102.6,Month-to-month,0,0.8400182398811866
4248-QPAVC,85.35,Month-to-month,1,0.7081698339217964
1899-VXWXM,106.1,One year,1,0.5090079717252978
1478-VPOAD,43.8,Month-to-month,0,0.6739682380962501
9995-HOTOH,59.0,Two year,0,0.06490727376300931
2988-PLAHS,69.95,One year,0,0.6596931394049985
1371-OJCEK,24.35,One year,0,0.049558437239071634
4999-IEZLT,29.45,One year,0,0.05586319330776123
8883-ANODQ,84.4,Two year,0,0.10575559258687664
4690-LLKUA,45.05,Month-to-month,1,0.6520589107904202
2351-RRBUE,20.65,One year,0,0.15628656414225528
5980-BDHPY,87.1,Two year,0,0.04742946317464401
1498-DQNRX,19.85,Month-to-month,0,0.16312156744840645
9469-WEJBT,90.35,Month-to-month,0,0.6736037291790556
3331-HQDTW,109.8,Month-to-month,1,0.6748208852996751
9490-DFPMD,84.65,Month-to-month,1,0.7770232326857955
2581-VKIRT,65.5,One year,0,0.03842769203307122
5442-XSDCW,79.5,Month-to-month,1,0.7625327353505207
7426-WEIJX,80.95,Month-to-month,0,0.4594019344203436
2851-MMUTZ,56.15,Month-to-month,0,0.315594257402664
3049-NDXFL,85.8,Month-to-month,1,0.8313346445220117
8580-AECUZ,79.1,Month-to-month,1,0.9036571283051945
3307-TLCUD,34.4,Month-to-month,0,0.45988163675589444
6625-FLENO,20.75,Two year,0,0.01357554090185756
2967-MXRAV,18.8,One year,0,0.2044779721575766
7963-GQRMY,44.3,Month-to-month,1,0.5204221496870628
8189-HBVRW,90.8,Month-to-month,0,0.41481283729536367
4163-KIUHY,25.6,Month-to-month,0,0.2830111085443629
1228-FZFRV,105.95,Month-to-month,1,0.48073873348172735
3500-NSDOA,70.8,Two year,0,0.02953475801321038
1171-TYKUR,25.4,Month-to-month,0,0.14823620643326876
3761-FLYZI,108.8,Month-to-month,0,0.6163087238482255
2058-DCJBE,69.75,Month-to-month,1,0.8481736311191634
5364-XYIRR,94.65,Month-to-month,1,0.7751652722302286
4829-AUOAX,96.05,Month-to-month,1,0.6377354887754422
1219-NNDDO,76.85,Month-to-month,0,0.8533154068220368
8388-DMKAE,20.25,Two year,0,0.09796104564287576
4403-BWPAY,24.8,One year,0,0.23288894824338285
9659-QEQSY,115.65,Month-to-month,0,0.625370432853304
5405-ZMYXQ,74.6,Month-to-month,0,0.8072189445154515
5047-LHVLY,50.15,Month-to-month,1,0.6435289767166419
1442-OKRJE,103.15,One year,0,0.23203452892798931
4737-AQCPU,72.1,Two year,0,0.012222389889436603
9158-VCTQB,113.6,Month-to-month,1,0.5626869102791229
2808-CHTDM,25.1,Two year,0,0.05747783211280104
6311-UEUME,78.9,Month-to-month,1,0.775609934654318
0793-TWELN,80.15,Month-to-month,0,0.8225500635172852
3283-WCWXT,25.4,Two year,0,0.11108350194062382
1060-ENTOF,105.4,One year,0,0.2169738363087828
0999-QXNSA,45.75,Month-to-month,0,0.6008423325075908
5451-MHQOF,24.45,One year,0,0.04495613596847092
4836-WNFNO,25.0,Two year,0,0.009653287250484213
9225-BZLNZ,85.25,Two year,0,0.08748709945902422
0354-VXMJC,19.6,Two year,0,0.043915034905424886
4422-QVIJA,50.15,Month-to-month,0,0.2916565926642628
9365-SRSZE,70.55,Month-to-month,0,0.7667939471783607
6839-ITVZJ,60.05,Month-to-month,1,0.4268197827668324
8332-OSJDW,26.4,One year,0,0.16381722778893312
4735-BJKOU,20.15,Two year,0,0.02742032580987382
0274-JKUJR,58.85,Month-to-month,0,0.5878422831573729
5740-YHGTW,97.55,Month-to-month,0,0.31264189610948534
8917-SZTTJ,19.65,Two year,0,0.009543800372331938
1696-MZVAU,25.25,One year,0,0.20929004697338247
7359-WWYJV,114.45,Two year,0,0.10239120136239417
0375-HVGXO,34.7,Month-to-month,1,0.8559311780261895
4906-ZHGPK,70.7,One year,0,0.16237518916903004
8593-WHYHV,85.3,Month-to-month,1,0.9060955508759284
3795-GWTRD,75.55,Two year,0,0.017048695424555737
1298-PHBTI,84.8,Two year,0,0.11180923187333364
6223-DHJGV,20.65,One year,0,0.06987347329501577
6961-MJKBO,20.45,Two year,0,0.02002203620318848
6097-EQISJ,102.45,One year,1,0.345017764983911
4423-YLHDV,104.4,Month-to-month,1,0.7657102284894823
8158-WPEZG,35.65,Month-to-month,0,0.6621513721879497
0107-YHINA,99.75,Month-to-month,1,0.9068955920967238
4918-FYJNT,90.45,Month-to-month,0,0.4592757967864095
0727-BNRLG,97.65,Two year,0,0.13811642673697028
4854-CIDCF,73.85,Month-to-month,0,0.8238106031628628
8640-SDGKB,74.4,Month-to-month,1,0.7409382303690565
3280-MRDOF,69.1,Two year,0,0.18541754334880772
6435-SRWBJ,82.75,Month-to-month,0,0.8295298897913574
9964-WBQDJ,24.4,Two year,0,0.013913101651405002
6303-KFWSL,55.25,One year,0,0.3542523287503671
1702-CCFNJ,61.35,Month-to-month,0,0.15714515558506081
8932-CZHRQ,76.75,One year,0,0.06746552263551135
0386-CWRGM,19.4,Two year,0,0.01786150676810066
5515-RUGKN,54.75,Month-to-month,0,0.6620435538868538
0404-AHASP,19.7,Two year,0,0.007280832438195186
7279-NMVJC,19.9,One year,0,0.12633919235329433
2081-VEYEH,107.95,Month-to-month,0,0.8363867472167971
6407-UTSLV,83.8,Month-to-month,0,0.8347869354220089
4116-TZAQJ,74.25,Month-to-month,1,0.6796444107443195
9060-HJJRW,56.4,One year,0,0.254895309785416
2587-YNLES,20.1,Two year,0,0.08700108579208023
7398-SKNQZ,94.9,Month-to-month,0,0.8952336762462677
5935-FCCNB,94.2,Month-to-month,0,0.9054323576998293
1958-RNRKS,49.9,Month-to-month,0,0.48353636470322986
5136-RGMZO,71.05,Month-to-month,0,0.5065343753790911
8345-MVDYC,81.65,Two year,0,0.05466417903374165
8226-BXGES,89.45,One year,0,0.1489053445213471
3877-JRJIP,59.85,Month-to-month,1,0.8213598465162939
8375-DKEBR,69.6,Month-to-month,1,0.8782672861327541
9705-IOVQQ,99.0,One year,0,0.43065250392939025
1015-OWJKI,19.05,Month-to-month,0,0.3959978469518074
7511-YMXVQ,45.4,Month-to-month,1,0.8521428879902438
2040-XBAVJ,114.45,Two year,0,0.07900911710683049
7551-JOHTI,19.5,Month-to-month,1,0.3859627422733391
8887-IPQNC,44.25,Month-to-month,0,0.6225336649542864
8646-JCOMS,90.55,One year,0,0.19831659931462553
9804-ICWBG,69.9,Month-to-month,1,0.8640518652170135
1222-KJNZD,20.4,Month-to-month,0,0.11557358354507939
0106-GHRQR,71.4,Month-to-month,0,0.6104123536094574
5318-IXUZF,87.15,Month-to-month,1,0.8016446738329838
3768-VHXQO,24.85,Two year,0,0.011904520691542719
8952-WCVCD,104.45,One year,0,0.3856092800893346
2418-TPEUN,19.8,Two year,0,0.01528418934827029
3963-RYFNS,116.45,Two year,0,0.11878587002640209
3198-VELRD,84.75,Month-to-month,1,0.8369488439832871
8540-ZQGEA,20.05,Two year,0,0.014948232252609907
1320-REHCS,110.75,Month-to-month,0,0.7195928958599722
4137-JOPHL,89.7,Two year,0,0.17122164843326637
9436-ZBZCT,89.95,Month-to-month,1,0.8280197234461162
7801-CEDNV,48.7,One year,0,0.154852325837982
2057-BOYKM,96.6,Two year,0,0.07286285153574922
3658-QQJYD,74.3,One year,0,0.1152941670688807
1803-BGNBD,54.3,Month-to-month,0,0.536772418579411
0134-XWXCE,74.85,One year,0,0.1762224666463262
6950-TWMYB,79.95,Two year,0,0.09155920639919427
5848-FHRFC,20.05,Two year,0,0.008211072194497354
2243-FNMMI,19.4,Month-to-month,0,0.22662073492572155
2511-MORQY,54.9,One year,0,0.10359040508747529
5356-KZCKT,24.45,Two year,0,0.024351719924582096
9470-XCCEM,89.65,Month-to-month,0,0.6451815010618376
6519-CFDBX,45.4,Month-to-month,0,0.7285677101978507
3902-MIVLE,75.7,Two year,0,0.027854631232980227
0409-WTMPL,110.65,One year,0,0.36432569296260287
8763-KIAFH,20.55,One year,0,0.10147587697940973
3669-WHAFY,115.15,Two year,0,0.13029802001205573
3055-VTCGS,58.55,One year,0,0.08639486032152104
3144-KMTWZ,93.25,Month-to-month,0,0.4745387307775393
7279-BUYWN,113.2,Month-to-month,1,0.7423955530987437
7156-MHUGY,90.5,Month-to-month,1,0.8936034523497951
7198-GLXTC,79.0,Month-to-month,1,0.8481197337038139
2007-QVGAW,19.35,Two year,0,0.009254088933151428
5207-PLSTK,48.75,Month-to-month,0,0.5277741409524505
2307-FYNNL,109.05,Two year,0,0.25637976202627544
5605-XNWEN,25.0,Two year,0,0.016007018137761436
2155-AMQRX,54.9,Month-to-month,0,0.3933263888380417
6181-AXXYF,24.75,Two year,0,0.00799608305681608
5091-HFAZW,91.15,Month-to-month,0,0.8006700320238768
0516-VRYBW,20.15,One year,1,0.09962333645518259
2519-LBNQL,104.35,One year,0,0.587335263221429
8623-ULFNQ,66.05,Month-to-month,0,0.6134845766409102
8380-PEFPE,71.65,Month-to-month,1,0.8292867593458991
5687-DKDTV,20.35,Month-to-month,1,0.351995344860513
1568-LJSZU,92.2,Two year,0,0.04199962913290153
7530-HDYDS,84.25,Month-to-month,1,0.4526496351486897
7789-HKSBS,105.2,One year,0,0.5282022861870306
7416-CKTEP,19.6,Two year,0,0.018473420118922848
2586-CWXVV,30.4,Month-to-month,0,0.2640399766124019
3096-IZETN,78.1,Month-to-month,1,0.7385446700749928
2348-KCJLT,61.5,One year,0,0.10593684220811375
8401-EMUWF,69.4,Month-to-month,0,0.280472037712226
4193-IBKSW,24.75,Two year,0,0.007864034071954237
5377-NDTOU,91.05,Two year,0,0.027255074130995708
5922-ABDVO,89.65,Month-to-month,1,0.7511759328568801
2474-LCNUE,73.65,Month-to-month,0,0.5828073949320095
0839-QNXME,19.4,Two year,0,0.03956168083801086
3506-OVLKD,26.2,One year,0,0.08329184569338698
9172-ANCRX,98.7,Month-to-month,1,0.868186602537841
6650-VJONK,43.85,Month-to-month,0,0.6665907580250582
2178-PMGCJ,69.7,Month-to-month,0,0.6959271364051749
7492-TAFJD,38.55,Two year,0,0.17012399570406914
2773-MADBQ,53.1,Two year,0,0.1016865274244724
6016-LVTJQ,20.65,Month-to-month,0,0.1105890231107961
7860-KSUGX,64.45,Two year,0,0.017330732088694293
8966-KZXXA,25.1,Two year,0,0.033751459849916204
6910-HADCM,76.35,Month-to-month,1,0.8024527114366933
4816-LXZYW,79.15,Month-to-month,1,0.771911061238621
9606-PBKBQ,85.0,Month-to-month,1,0.8312612197771287
5149-QYTTU,95.15,One year,0,0.10491003288935202
2070-XYMFH,79.35,Month-to-month,0,0.762656881712979
2085-BOJKI,96.65,One year,0,0.6646964483566069
0817-HSUSE,75.5,Month-to-month,0,0.7537179877692346
5442-PPTJY,19.7,Two year,0,0.07211003604085514
1927-QEWMY,20.5,Two year,0,0.007043026083114181
1663-MHLHE,19.2,Month-to-month,0,0.39519933149510295
5663-QBGIS,98.35,Two year,0,0.1882423191148212
4450-MDZFX,74.35,Month-to-month,0,0.337728317600056
6701-DHKWQ,51.35,Two year,0,0.034466453796953574
7554-AKDQF,45.65,Month-to-month,0,0.5452498656511677
3536-IQCTX,85.3,Month-to-month,1,0.7783490133582884
4911-BANWH,86.55,Month-to-month,1,0.6805025420636156
8496-EJAUI,73.85,Month-to-month,1,0.6800988113962909
0794-YVSGE,20.3,Two year,0,0.005703054304693037
5423-BHIXO,54.2,Month-to-month,0,0.5099262079501659
6908-VVYHM,90.65,Month-to-month,0,0.6028871324672578
2959-EEXWB,50.9,Month-to-month,0,0.35469430439160227
1839-UMACK,25.05,One year,0,0.0913227370683682
3030-YDNRM,74.85,Month-to-month,0,0.8659164102044774
7321-KKSDU,20.5,Two year,0,0.03148499266057502
3402-XRIUO,63.55,Month-to-month,0,0.3737414151431018
3132-TVFDZ,44.85,Month-to-month,1,0.5396602874335962
8286-AFUYI,47.95,Month-to-month,0,0.5872776936942657
8080-DDEMJ,45.1,Month-to-month,1,0.7071500389145929
8356-WUAOJ,45.0,Month-to-month,0,0.7414904292627881
6365-MTGZX,96.0,Month-to-month,1,0.784153097534332
1349-WXNGG,20.05,Month-to-month,1,0.3783834368915691
8058-DMYRU,90.05,Month-to-month,0,0.704076551320897
9350-ZXYJC,25.3,Two year,0,0.17780643039983432
6990-YNRIO,108.65,Two year,1,0.10060431675009371
8958-JPTRR,24.3,One year,0,0.05326052695730602
6959-GQEGV,75.95,Month-to-month,0,0.4170815344879283
3173-WSSUE,19.7,Two year,0,0.0058694750994719045
1265-HVPZB,66.4,One year,0,0.06934435278153814
4115-UMJFQ,35.75,One year,0,0.08249111030184897
7369-TRPFD,18.8,One year,0,0.12712764642805893
1098-KFQEC,19.4,Two year,0,0.011502427115532345
7190-XHTWJ,19.3,One year,0,0.06003903165911579
0621-TWIEM,45.55,Month-to-month,1,0.670939372152887
3537-RYBHH,67.45,Month-to-month,0,0.24610471344277884
2485-ITVKB,35.1,Month-to-month,1,0.8555825471822737
3669-OYSJI,46.2,Month-to-month,1,0.5751723340044986
1612-EOHDH,45.15,Month-to-month,1,0.6673294456578669
6702-OHFWR,43.3,Month-to-month,1,0.85977978837173
5296-BFCYD,20.1,Two year,0,0.025053098370800844
4510-PYUSH,57.15,Month-to-month,1,0.24817320118740416
9359-JANWS,58.9,Two year,0,0.016153927277663602
7517-SAWMO,73.2,Month-to-month,1,0.71081501082844
4143-HHPMK,85.35,Month-to-month,1,0.6089065996277349
3279-DYZQM,19.45,Two year,0,0.006378895573461141
7054-LGEQW,45.95,Month-to-month,1,0.5818023131388623
0523-VNGTF,50.5,Month-to-month,0,0.3800409346242194
9575-IWCAZ,25.1,One year,0,0.245430639237252
7105-MXJLL,60.7,One year,0,0.2964015751884572
7064-FRRSW,99.0,One year,0,0.6492466806720448
7940-UQQUG,104.4,One year,0,0.24279590062071296
0923-PNFUB,83.75,Month-to-month,1,0.8182110202996432
3961-SXAXY,44.05,Month-to-month,0,0.6656003812164407
7010-BRBUU,24.1,Two year,0,0.007907784823760916
3566-HJGPK,45.55,Month-to-month,0,0.6697242140972327
3062-ICYZQ,93.8,Month-to-month,0,0.5327599189918443
9938-PRCVK,19.7,Two year,0,0.020467371853167514
0973-KYVNF,70.65,Two year,0,0.023696499399442877
5129-HHMZC,86.45,Two year,0,0.06744075062567399
9637-CDTKZ,114.1,Two year,0,0.13156638766985093
3946-JEWRQ,95.2,One year,0,0.5563140879806497
7873-CVMAW,88.55,Two year,0,0.033533050023814244
0463-WZZKO,20.75,Month-to-month,0,0.435112032396837
3494-JCHRQ,70.05,Month-to-month,1,0.8636590898521099
6474-FVJLC,86.0,Month-to-month,1,0.9069403965502166
4524-QCSSM,44.65,Month-to-month,0,0.4818040285913067
5832-EXGTT,60.2,Month-to-month,0,0.3535255814425573
8840-DQLGN,100.5,Month-to-month,1,0.561873892570255
2039-JONDJ,55.45,One year,0,0.1294460976917696
7217-JYHOQ,70.3,Month-to-month,0,0.2738367914345093
6695-FRVEC,60.4,Two year,0,0.01669564521107837
4547-LYTDD,72.65,Month-to-month,1,0.7867515422917141
9894-QMIMJ,55.8,One year,0,0.19548811712742958
8069-YQQAJ,31.1,Month-to-month,0,0.6297112774213494
6770-XUAGN,21.0,Month-to-month,1,0.4937189948288088
4193-ORFCL,45.1,Month-to-month,1,0.6227677343602117
1636-NTNCO,50.95,Month-to-month,0,0.8194731313780536
3466-WAESX,69.1,Month-to-month,0,0.5664618376239992
9281-PKKZE,43.95,Month-to-month,0,0.5955524057818623
3638-VBZTA,86.5,Two year,0,0.039718668168058816
7459-IMVYU,69.95,Month-to-month,0,0.23170970363899238
7776-QWNFX,50.4,Month-to-month,1,0.4083906366558865
6689-TCZHQ,78.95,Month-to-month,1,0.8554234037102446
8563-OYMQY,90.95,Month-to-month,0,0.7376772449717567
0754-EEBDC,19.9,Two year,0,0.09739465197512862
5777-ZPQNC,20.15,One year,0,0.21070501127257357
1951-IEYXM,90.6,Two year,0,0.03674703304039234
3318-NMQXL,92.0,Month-to-month,0,0.9012712667883982
3143-ILDAL,94.45,Month-to-month,1,0.579102493008393
1022-RKXDR,24.85,One year,0,0.09205729764441502
2361-FJWNO,36.0,One year,0,0.12485186450674243
2272-UOINI,78.5,Month-to-month,0,0.6022847925210267
8232-UTFOZ,19.95,Two year,0,0.008121087477607414
3750-YHRYO,20.65,One year,0,0.1610159506355426
6637-KYRCV,30.5,Month-to-month,0,0.733706589178258
5668-MEISB,106.1,Two year,0,0.05402937101541716
0129-QMPDR,20.5,One year,0,0.050772805433284746
7188-CBBBA,95.5,One year,0,0.4037991262024764
5356-CSVSQ,64.6,Month-to-month,0,0.6765843176923428
3221-CJMSG,51.1,Month-to-month,0,0.37131749957497834
4720-VSTSI,84.8,Month-to-month,1,0.558905267723679
3219-JQRSL,89.1,Two year,0,0.037799625089442936
2801-NISEI,54.95,Month-to-month,0,0.30074392481430173
3946-MHCZW,50.9,Month-to-month,1,0.5783225921705148
4623-ZKHLY,20.45,Month-to-month,0,0.2631302576990123
6732-VAILE,85.95,Two year,0,0.054078287473984306
8201-AAXCB,60.35,Month-to-month,0,0.5337044344805377
7696-CFTAT,19.8,Two year,0,0.024858543982947033
1845-CSBRZ,85.35,Month-to-month,0,0.7076411438103992
2123-VSCOT,72.1,Two year,0,0.05476549022899593
6651-AZVTJ,99.8,Month-to-month,1,0.7428684060233758
4566-GOLUK,107.35,Month-to-month,1,0.5964877129515381
2484-DGXPZ,19.55,Month-to-month,1,0.16835756647659925
2018-QKYGT,81.05,Month-to-month,0,0.865121473629769
2792-VPPET,20.5,Month-to-month,0,0.5370644408039517
7409-JURKQ,111.8,One year,0,0.3944502417131947
3247-MHJKM,20.2,Month-to-month,0,0.3898903602522685
1964-SVLEA,19.7,One year,0,0.16396054056484372
4587-NUKOX,79.1,Month-to-month,1,0.7666243081514036
7297-DVYGA,19.85,One year,0,0.04603392163234173
2239-CGBUZ,60.5,One year,0,0.062584000930981
0854-UYHZD,19.55,Two year,0,0.06733718171643747
7243-LCGGZ,20.9,Month-to-month,0,0.37860229691455616
8267-KFGYD,21.05,Month-to-month,0,0.41076963336504574
4890-VMUAV,71.5,One year,0,0.061584199703299196
9261-WDCAF,54.65,Month-to-month,0,0.6393522711554088
3764-MNMOI,19.2,Two year,0,0.021346190122618226
7442-YGZFK,49.8,Month-to-month,0,0.7121097098778137
0420-BWTPW,25.5,Month-to-month,1,0.5935417141585971
8229-BUJHX,20.5,Two year,0,0.005877847091164722
7449-HVPIV,90.4,Month-to-month,0,0.54260184926716
5504-WSIUR,90.25,One year,0,0.17639614942858026
8183-ONMXC,80.75,Month-to-month,1,0.8427222706914961
8466-PZBLH,104.6,Two year,0,0.09391627533056132
9614-RMGHA,91.85,Month-to-month,1,0.4913979779814499
8735-IJJEG,50.2,Month-to-month,0,0.4557805439176347
0564-MUUQK,95.5,Month-to-month,0,0.6833579793464262
5054-IEXZT,75.35,Month-to-month,1,0.8094180234279105
5834-ASPWA,75.45,Month-to-month,1,0.8882392894057582
0701-RFGFI,95.4,Month-to-month,0,0.6479791422936184
0019-EFAEP,101.3,Two year,0,0.11464231640162631
5619-PTMIK,53.1,Month-to-month,0,0.26642528777812685
3737-XBQDD,84.85,Month-to-month,0,0.6937342234606142
5882-CMAZQ,34.25,Month-to-month,0,0.5863191012413512
5846-QFDFI,88.6,Month-to-month,0,0.41724936585348066
4445-KWOKW,60.15,One year,0,0.13475655494755756
3511-APPBJ,99.95,One year,0,0.53616614253921
7967-HYCDE,70.7,Month-to-month,0,0.7050972312018091
2430-RRYUW,54.8,One year,0,0.05230451403959073
3948-XHGNA,49.55,Month-to-month,1,0.3609024049983638
3723-BFBGR,54.8,Month-to-month,0,0.43791535545290305
0565-IYCGT,78.6,One year,1,0.06933980593806265
5447-WZAFP,100.3,One year,0,0.4094811028386934
5110-CHOPY,53.6,Two year,0,0.09331014108823316
5445-UTODQ,81.1,Month-to-month,1,0.8644971836665921
4425-OWHWB,19.35,One year,0,0.15402665192191897
7892-QVYKW,85.6,Month-to-month,0,0.7479116684535677
9675-ICXCT,80.8,Two year,0,0.04364102286646832
1024-VRZHF,74.95,Month-to-month,1,0.8575661552463164
4703-MQYKT,19.6,Two year,0,0.061198814900684434
9497-QCMMS,93.55,Month-to-month,1,0.9389216975278944
5692-ICXLW,90.7,Month-to-month,0,0.8111550979726089
0602-DDUML,69.75,Two year,0,0.037804912989555475
2208-MPXIO,20.0,Two year,0,0.02395317244045665
1960-UYCNN,95.25,Month-to-month,0,0.8685170909018748
0348-SDKOL,102.1,Month-to-month,1,0.5876804478325651
3190-FZATL,19.95,Month-to-month,0,0.2275204847528209
7336-RLLRH,80.85,One year,0,0.23326931664470438
4373-MAVJG,90.9,Month-to-month,1,0.7581143684679755
8901-HJXTF,29.2,Month-to-month,1,0.5160436349876095
7710-JSYOA,93.3,Two year,0,0.11071428278768089
5419-KLXBN,89.15,Month-to-month,1,0.6386074428735989
3424-NMNBO,108.85,One year,1,0.5051031274272557
9885-MFVSU,46.35,Two year,0,0.08834846677861195
4514-GFCFI,84.75,Month-to-month,1,0.8803337734707145
0607-MVMGC,78.75,One year,0,0.19763038391850815
3365-SAIGS,83.55,Month-to-month,0,0.805438919991796
9828-AOQLM,45.7,Month-to-month,1,0.6917532410529867
8022-BECSI,19.6,One year,0,0.11367344131537815
8000-REIQB,69.95,Month-to-month,1,0.8774316948964821
9993-LHIEB,67.85,Two year,0,0.019482859915364168
0266-CLZKZ,105.65,Two year,0,0.16185008557402147
7615-ESMYF,44.6,Month-to-month,1,0.842578504769005
3858-VOBET,74.95,Month-to-month,1,0.802905867149807
7020-OZKXZ,75.5,Month-to-month,0,0.7144418748297385
3977-QCRSL,20.15,Month-to-month,0,0.34441154737094537
0017-DINOC,45.2,Two year,0,0.042511851870582394
1447-PJGGA,95.25,Two year,1,0.3319534495912031
8565-CLBZW,89.85,Month-to-month,1,0.7816191034863373
9139-WQQDY,100.45,One year,1,0.3771381120980095
0224-HJAPT,47.15,Month-to-month,1,0.7072615283137977
8086-OVPWV,80.2,Month-to-month,1,0.8872873979231556
9430-FRQOC,87.1,Month-to-month,1,0.7185067035167508
7639-OPLNG,79.25,Two year,0,0.028395894952536836
3074-GQWYX,75.9,Month-to-month,1,0.822880040228876
1492-QGCLU,85.7,Month-to-month,0,0.25164217413156104
6845-RGTYS,98.75,Month-to-month,1,0.6155604039459464
7328-OWMOM,20.1,One year,0,0.05936889570152538
4418-LZMSV,61.8,Month-to-month,0,0.289281549843568
5155-AZQPB,49.9,Month-to-month,0,0.35664778445852646
8861-HGGKB,86.45,Month-to-month,1,0.8411011801281274
1087-GRUYI,20.4,Two year,0,0.02943376411130907
7065-YUNRY,45.3,Month-to-month,1,0.6638229073971702
7694-VLBWQ,104.1,One year,1,0.42359640274090854
2546-KZAAT,75.4,One year,0,0.15448452833737858
0181-RITDD,108.15,Two year,0,0.08235574375844637
5989-PGKJB,86.25,Month-to-month,0,0.807742130390743
4795-KTRTH,81.0,Month-to-month,1,0.8711346942371386
8272-ONJLV,95.7,One year,0,0.7107817627925096
1488-PBLJN,116.85,Two year,0,0.10640216884545897
0308-GIQJT,105.75,One year,0,0.2623835742727654
3778-FOAQW,20.15,One year,0,0.10292091156281077
4452-ROHMO,19.6,Two year,0,0.07606762095142107
6481-OGDOO,90.6,One year,1,0.19141501209103787
3090-LETTY,60.95,Month-to-month,0,0.42493096885114245
5349-AZPEW,25.05,Month-to-month,0,0.6213856762387565
3753-TSEMP,88.15,Month-to-month,1,0.8356268660974088
8305-VHZBZ,20.2,Month-to-month,1,0.47201823237254265
9720-JJJOR,60.3,One year,0,0.09445001728050799
8100-HZZLJ,63.95,Month-to-month,0,0.2883740799134631
8775-ERLNB,74.3,Month-to-month,0,0.8736360109184714
8309-IEYJD,70.6,Month-to-month,0,0.8328157047495064
9172-JITSM,90.8,Month-to-month,1,0.7964883572124537
6298-QDFNH,79.35,Month-to-month,1,0.786529662004138
7398-HPYZQ,90.55,Two year,0,0.03452855799463701
3546-GHEAE,19.45,Two year,0,0.10663194160798065
7361-YPXFS,64.45,Month-to-month,0,0.3224057709714157
6557-BZXLQ,69.65,Month-to-month,0,0.7647345967061598
2550-QHZGP,19.5,One year,0,0.19497591431733374
7519-JTWQH,110.5,Two year,0,0.1774255067429782
2538-OIMXF,24.7,Month-to-month,0,0.6567978390953316
8543-MSDMF,77.4,Month-to-month,0,0.7193277286016327
9961-JBNMK,96.8,Month-to-month,1,0.810261725102634
1170-SASML,85.4,Month-to-month,0,0.37763613241357963
4872-JCVCA,47.6,Two year,0,0.020403977557685832
5346-BZCHP,19.4,Two year,0,0.006736484444639391
2038-LLMLM,103.85,Month-to-month,0,0.7244507093094309
6173-ITPWD,83.35,Month-to-month,1,0.555530648753843
9734-UYXQI,49.4,Month-to-month,1,0.7772786392773654
1216-BGTSP,108.45,Month-to-month,0,0.5800721360287033
4138-NAXED,81.0,Month-to-month,0,0.41992362033699465
2189-UXTKY,79.2,Month-to-month,1,0.5903269282017936
0744-BIKKF,86.65,Two year,0,0.034053827146632444
7483-IQWIB,92.95,Month-to-month,0,0.7206489179599505
5248-KWLAR,90.35,Two year,0,0.04021953467390941
4958-GZWIY,48.7,Month-to-month,1,0.5706234207266622
7996-MHXLW,25.15,Two year,0,0.01673325523348242
7833-PKIHD,76.4,One year,0,0.1063160598158274
7061-OVMIM,19.55,One year,0,0.06417375237633594
5153-RTHKF,85.35,Month-to-month,0,0.7273933205960914
1852-QSWCD,24.8,Two year,0,0.015775173052512453
4832-VRBMR,103.15,One year,0,0.46063976014223634
9079-LWTFD,100.75,Month-to-month,0,0.37187880792033545
6356-ELRKD,95.6,Month-to-month,1,0.8632218032235612
8624-GIOUT,59.75,Month-to-month,1,0.20759945976433827
3392-EHMNK,94.1,Two year,0,0.08371056374639255
5986-WWXDV,19.35,One year,0,0.04551974471548601
3061-BCKYI,19.9,Month-to-month,0,0.2712591255968998
6179-GJPSO,108.15,Month-to-month,1,0.5010427462760141
7901-TBKJX,101.05,Month-to-month,0,0.7723891020178478
7228-PAQPD,59.1,One year,0,0.2736467834203539
3177-LASXD,71.35,Month-to-month,1,0.8098783855537658
7746-QYVCO,55.85,One year,0,0.20461866585688168
5804-HYIEZ,106.05,Month-to-month,0,0.5187979926364731
9919-FZDED,84.1,Two year,0,0.06981186770731064
5934-TSSAU,75.3,Month-to-month,0,0.6145612624891914
3486-KHMLI,24.7,Month-to-month,0,0.22013392631316991
4897-QSUYC,20.15,Month-to-month,1,0.46429644759996086
1084-UQCHV,69.75,Month-to-month,1,0.7082767264333553
8290-YWKHZ,93.2,Month-to-month,1,0.8675994367979485
2955-BJZHG,80.85,Month-to-month,1,0.7375474617174573
3806-DXQOM,33.65,Month-to-month,1,0.7070350444438507
6784-XYJAE,55.8,One year,0,0.2515834241644002
3933-DQPWX,39.7,Two year,0,0.04461377123804122
6661-EIPZC,29.5,Month-to-month,0,0.21613919158821998
8957-THMOA,20.15,Two year,0,0.01364314188811175
2251-PYLPB,79.55,Two year,0,0.024210507709998715
5555-RNPGT,24.8,Month-to-month,0,0.2969099886115224
1057-FOGLZ,19.65,Month-to-month,0,0.23549163439896273
9300-RENDD,79.95,Month-to-month,1,0.8876940716167472
0761-AETCS,19.3,Month-to-month,1,0.4720993308521968
8087-LGYHQ,94.05,Month-to-month,0,0.8873882813737171
4137-BTIKL,90.75,Month-to-month,0,0.7640398242590638
2190-BCXEC,78.85,Month-to-month,0,0.5409182462511476
6227-FBDXH,99.5,One year,0,0.3347581183178395
2153-MREFK,99.2,One year,1,0.46662083117437614
2911-WDXMV,80.55,Month-to-month,0,0.7066772932272267
7206-PQBBZ,70.2,Month-to-month,0,0.8466999374392009
3106-ULWFW,85.2,Month-to-month,1,0.8451835229356812
0925-VYDLG,75.25,Month-to-month,1,0.8390876180873177
4547-FZJWE,59.45,One year,0,0.06683779083881518
7422-WNBTY,93.35,Month-to-month,0,0.788107044857654
0842-IWYCP,44.95,Month-to-month,0,0.20709153741474667
3521-HTQTV,26.1,Two year,0,0.044745759010808385
3744-ZBHON,20.2,Month-to-month,0,0.4464896084831969
3373-DIUUN,21.25,Two year,0,0.034594464744211066
8383-SGHJU,59.4,One year,0,0.1609966936209277
7607-QKKTJ,95.0,One year,0,0.40691496156636214
7707-PYBBH,61.9,Month-to-month,0,0.17714027057599557
8984-HPEMB,118.65,Two year,0,0.18082135877674893
4349-GFQHK,54.35,Month-to-month,1,0.717949175133757
4139-DETXS,64.45,Two year,0,0.023823229609358412
9779-DPNEJ,80.15,Month-to-month,0,0.7736073597711799
9805-FILKB,20.2,One year,0,0.04661172821850581
5793-YOLJN,21.0,Two year,0,0.01201583473349044
0673-IGUQO,20.45,Month-to-month,0,0.38856713079226113
4123-FCVCB,75.85,One year,0,0.48382482511573194
8819-IMISP,80.45,Month-to-month,0,0.7325516037394785
7802-EFKNY,24.95,Month-to-month,1,0.8081900485957872
8311-UEUAB,75.5,Two year,0,0.08747426852208194
5858-EAFCZ,44.45,Month-to-month,0,0.5976540814853053
8035-BUYVG,42.35,One year,1,0.21924510853657353
1163-ONYEY,74.55,Month-to-month,0,0.27753319266747356
9787-XVQIU,75.3,Month-to-month,1,0.8885703894441755
8945-MUQUF,94.8,One year,1,0.41495415501052896
5656-MJEFC,48.15,Two year,0,0.05408790382151746
6082-OQFBA,19.65,One year,0,0.09034119264435532
8051-HJRLT,70.55,Month-to-month,1,0.8759877737327011
8974-OVACP,20.15,Month-to-month,0,0.3825386793705862
4010-YLMVT,106.6,Month-to-month,0,0.5359682804036412
1379-FRVEB,91.0,Month-to-month,0,0.8199689005077321
8612-GXIDD,25.4,Two year,0,0.11500127706953994
6288-CHQJB,69.95,Two year,0,0.02647607738838252
8160-HOWOX,66.85,Month-to-month,0,0.7794604529579975
3023-GFLBR,86.15,Month-to-month,1,0.5968036344604503
6648-INWPS,20.15,Month-to-month,0,0.2813741605597276
4223-BKEOR,64.85,One year,0,0.18331513007550884
4079-VTGLK,74.85,Two year,0,0.3113718000170726
1763-WQFUK,50.5,Month-to-month,0,0.5696225529110436
1391-UBDAR,72.9,Month-to-month,0,0.7689219026398485
8894-JVDCV,115.05,One year,0,0.2734043352311042
2023-VQFDL,19.0,Month-to-month,0,0.3118306671348233
1345-GKDZZ,19.55,Month-to-month,0,0.2948403832287692
2014-MKGMH,101.1,One year,0,0.6406203959135001
5628-FCGYG,84.1,Month-to-month,0,0.8539345273161155
2560-WBWXF,24.15,Two year,0,0.015550230130626334
0248-IPDFW,50.1,Month-to-month,0,0.780527077555913
7978-DKUQH,74.6,Month-to-month,0,0.7390501931065754
4335-UPJSI,19.75,Two year,0,0.04260069294255315
0524-IAVZO,85.0,Month-to-month,1,0.8174485877078116
2737-YNGYW,80.55,Month-to-month,1,0.8439910852639662
1784-EZDKJ,106.8,One year,0,0.4969893501598913
9297-FVVDH,84.5,Two year,0,0.08754675936067988
8007-YYPWD,25.05,Two year,0,0.08975699523018729
7101-HRBLJ,83.7,Two year,0,0.027648060071203108
5159-YFPKQ,75.8,Month-to-month,1,0.8482555770331685
6635-CPNUN,96.6,Month-to-month,0,0.6508993753064969
4021-RQSNY,98.5,Month-to-month,1,0.8819237101992551
5453-YBTWV,101.1,Two year,0,0.05872718472801326
5039-LZRQT,20.2,One year,0,0.15269191944101823
2931-VUVJN,94.05,One year,0,0.25991195731709366
9061-TIHDA,95.25,Month-to-month,1,0.9163460086205193
8699-ASUFO,74.4,Month-to-month,1,0.8500630341290141
6418-PIQSP,81.0,Two year,0,0.036656769704313974
8220-OCUFY,60.25,One year,0,0.23042566802537506
3995-WFCSM,60.85,Month-to-month,0,0.6991451529339601
1895-QTKDO,43.95,Month-to-month,0,0.5795568174699478
2038-OEQZH,86.05,Month-to-month,0,0.8311321382847205
1178-PZGAB,20.25,One year,0,0.11676726800173529
7927-AUXBZ,85.15,Month-to-month,1,0.6246680177515761
2626-VEEWG,19.4,Two year,0,0.009955603685559275
2878-RMWXY,102.65,Two year,0,0.1434878536394917
1657-DYMBM,19.9,Two year,0,0.01622695252127219
7311-MQJCH,19.55,One year,0,0.2657051789045589
7375-WMVMT,95.5,Two year,0,0.11585068526671287
1136-XGEQU,84.15,One year,0,0.17114817581993028
2530-FMFXO,103.2,Two year,0,0.3051350296303965
6844-DZKRF,50.2,Month-to-month,0,0.5674897027469392
4695-WJZUE,88.55,Month-to-month,1,0.917304629394322
7619-ODSGN,54.75,Month-to-month,1,0.38660174957954346
5970-GHJAW,19.95,Two year,0,0.016907781537162114
8879-XUAHX,116.25,Two year,0,0.19970537458608884
3689-MOZGR,31.2,Month-to-month,0,0.5158177846333778
4195-PNGZS,24.45,Two year,0,0.008990225191877893
5003-XZWWO,84.2,Two year,0,0.04882724470407476
3988-RQIXO,91.3,Month-to-month,1,0.9170903230585812
7622-FWGEW,85.65,Two year,0,0.06221740176509692
6922-NCEDI,21.2,One year,0,0.032651537006826804
2514-GINMM,79.5,Month-to-month,1,0.8886890260918396
9891-NQDBD,25.55,One year,0,0.11105782375008744
6131-IUNXN,20.2,Month-to-month,0,0.19008336832311348
8548-AWOFC,63.85,Month-to-month,0,0.22510354958431597
9798-DRYDS,61.95,One year,0,0.26953682948172203
8532-UEFWH,25.75,Two year,0,0.018524245023606115
6296-DDOOR,58.2,One year,0,0.3626356005030092
7951-VRDVK,85.85,One year,0,0.12013175836807204
5931-FLJJF,70.1,Month-to-month,1,0.8133799278460152
4815-YOSUK,104.9,One year,0,0.14811216859992227
2659-VXMWZ,111.3,One year,1,0.3576382809120643
0380-NEAVX,99.85,One year,0,0.6617265443571512
3207-OYBWH,95.25,Month-to-month,1,0.5977062921995702
4285-GYRQC,86.25,Month-to-month,1,0.8585610339484441
7216-EWTRS,100.8,Month-to-month,1,0.9322235670025111
4365-MSDYN,19.55,Month-to-month,0,0.3951436299680251
7036-TYDEC,104.0,Two year,0,0.20424558768301865
5802-ADBRC,104.4,One year,0,0.4481103722636186
8076-FEZKJ,19.5,One year,0,0.17701210034198148
5197-YPYBZ,25.25,Two year,0,0.08204827559162435
8337-MSSXB,86.3,Month-to-month,1,0.8166599875485816
4312-GVYNH,49.85,Two year,0,0.033679329739999056
8495-LJDFO,108.95,Month-to-month,0,0.49976859265587475
0839-JTCUD,89.9,Two year,0,0.03104625750324644
5494-WOZRZ,82.0,Two year,0,0.030900843139310335
1302-UHBDD,89.95,Month-to-month,0,0.8282644898873147
2234-EOFPT,79.35,Two year,0,0.03437298291367129
8619-IJNDK,64.05,Two year,0,0.009444911812590318
8378-LKJAF,101.15,Month-to-month,0,0.7207353540509277
8182-BJDSI,89.95,Month-to-month,1,0.8038106648954342
2528-HFYZX,76.45,Month-to-month,1,0.7894161425839952
1153-GNOLC,39.1,One year,0,0.42928545380713024
3298-QEICA,34.6,Two year,0,0.08210580058968597
0788-DXBFY,19.55,One year,0,0.04292501784084219
3597-YASZG,104.45,Two year,0,0.20435706389421027
3496-LFSZU,70.5,Month-to-month,0,0.8063223742898807
5242-UOWHD,20.35,Two year,0,0.018742848726727924
2482-CZGBB,70.0,Month-to-month,1,0.82769324673158
6479-SZPLM,19.45,Two year,0,0.026311090380015844
8097-VBQTZ,69.9,Month-to-month,0,0.15900007924309542
4500-HKANN,59.7,Two year,0,0.09206251291224761
9917-KWRBE,78.35,One year,0,0.14604071935389126
3420-ZDBMA,71.45,Month-to-month,0,0.8169707847851132
2212-LYASK,45.85,One year,0,0.33310738020581127
1393-IMKZG,95.85,Month-to-month,0,0.870563829280423
8069-RHUXK,35.7,Two year,0,0.015210279757244509
3398-GCPMU,89.55,Two year,0,0.04224412881258919
2908-WGAXL,24.95,Two year,0,0.020596491016172357
3378-AJRAO,24.85,One year,0,0.0701910755020523
1013-QCWAM,100.8,Month-to-month,0,0.7031853020166943
0866-QLSIR,64.4,One year,1,0.13638028880113015
6050-FFXES,105.35,Two year,0,0.15085397590320948
7181-BQYBV,102.45,Month-to-month,1,0.8686871099850729
0362-RAOQO,19.65,Two year,0,0.02644423584235696
9554-DFKIC,54.45,Month-to-month,0,0.3218880359017326
5527-ACHSO,70.5,Month-to-month,0,0.5360408360452991
0829-DDVLK,20.1,One year,0,0.13567523226274233
1399-UBQIU,69.35,Month-to-month,0,0.7631039839589872
1813-JLKWR,19.8,One year,0,0.016165690522501608
0336-PIKEI,74.4,Two year,0,0.019956694384605542
7322-OCWHC,93.05,Two year,0,0.07938102496793313
9537-VHDTA,51.2,Month-to-month,0,0.4183081856289774
4957-TIALW,65.6,One year,0,0.1072398106242369
2054-PJOCK,80.55,One year,0,0.13118436530009747
9150-HEPMB,52.7,One year,0,0.0630192593383848
9030-QGZNL,20.85,Two year,0,0.09654074289840937
6204-IEUXJ,80.1,Month-to-month,1,0.647535873532251
3126-WQMGH,52.15,Month-to-month,0,0.29783056556379806
4529-CKBCL,80.2,Month-to-month,1,0.8804883623394064
2506-CLAKW,98.15,Month-to-month,1,0.6404377231799511
7176-WRTNX,114.95,Two year,0,0.12918078341385308
1583-IHQZE,112.95,Month-to-month,1,0.7896027447169358
5732-IKGQH,104.45,One year,0,0.32976271405541013
9239-GZHZE,113.65,Two year,0,0.12995488396779814
7205-BAIAD,20.6,Two year,0,0.03590273900504662
0151-ONTOV,70.9,Month-to-month,1,0.752333384965241
4140-MUHUG,86.85,Month-to-month,1,0.8842047966048617
0093-EXYQL,91.55,Month-to-month,0,0.7916561987431556
8064-RAVOH,49.85,Month-to-month,0,0.6885448874887948
0219-QAERP,19.8,One year,0,0.08077355548142848
0320-JDNQG,99.85,Month-to-month,1,0.6832246174147649
7180-PISOG,74.5,Month-to-month,1,0.8679262557463322
9168-INPSZ,104.15,Month-to-month,0,0.7082147778154
3571-RFHAR,109.15,Month-to-month,1,0.6116578970012208
0015-UOCOJ,48.2,Month-to-month,0,0.6423915953871207
5334-AFQJB,25.1,Two year,0,0.015615386280923065
2754-SDJRD,100.15,Month-to-month,0,0.8520965174299938
9578-VRMNM,65.2,Month-to-month,1,0.6391001308048527
1587-FKLZB,99.5,Month-to-month,1,0.6071026348562074
6140-QNRQQ,71.55,Month-to-month,1,0.8122169011389692
8963-JLGJT,55.9,Month-to-month,0,0.3989216016261298
4307-KTUMW,93.9,Month-to-month,1,0.544858846600007
1465-LNTLJ,64.4,Month-to-month,0,0.6167777356494736
5440-FLBQG,108.4,Two year,1,0.21210505956162223
2135-DQWAQ,85.3,Month-to-month,0,0.8022382055657641
4056-QHXHZ,107.45,Two year,0,0.08823652699763769
7470-MCQTK,48.75,Month-to-month,1,0.765954448986632
7488-MXJIV,85.65,Month-to-month,1,0.897107679574048
7401-JIXNM,91.3,Two year,0,0.04218129258856568
9339-FIIJL,85.95,Two year,0,0.046849880701475055
2027-FECZV,106.7,Month-to-month,1,0.8837040572150785
2672-DZUOY,25.15,Month-to-month,1,0.8298906150810981
4706-DGAHW,45.2,Month-to-month,0,0.7066887543890957
3870-MQAMG,110.35,One year,1,0.41079740145764404
6670-MFRPK,79.2,Two year,0,0.11427495424046043
6177-PEVRA,55.5,Two year,0,0.03257418210915994
4800-CZMPC,103.25,One year,1,0.37058569563540766
4813-HQMGZ,90.25,Month-to-month,0,0.8539419766543999
7579-KKLOE,91.25,Two year,0,0.04108386864961635
7377-DMMRI,47.8,Month-to-month,1,0.6580804647193164
8402-EIVQS,100.9,One year,0,0.2515894526219389
4947-DSMXK,97.7,Month-to-month,0,0.7278001955511585
7245-NIIWQ,69.85,Month-to-month,0,0.8522935330604455
0002-ORFBO,65.6,One year,0,0.3039297416891009
3324-OIRTO,104.65,One year,0,0.1964317579287195
5414-OFQCB,90.45,Two year,0,0.19165105862906318
4967-WPNCF,63.7,Two year,0,0.04188303622942597
8552-OBVRU,104.5,Month-to-month,0,0.5641380776238112
8499-BRXTD,20.1,One year,0,0.1319199893067204
9154-QDGTH,104.3,One year,0,0.44370462104080793
8197-BFWVU,93.25,Two year,0,0.0354021037523377
2577-GVSIL,73.45,One year,0,0.28247769506227427
9367-OIUXP,20.7,Month-to-month,0,0.3573370836258534
6770-UAYGJ,25.25,Two year,0,0.020236949107653914
6463-HHXJR,100.5,Two year,0,0.07078309476908656
7928-VJYAB,90.6,Month-to-month,0,0.8148284412221518
1187-WILMM,89.4,Two year,0,0.04753263668551271
9776-OJUZI,95.45,Month-to-month,0,0.5271225454855738
1306-RPWXZ,20.45,Two year,0,0.01434261798501029
8949-JTMAY,98.6,Month-to-month,1,0.8004416270882487
2774-LVQUS,83.05,Month-to-month,1,0.811164215445393
3097-PYWXL,19.95,Month-to-month,0,0.46814678435260965
2266-SJNAT,109.15,One year,0,0.23581299011201232
0869-PAPRP,85.7,Month-to-month,0,0.7297273055132066
4238-JSSWH,102.05,Month-to-month,0,0.726751035399581
2972-YDYUW,94.7,One year,0,0.31865891934861457
1104-FEJAM,64.4,Month-to-month,0,0.49060910605788843
2809-ILCYT,26.8,One year,0,0.16510349136874256
5499-ECUTN,66.05,One year,0,0.13330894353835657
4981-FLTMF,65.2,Month-to-month,0,0.07832616611925973
9121-PHQSR,85.05,Month-to-month,0,0.8383653222706875
3113-IWHLC,55.8,Month-to-month,0,0.5223483880254335
3211-ILJTT,70.4,Month-to-month,1,0.72171514015183
4612-THJBS,104.75,One year,1,0.47665586180201186
4277-BWBML,19.95,Two year,0,0.005655803124896132
4094-NSEDU,94.25,Month-to-month,1,0.895536197826743
0234-TEVTT,45.0,One year,0,0.11111151582633166
4304-TSPVK,114.9,Two year,0,0.1056085017027405
1552-AAGRX,106.4,Month-to-month,0,0.5671715501067651
2637-FKFSY,46.1,Month-to-month,0,0.6470113226425719
9796-MVYXX,39.7,Two year,0,0.15318630093593882
7874-ECPQJ,20.05,Month-to-month,0,0.3663404712799744
0020-INWCK,95.75,Two year,0,0.1380561335296688
7089-RKVSZ,24.4,One year,0,0.1941949054071151
2683-JXWQQ,33.6,Month-to-month,0,0.10474012778523989
9548-ZMVTX,90.45,Two year,0,0.055619330879497116
8739-XNIKG,84.0,Month-to-month,0,0.8982243443190523
9755-JHNMN,67.4,Two year,0,0.023149018180244414
3981-QSVQI,19.7,Month-to-month,0,0.3903037627684351
2789-HQBOU,80.35,Month-to-month,0,0.8837809374045632
9424-CMPOG,19.6,Two year,0,0.08119500756808881
5067-WJEUN,54.2,Two year,0,0.021203238983730693
3450-WXOAT,45.2,Month-to-month,0,0.2682368399067301
9251-WNSOD,75.1,One year,0,0.07325343670105558
6974-DAFLI,19.7,One year,0,0.04308782798639953
2616-UUTFK,72.75,Month-to-month,0,0.39322884945968756
7064-JHXCE,20.05,Two year,0,0.008812976960121757
5103-MHMHY,45.95,Month-to-month,1,0.5250691418020936
7989-AWGEH,39.2,Month-to-month,0,0.3468208242358527
4373-VVHQL,44.75,Month-to-month,0,0.745146636531849
4559-UWIHT,82.65,Month-to-month,0,0.8277286160380426
7268-IGMFD,93.9,Month-to-month,0,0.7099410422694086
1846-XWOQN,70.15,Month-to-month,1,0.8769520020186244
0235-KGSLC,85.55,Month-to-month,1,0.8281390988802796
6650-BWFRT,117.15,Two year,0,0.13056344960506344
9570-KYEUA,99.25,Two year,0,0.09571069483153449
6993-YGFJV,112.55,Two year,0,0.14557749630422925
2712-SYWAY,25.7,Month-to-month,0,0.6055410348510112
0730-BGQGF,90.3,Two year,0,0.027093615437729486
5498-IBWPI,49.4,One year,0,0.04761041631715518
9101-NTIXF,19.4,Month-to-month,0,0.38466606246242074
0013-SMEOE,109.7,Two year,0,0.11867840978280718
9314-QDMDW,61.25,One year,0,0.5100929568159628
9308-ANMVE,55.3,Month-to-month,0,0.20622242518893272
2884-GBPFB,70.3,Month-to-month,1,0.6768192159791586
3757-NJYBX,106.35,Month-to-month,1,0.7339499284937813
3413-DHLPB,103.75,Month-to-month,0,0.4826459851177223
7649-PHJVR,19.5,One year,0,0.1703961166313474
6114-TCFID,39.5,One year,0,0.12739334130705401
3787-TRIAL,26.05,Month-to-month,0,0.6316943444741926
2573-GYRUU,91.05,Month-to-month,0,0.6765980326023896
5156-UMKOW,29.65,Month-to-month,0,0.6003221869803557
1247-QBVSH,50.2,Month-to-month,0,0.17758362988385915
6734-GMPVK,105.3,Month-to-month,0,0.8701162091236551
9822-OAOVB,55.45,Month-to-month,0,0.7809492879927536
6161-ERDGD,85.45,One year,0,0.09120849935883654
1226-JZNKR,19.8,One year,0,0.20427549463517575
7318-EIVKO,59.25,Month-to-month,0,0.7846718834916412
3771-PZOBW,90.7,Month-to-month,0,0.7871638897117795
5136-KCKGI,103.7,One year,1,0.4996374370635257
8231-BSWXX,79.05,One year,0,0.21453461277274496
6486-LHTMA,90.7,One year,0,0.6957313467266864
4083-BFNYK,95.0,One year,0,0.3596954882793367
3722-WPXTK,88.35,Month-to-month,1,0.9128586699247514
7389-KBFIT,30.25,Month-to-month,0,0.6874935138648066
7176-WIONM,49.85,Month-to-month,0,0.7692028032116379
5141-ZUVBH,93.0,Month-to-month,0,0.5258030558919595
1089-HDMKP,54.55,Month-to-month,0,0.5328319151440416
7623-HKYRK,19.7,Month-to-month,0,0.29341101872388464
0310-SUCIN,84.8,One year,0,0.06894950272130172
5197-PYEPU,94.45,One year,0,0.32000700546802746
2929-ERCFZ,94.2,Month-to-month,1,0.8649151424401781
7548-SEPYI,96.25,Month-to-month,1,0.8797603694289627
8835-VSDSE,70.7,Month-to-month,1,0.8564757369056096
6619-RPLQZ,20.85,Two year,0,0.017826781578536604
3275-RHRNE,60.0,One year,0,0.31641239111246405
3503-TYDAY,80.45,Month-to-month,0,0.5753658101687491
6901-GOGZG,84.95,Two year,0,0.07940507782730866
1623-NLDOT,33.55,One year,1,0.12656127689244615
7021-XSNYE,49.65,Two year,0,0.16714664768024978
9621-OUPYD,20.2,One year,0,0.12805431632609196
9898-KZQDZ,94.55,Month-to-month,1,0.7299875217599717
8982-NHAVY,100.5,One year,0,0.6655998203732802
4307-KWMXE,35.75,Month-to-month,0,0.592400559926959
0141-YEAYS,86.45,Month-to-month,0,0.6976014754366577
2450-ZKEED,53.8,One year,0,0.24113608239443918
3694-DELSO,38.55,Month-to-month,0,0.5870260846462967
3893-JRNFS,39.9,Month-to-month,0,0.24202651323409863
9603-OAIHC,70.05,Month-to-month,0,0.8806112163217583
1133-KXCGE,20.1,One year,0,0.12840483028134927
5236-PERKL,112.95,Two year,1,0.21283342573775627
0142-GVYSN,20.3,Month-to-month,0,0.3053923457047058
1049-FYSYG,35.65,Month-to-month,0,0.582542005880842
7854-FOKSF,35.9,Month-to-month,1,0.8143385107474506
2519-FAKOD,99.25,Month-to-month,1,0.7184579301547819
8406-LNMHF,82.95,One year,0,0.1993669697165045
1821-BUCWY,55.65,Two year,0,0.09747468998931813
8263-JQAIK,24.45,Month-to-month,1,0.7962448878668814
0023-UYUPN,25.2,One year,0,0.07879599092375425
8314-DPQHL,50.8,One year,0,0.32954213966243445
1465-WCZVT,19.65,Month-to-month,0,0.31798816740553626
9481-SFCQY,59.8,Month-to-month,0,0.5340288062777329
6360-SVNWV,73.55,Month-to-month,0,0.5506266349626424
0567-GGCAC,61.4,Month-to-month,0,0.45845853660899616
7089-IVVAZ,103.35,Month-to-month,1,0.7690394925424312
8884-MRNSU,19.9,One year,0,0.10798285305046658
2171-UDMFD,19.45,Month-to-month,0,0.15979534839004916
9050-IKDZA,81.5,Month-to-month,0,0.8083941685437328
2205-YMZZJ,84.8,Month-to-month,1,0.9069331583935514
9802-CAQUT,109.55,Two year,0,0.10156969197181943
1254-IZEYF,99.95,Month-to-month,1,0.8528347585390339
0187-WZNAB,74.4,Month-to-month,0,0.4251802764596707
9492-TOKRI,90.0,Month-to-month,1,0.7713035626583636
1475-VWVDO,74.9,Month-to-month,0,0.833442803505453
9221-OTIVJ,104.85,Month-to-month,1,0.8960957825527924
1357-MVDOZ,59.65,Month-to-month,0,0.5748471285036812
7602-MVRMB,110.45,Two year,0,0.11721485640807894
3325-FUYCG,106.1,One year,1,0.4941060266249512
5908-QMGOE,74.2,Month-to-month,1,0.8057411055266468
1197-BVMVG,74.45,Month-to-month,0,0.8930183845065954
5406-KGRMX,24.55,Two year,0,0.01451509720348816
8481-YYXWG,89.35,Month-to-month,1,0.8098308901070059
5968-HYJRZ,24.55,Two year,0,0.022978137008589507
5198-EFNBM,90.65,One year,0,0.43725510351404345
7516-GMHUV,105.05,Two year,0,0.3051020867092114
7140-ADSMJ,20.45,Month-to-month,0,0.3855571033527134
2230-XTUWL,19.55,Two year,0,0.015975964006994615
7706-YLMQA,19.7,One year,0,0.015190110131394307
2585-KTFRE,70.45,Month-to-month,0,0.43297479363701047
7994-UYIVZ,85.65,Month-to-month,0,0.8491232722730931
2609-IAICY,77.15,Month-to-month,1,0.8811017224288823
1740-CSDJP,35.25,Month-to-month,1,0.8066716779174554
7717-BICXI,20.55,Two year,0,0.009954059258103398
6559-RAKOZ,97.95,One year,0,0.5183650044242074
2636-OHFMN,48.55,Month-to-month,1,0.8621912653320929
4716-MRVEN,20.0,One year,0,0.08453309668348621
2143-LJULT,25.25,Two year,0,0.01641152683537774
1323-OOEPC,98.4,Month-to-month,1,0.6558085775659107
3200-MNQTF,70.9,Two year,0,0.018445481228176748
6164-HXUGH,19.85,Month-to-month,0,0.29023219550353063
5630-IXDXV,106.35,Month-to-month,0,0.7555956360314942
0320-DWVTU,99.5,Two year,0,0.0868370788349727
9135-MGVPY,84.7,Two year,0,0.040116853483454125
1212-GLHMD,86.05,Month-to-month,0,0.7751198462132649
7878-JGDKK,44.55,Month-to-month,0,0.572268682913577
1088-AUUZZ,75.85,Two year,0,0.04102315569829852
0397-GZBBC,93.85,Month-to-month,1,0.6889845502985651
6614-YWYSC,25.0,Two year,0,0.017855571298920882
9588-OZDMQ,45.0,Month-to-month,0,0.7343313722857998
7641-EUYET,100.7,Month-to-month,1,0.6057064239109067
6476-EPYZR,20.5,Month-to-month,0,0.24484879479991675
9921-ZVRHG,80.45,Month-to-month,1,0.8315901161541225
1174-FGIFN,90.45,One year,0,0.5599563577757084
6620-HVDUJ,60.45,Month-to-month,0,0.19776493477535517
4701-MLJPN,55.25,Month-to-month,1,0.40474392020949984
1032-MAELW,78.45,One year,0,0.08366849087614871
7641-TQFHN,100.55,Two year,0,0.23999233914079737
1552-TKMXS,20.35,Month-to-month,0,0.09617392839667775
9206-GVPEQ,54.45,Month-to-month,1,0.7076542721565905
8622-ZLFKO,90.75,Month-to-month,0,0.8798742983396706
1596-BBVTG,75.35,Month-to-month,1,0.5730431123751569
6188-UXBBR,20.25,One year,0,0.0787537969071642
2333-KWEWW,20.05,Two year,0,0.06563094392217701
5702-SKUOB,19.6,Month-to-month,0,0.360870072424982
1134-YWTYF,53.8,Month-to-month,0,0.41757235957485683
6061-GWWAV,70.2,One year,0,0.09415137642524225
0679-TDGAK,75.5,One year,0,0.12070981107472452
6585-WCEWR,20.35,Two year,0,0.008394702575028385
9067-YGSCA,26.05,One year,0,0.020584143080712217
9067-SQTNS,20.6,One year,0,0.03719674343589584
8433-WXGNA,75.7,Month-to-month,1,0.7996750248699102
1776-SPBWV,20.1,One year,0,0.0740285738485581
8735-SDUFN,24.3,Two year,0,0.011254584093054174
9668-PUGNU,24.5,Two year,0,0.021661568630293
9405-GPBBG,110.5,Two year,0,0.20032886438334999
1926-QUZNN,25.25,Two year,0,0.013379853895567728
3707-GNWHM,74.25,Month-to-month,1,0.8521362636921251
7016-NVRIC,90.1,One year,0,0.39148388803272205
5829-NVSQN,68.75,One year,0,0.2119744857235707
9565-AXSMR,19.2,Two year,0,0.014340484818352577
8922-LIEGH,89.7,Month-to-month,1,0.8342702684889632
8869-LIHMK,115.1,Two year,0,0.14878781705201435
8245-UMPYT,96.4,Month-to-month,1,0.9046823054431071
5186-SAMNZ,69.5,Month-to-month,1,0.8334601588600201
0447-RXSGD,99.65,Month-to-month,0,0.8030613601858184
4927-WWOOZ,91.45,Month-to-month,0,0.9012387005418382
5788-YPOEG,84.75,Two year,0,0.05821920250403042
5373-SFODM,85.25,Month-to-month,1,0.750938343583164
0661-KBKPA,78.75,One year,0,0.181946091269249
9081-WWXKP,20.25,Two year,0,0.01558386062346856
0784-ZQJZX,19.9,Two year,0,0.005790641307317448
3133-PZNSR,97.75,Two year,0,0.07711966907393461
5766-ZJYBB,19.4,Month-to-month,1,0.3941355140748941
8931-GJJIQ,83.3,Month-to-month,1,0.8922126297005665
4277-PVRAN,80.1,Month-to-month,1,0.8072060415833014
0022-TCJCI,62.7,One year,1,0.13069125737150328
0722-SVSFK,100.4,Month-to-month,0,0.8478818203067516
3612-YVGSJ,24.45,Two year,0,0.013773802781551967
9825-YCXWZ,101.1,One year,0,0.45861908276395097
5397-NSKQG,50.9,Two year,0,0.04019935388758177
8565-HBFNN,107.2,One year,0,0.18570590947806692
2000-DHJUY,92.2,Two year,0,0.05461964979758378
0203-HHYIJ,25.3,One year,1,0.12206705987423909
8670-ERCJH,113.4,Two year,0,0.09904946750737822
7758-UJWYS,40.55,Two year,0,0.18545479050276648
2050-ONYDQ,26.0,Two year,0,0.00995907126589358
7055-JCGNI,111.95,Two year,0,0.13503641329376012
0739-UUAJR,53.8,Two year,0,0.0491228711394723
4826-DXMUP,72.1,One year,0,0.2227160739655475
0952-KMEEH,98.15,Month-to-month,1,0.7613370945355481
7285-KLOTR,78.85,One year,0,0.4745263574251059
0654-PQKDW,70.75,One year,0,0.052818705153287446
7175-NTIXE,76.15,Month-to-month,0,0.39635486275474346
7963-SHNDT,39.1,Two year,0,0.030584733161680137
9796-BPKIW,69.95,Month-to-month,0,0.798451310091826
0188-GWFLE,20.05,Month-to-month,0,0.380388467420996
8129-GMVGI,20.05,Two year,0,0.011438026171806032
2882-DDZPG,19.45,Month-to-month,0,0.2726300348178337
3547-LQRIK,26.9,One year,0,0.07434123534897723
9137-NOQKA,19.2,Month-to-month,0,0.5080696279375213
5843-TTHGI,50.0,Month-to-month,0,0.5067992965504928
1849-RJYIG,60.0,Month-to-month,0,0.6443836593238488
8868-GAGIO,84.55,Month-to-month,0,0.5016622286017056
4061-UKJWL,45.45,Month-to-month,0,0.574637330446839
5380-XPJNZ,20.05,One year,0,0.05821015259863951
8263-QMNTJ,115.55,Two year,0,0.19036935009969358
8178-EYZUO,93.7,Month-to-month,1,0.629167433477253
3230-JCNZS,99.0,Two year,0,0.09969412263776377
0277-ORXQS,50.55,Two year,0,0.04606464582346385
5130-IEKQT,105.95,Month-to-month,1,0.7688524025738686
3230-WYKIR,82.0,One year,1,0.42063821827851783
7996-BPXHY,25.0,Two year,0,0.10851167771157491
3227-WLKLI,91.55,Two year,0,0.03141062348724306
0407-BDJKB,95.75,Month-to-month,1,0.6300226493487637
2266-FUBDZ,19.35,Two year,0,0.06407427826124992
8237-ULIXL,24.85,Two year,0,0.009730708090832011
9600-UDOPK,94.05,Month-to-month,1,0.8050292063304919
8216-AZUUZ,100.4,Two year,0,0.30648341923480404
9153-BTBVV,25.0,Two year,0,0.009925876190487577
4074-SJFFA,54.75,Month-to-month,1,0.7188266649890815
3269-ATYWD,95.65,Month-to-month,1,0.7834533022033059
5186-PEIZU,19.25,Month-to-month,0,0.1233867700485843
1074-AMIOH,108.25,Month-to-month,0,0.45781590447474746
4910-GMJOT,94.6,Month-to-month,1,0.9258663025191268
0354-WYROK,98.9,Month-to-month,1,0.7382565655507892
4361-FEBGN,20.15,Two year,0,0.019383901126490074
7748-UMTRK,101.3,Month-to-month,0,0.7870367244190306
0380-ZCSBI,20.0,Month-to-month,0,0.2938642904957967
7145-FEJWU,105.3,Month-to-month,0,0.8583935565860706
6463-MVYRY,69.85,Two year,0,0.033005853961399094
3969-JQABI,65.25,Month-to-month,0,0.16955992354091168
9624-EGDEQ,19.8,Two year,0,0.03167124770535127
1051-EQPZR,19.6,Month-to-month,0,0.07509986431405072
5849-ASHZJ,20.05,One year,0,0.07230017013795587
5780-INQIK,49.4,Month-to-month,0,0.5269343350976738
7576-OYWBN,76.05,Month-to-month,1,0.8958023471427218
4526-ZJJTM,88.4,Month-to-month,0,0.656005145984855
8384-FZBJK,100.6,Month-to-month,0,0.6632801336960443
3750-RNQKR,19.45,Month-to-month,0,0.2838507190921942
0962-CQPWQ,20.3,Two year,0,0.008560767306229978
3096-YXENJ,107.65,Two year,0,0.20695582896979606
1265-BCFEO,80.45,Two year,0,0.06985809379490818
5837-LXSDN,58.85,One year,0,0.28632322571572755
5945-AZYHT,109.6,One year,0,0.39516167953439
8325-QRPZR,75.15,Month-to-month,0,0.8291511797287858
6384-VMJHP,73.0,Two year,0,0.023558772659280827
2262-SLNVK,70.1,Month-to-month,0,0.8141266952268698
7730-CLDSV,98.65,Two year,0,0.10648546939035278
1135-HIORI,111.45,One year,0,0.38754739901608043
0164-APGRB,114.9,Two year,0,0.18711596058963606
6481-ESCNL,100.55,Month-to-month,0,0.7310564061599502
1790-NESIO,20.4,Two year,0,0.10897573330850692
1550-EENBN,104.35,Month-to-month,0,0.7028544191971413
5539-TMZLF,69.75,Month-to-month,1,0.8813116655931716
4323-SADQS,34.5,Month-to-month,1,0.5941565520281018
4446-BZKHU,105.55,Month-to-month,1,0.699750963502313
5202-IVJNU,30.1,Month-to-month,1,0.2705003632822673
5976-JCJRH,70.3,Month-to-month,1,0.8293151431160678
8198-RKSZG,80.45,Month-to-month,0,0.4689934657223695
0137-OCGAB,80.2,Month-to-month,1,0.8227200371256331
3351-NQLDI,94.35,One year,1,0.1718125320141122
9297-EONCV,91.35,Two year,0,0.045249976011800426
7593-JNWRU,44.6,Month-to-month,1,0.5690954243382803
4588-YBNIB,19.6,Month-to-month,1,0.4673434938318554
1069-QJOEE,19.9,One year,0,0.11452492269294179
3336-JORSO,110.45,Month-to-month,1,0.7933867010665189
7799-DSEWS,68.35,Month-to-month,0,0.4910324018769917
8766-PAFNE,79.1,Two year,0,0.04985824178399009
5315-CKEQK,51.0,One year,0,0.3815440232441552
3130-ICDUP,80.55,Month-to-month,0,0.6508033370251837
0820-FNRNX,66.7,Month-to-month,0,0.40333428159678186
0880-FVFWF,86.4,Month-to-month,0,0.4800582721017105
4611-ANLQC,50.05,One year,0,0.11707106555215392
4213-HKBJO,25.7,Two year,0,0.0442953359004599
2792-LSHWX,83.4,Month-to-month,0,0.636306518118611
5028-GZLDO,70.7,Month-to-month,1,0.7430993508646917
0014-BMAQU,84.65,Two year,0,0.09174271881173145
6861-XWTWQ,99.25,Month-to-month,1,0.9260540054182178
9018-PCIOK,64.75,Two year,0,0.0770779712550972
4837-QUSFT,100.15,One year,0,0.19857606541899883
6877-TJMBR,84.8,Month-to-month,1,0.8499184054665045
9953-ZMKSM,25.25,Two year,0,0.014593741545625085
0907-HQNTS,113.0,Two year,0,0.1583886834152167
7665-NKLAV,40.65,Two year,0,0.04789403745704346
6769-DCQLI,105.0,One year,1,0.34470168467672335
2433-KMEAS,54.45,Month-to-month,1,0.5351987584206986
4391-LNRXK,94.95,Month-to-month,0,0.6411467653736792
8250-ZNGGW,59.9,Month-to-month,0,0.3477303864988281
2195-ZRVAX,85.3,Month-to-month,1,0.6718931637399421
3550-SAHFP,83.35,Month-to-month,1,0.8032154211508158
2011-TRQYE,33.5,Month-to-month,1,0.5840170750500934
8562-GHPPI,19.8,Month-to-month,0,0.37174333839468066
5893-PYOLZ,81.8,Two year,0,0.07270898230371578
4986-MXSFP,20.0,Month-to-month,0,0.4547042022848252
6131-FOYAS,59.6,Month-to-month,0,0.4225851791682025
3027-YNWZU,25.0,Two year,0,0.01318762564292078
5609-IMCGG,84.35,Month-to-month,0,0.6890603928540867
4873-ILOLJ,90.35,Month-to-month,1,0.843571434556114
4727-MCYZG,55.55,Month-to-month,0,0.6495894696566025
9481-WHGWY,75.35,Two year,0,0.02262300161453219
2725-KXXWT,90.75,Month-to-month,1,0.9100417527085949
9565-DJPIB,89.6,Month-to-month,1,0.7540246919849294
4328-VUFWD,59.3,One year,0,0.1917870232365155
3301-LSLWQ,66.1,Month-to-month,0,0.5385237167531878
7473-ZBDSN,18.8,Two year,0,0.06538787942384618
3166-PNEOF,86.45,Two year,0,0.046048685856962784
5639-NTUPK,52.1,Month-to-month,0,0.38627995031372137
8780-YRMTT,47.4,Two year,0,0.02549220894504409
8348-HFYIV,49.25,Month-to-month,1,0.8791887250000572
5140-FOMCQ,109.15,One year,0,0.36290465698087704
6242-SGYTS,94.95,One year,0,0.21899991700685909
8166-ORCHU,93.55,One year,0,0.43905105882690315
8414-OOEEL,79.5,Two year,0,0.04522926378560993
8454-AATJP,115.05,Two year,0,0.09718825606691602
6849-WLEYG,19.75,Month-to-month,1,0.3390412056801643
4659-NZRUF,95.15,Month-to-month,1,0.7726835791719898
4531-AUZNK,95.15,One year,0,0.2494996095146066
4191-XOVOM,105.4,Month-to-month,0,0.5459586452919781
2150-OEGBV,20.1,One year,0,0.08952817297193746
8429-XIBUM,101.35,Month-to-month,1,0.7650398757050468
1855-CFULU,20.05,Month-to-month,0,0.3897328927129781
4878-BUNFV,20.7,Two year,0,0.02088121913590594
1872-EBWSC,20.35,One year,0,0.08421456227871572
2608-BHKFN,70.05,Month-to-month,1,0.78816830805376
7026-YMSBE,19.7,One year,0,0.08437153526273732
7341-LXCAF,74.65,Month-to-month,1,0.8826058687189948
6997-UVGOX,85.45,Two year,0,0.020418506577211996
9674-EHPPG,40.4,Two year,0,0.04213386109815815
9462-MJUAW,50.4,Month-to-month,1,0.6233541805511273
8128-YVJRG,79.65,Month-to-month,1,0.7534276846009459
5440-VHLUL,105.2,One year,0,0.32202442988488167
5781-BKHOP,100.65,Two year,0,0.08853339402378507
4283-FUTGF,79.85,Month-to-month,1,0.8383703038619909
5213-TWWJU,91.0,Month-to-month,0,0.6474618044413438
1569-TTNYJ,78.75,Month-to-month,1,0.8641143667838235
8628-MFKAX,116.75,Two year,0,0.143425996675783
2397-BRLOM,80.45,Month-to-month,1,0.7982679660759147
7629-WIXZF,59.1,One year,0,0.4831610133739558
5445-GLVOT,49.8,Month-to-month,0,0.462588395853902
3976-HXHCE,19.3,Two year,0,0.007214322894460365
2466-NEJOJ,19.65,Month-to-month,0,0.27021741217410633
0254-KCJGT,81.4,One year,0,0.11284963526756572
5472-CVMDX,38.9,Two year,0,0.019381586625795096
6461-SZMCV,87.95,Two year,0,0.03514340492926799
8150-QUDFX,19.85,Month-to-month,0,0.3823242665709429
9508-ILZDG,96.35,Month-to-month,0,0.728516553536116
2346-DJQTB,24.15,Month-to-month,0,0.45726157733074335
1697-LYYYX,19.1,One year,0,0.01806237346478674
1942-OQFRW,44.0,Month-to-month,0,0.6800196403731744
4749-VFKVB,50.1,Month-to-month,1,0.7151638189210274
9640-ZSLDC,60.6,One year,0,0.10013978052627079
4231-LZUYM,25.65,Two year,0,0.009605591917564934
7598-UAASY,76.4,Month-to-month,1,0.8054282846394245
7938-OUHIO,98.7,Month-to-month,1,0.8683269502299602
8510-AWCXC,100.8,Month-to-month,1,0.8722019462512189
6128-AQBMT,53.95,Month-to-month,0,0.6531519376312855
3594-BDSOA,20.4,One year,0,0.0980419610621827
0431-APWVY,90.1,One year,1,0.5513227455690098
5133-VRSAB,29.35,Month-to-month,0,0.5520581863877392
5996-DAOQL,20.45,Month-to-month,0,0.4706312819726959
6838-YAUVY,95.1,Two year,0,0.2012005454727132
0484-JPBRU,25.25,Month-to-month,0,0.17081324843084125
7883-ROJOC,44.9,Month-to-month,0,0.42641690677296973
0244-LGNFY,92.65,Two year,0,0.02613355699937568
7274-CGTOD,43.7,Two year,0,0.02900195720570698
4295-YURET,72.6,Two year,0,0.054753905688668725
3426-NIYYL,51.55,Month-to-month,1,0.6065228268133994
8225-BTJAU,79.25,Month-to-month,1,0.8801114406669244
4635-EJYPD,18.95,Two year,0,0.03260732087594795
1866-ZSLJM,20.5,Month-to-month,0,0.205077043606625
4636-TVXVG,19.95,One year,0,0.01787597969717496
4236-UJPWO,24.5,Month-to-month,0,0.7666896276716474
9392-XBGTD,20.6,Two year,0,0.038388588619280475
3387-VATUS,94.85,Month-to-month,1,0.885176492272204
6402-SSEJG,61.05,One year,0,0.3755906284560893
1143-NMNQJ,85.7,Month-to-month,1,0.9048533156751432
1169-SAOCL,106.65,One year,0,0.42288273523796416
1110-KYLGQ,108.25,Month-to-month,0,0.42427392751421744
9929-PLVPA,20.4,Month-to-month,0,0.29081151326264737
3518-PZXZQ,55.3,Month-to-month,0,0.7146469487360864
2371-JUNGC,20.25,Month-to-month,0,0.2946461654250123
7693-QPEFS,72.95,Month-to-month,0,0.5740397921049447
0924-BJCRC,89.45,Month-to-month,0,0.5813649501093248
5074-FBGHB,104.65,One year,0,0.38000557137568486
2351-BKRZW,75.2,Two year,0,0.06564287200692522
4455-BFSPD,101.15,One year,0,0.3125515402323139
0415-MOSGF,44.4,Month-to-month,1,0.5901743954248538
1724-BQUHA,89.5,Month-to-month,1,0.9145851485546937
3948-KXDUF,68.75,Two year,0,0.019001434494695685
2323-ARSVR,111.05,Two year,0,0.1556416658996221
0815-MFZGM,99.0,Two year,0,0.27047927232077984
4826-XTSOH,86.05,Month-to-month,1,0.9205188693088119
5480-XTFFL,21.0,Two year,0,0.03215191081847429
8295-FHIVV,19.4,Month-to-month,0,0.4155501067176788
2495-INZWQ,44.55,Month-to-month,1,0.8755994120241644
9086-YJYXS,77.2,One year,0,0.2731090423280176
1179-INLAT,19.45,One year,0,0.28735536069354295
7909-FIOIY,24.85,Month-to-month,0,0.5625785181423741
4139-SUGLD,35.4,Month-to-month,1,0.21073126190991517
6857-VWJDT,95.65,Month-to-month,1,0.8602790833733998
6351-SCJKT,41.35,Month-to-month,0,0.4919960798029851
5468-BPMMO,19.6,Month-to-month,0,0.12146124283624178
5624-BQSSA,20.95,Month-to-month,1,0.3783404327089937
0197-PNKNK,84.45,One year,0,0.11506905347176312
2439-QKJUL,20.25,Month-to-month,0,0.3508042500250458
1194-SPVSP,19.65,Month-to-month,0,0.3804804175606161
9534-NSXEM,20.65,One year,0,0.12513322884527175
2408-WITXK,34.7,Month-to-month,1,0.8327849404966746
8929-KSWIH,99.3,Two year,0,0.29558373046534325
2250-IVBWA,81.05,Month-to-month,0,0.23506811191862284
1810-MVMAI,67.6,Month-to-month,0,0.24544289078430287
9506-UXUSK,70.15,Month-to-month,0,0.8125795129466626
1229-RCALF,115.0,One year,0,0.35571699943444424
3572-UOLYZ,84.8,Month-to-month,0,0.43591917409694014
1429-UYJSV,19.7,One year,0,0.15994055878809343
5577-OTWWW,19.75,Month-to-month,1,0.2474109481474463
6100-QQHEB,92.55,Month-to-month,1,0.8749567581818346
6366-XIVKZ,63.15,Month-to-month,0,0.4729341288720172
3470-OBUET,74.0,Two year,0,0.0200698461336296
2770-NSVDG,29.1,Month-to-month,0,0.578176675335497
9375-MHRRS,50.05,Month-to-month,0,0.46131604527635556
2634-HCZGT,60.05,One year,1,0.14331102019411268
7503-QQRVF,74.3,Month-to-month,1,0.7315876633054248
4860-YZGZM,20.0,Month-to-month,0,0.38283024609656374
6599-GZWCM,74.65,One year,0,0.5523078558133006
2691-NZETQ,85.35,Month-to-month,1,0.8873011407394661
4404-HIBDJ,74.3,One year,1,0.13292410675932972
5533-NHFRF,44.4,Month-to-month,0,0.7771803920273024
7037-MTYVW,85.4,Two year,0,0.10214998661973422
4760-THGOT,94.1,Month-to-month,0,0.6536454081537474
7295-JOMMD,98.1,Month-to-month,1,0.7707668205075016
4016-BJKTZ,108.9,Two year,0,0.4110183458226472
6584-VQMYT,56.2,One year,0,0.11086699940150303
9838-BFCQT,26.1,Two year,0,0.00817110029487325
2790-XUYMV,85.45,One year,0,0.13171699737464232
0581-MDMPW,88.95,Month-to-month,0,0.7668016588439187
5013-SBUIH,109.65,Two year,1,0.2676046599008466
1023-BQXZE,74.35,Two year,0,0.07690502331235484
9163-GHAYE,48.85,Month-to-month,0,0.5140607306866355
3904-UKFRE,80.1,Month-to-month,0,0.8278335470538644
5353-WILCI,56.05,Month-to-month,0,0.2978268892251464
0709-TVGUR,74.55,Month-to-month,1,0.8761334634996641
0058-EVZWM,89.8,Month-to-month,0,0.49446042764457276
6023-YEBUP,100.95,Month-to-month,1,0.9194047060815423
7209-JCUDS,94.9,Month-to-month,1,0.8857568887077681
7009-PCARS,19.1,One year,0,0.02338370019091505
0519-DRGTI,20.35,Month-to-month,0,0.18443051530612842
1017-FBQMM,106.05,One year,0,0.30445044543555255
3001-CBHLQ,104.9,Month-to-month,1,0.8257930647665052
1985-MBRYP,19.65,Two year,0,0.031741324282395025
6158-DWPZT,24.1,One year,1,0.45977481605031245
9372-TXXPS,59.85,Two year,0,0.016453400174623753
3259-QMXUN,86.1,Two year,0,0.1231529707012166
1015-JPFYW,19.45,One year,0,0.16178603014396464
6645-MXQJT,97.1,Month-to-month,0,0.7800188935135497
4360-QRAVE,36.65,Month-to-month,0,0.4391723371711149
8433-WPJTV,103.9,One year,0,0.3466412014386442
5804-JMYIO,19.75,Two year,0,0.0233303917115704
3763-GCZHZ,104.05,One year,1,0.4343967476690842
6484-LATFU,24.55,Two year,0,0.012034453912642155
7599-NTMDP,48.7,Two year,0,0.023122456708060905
0772-GYEQQ,88.35,Month-to-month,1,0.7850706395828624
0536-ACXIP,109.55,Two year,0,0.23960178752306094
0936-NQLJU,20.65,Two year,0,0.025412730286997982
4831-EOBFE,94.65,Month-to-month,1,0.544870066762057
1575-KRZZE,55.2,Month-to-month,0,0.5006552003892377
3251-YMVWZ,24.05,One year,0,0.04263470056572879
4102-OQUPX,74.4,Month-to-month,1,0.9061068501041892
9170-GYZJC,79.9,Month-to-month,1,0.16809585714980338
4884-LEVMQ,20.45,Two year,0,0.039249051283891376
8857-CUPFQ,19.25,Two year,0,0.011285669279581755
7610-TVOPG,26.35,Month-to-month,0,0.4678300928821973
3638-DIMPH,43.8,One year,0,0.3946752279947929
1845-ZLLIG,50.15,Month-to-month,0,0.6347275282030937
8559-WNQZS,20.45,Two year,0,0.13006883944823772
3999-QGRJH,69.7,Month-to-month,1,0.8561619545990969
1699-UOTXU,61.4,Two year,0,0.03318635769703456
2454-RPBRZ,98.1,Month-to-month,1,0.8642478513376485
0635-WKOLD,70.75,One year,0,0.1574536213115678
5993-JSUWV,61.15,Two year,0,0.02503965291818662
4518-FZBSX,20.25,One year,0,0.04245498213705745
5387-ASZNZ,63.85,One year,0,0.058196411887773594
6988-CJEYV,98.7,Month-to-month,0,0.701701246376353
2002-MZHWP,20.5,Month-to-month,1,0.3806997476652395
3097-FQTVJ,20.0,Two year,0,0.026327451095443443
5465-BUBFA,19.3,Two year,0,0.02051525969753011
7299-GNVPL,84.4,Month-to-month,0,0.34425444152817836
9743-DQKQW,25.1,Month-to-month,0,0.7629613650026811
1215-VFYVK,48.25,Month-to-month,0,0.5554876979896464
9371-BITHB,19.85,Two year,0,0.013738863247189096
2265-CYWIV,99.6,Month-to-month,1,0.8987688062114936
9093-FPDLG,94.2,Month-to-month,0,0.7751318236596473
0541-FITGH,62.15,Month-to-month,0,0.6090911304549843
6985-HAYWX,79.3,Month-to-month,0,0.6058253190308928
7508-KBIMB,56.25,One year,0,0.17488917277248023
6838-HVLXG,20.3,Month-to-month,0,0.2800027673253553
2277-DJJDL,99.0,Month-to-month,0,0.7071037254736703
1897-OKVMW,90.6,Two year,0,0.047258530266256794
5485-ITNPC,85.9,Two year,0,0.04016104197732367
0233-FTHAV,79.2,One year,0,0.2953026457379283
4644-PIZRT,70.35,One year,0,0.3087747247585746
8922-NPKBJ,19.35,Two year,0,0.02167897725635175
2740-TVLFN,50.15,Month-to-month,0,0.7857935986153711
7771-CFQRQ,63.8,Two year,0,0.04211921990445225
9512-PHSMG,20.55,Month-to-month,0,0.37707998681111654
6963-EZQEE,88.55,Two year,0,0.05876581007441035
2452-KDRRH,101.4,Month-to-month,0,0.6367674418870213
2004-OCQXK,81.95,Month-to-month,1,0.8826343350712514
5027-QPKTE,69.35,Month-to-month,1,0.8431029058911904
4146-SVFUD,44.6,Month-to-month,0,0.5968507514882146
1564-HJUVY,63.75,Month-to-month,0,0.5720880933770978
3617-XLSGQ,109.25,Two year,0,0.11300072365415637
7517-LDMPS,84.6,Month-to-month,0,0.8307228006656906
7244-KXYZN,20.45,One year,0,0.09712458102329136
5226-NOZFC,85.75,Month-to-month,0,0.7606252830272321
2672-HUYVI,91.1,Month-to-month,1,0.8908757565158055
1400-WIVLL,107.95,Two year,0,0.2569292006727163
7508-MYBOG,86.1,Month-to-month,1,0.8735300045367712
8148-NLEGT,22.95,Two year,0,0.03928544928712551
0148-DCDOS,94.7,Month-to-month,1,0.8195918718694241
8347-GDTMP,19.45,Two year,0,0.009833992130707573
9992-RRAMN,85.1,Month-to-month,1,0.8511700428544122
6746-WAUWT,19.7,One year,0,0.16211160396752516
0310-MVLET,99.15,Month-to-month,1,0.6474679988464369
0428-IKYCP,87.0,Month-to-month,0,0.7283057098915773
4550-VBOFE,102.95,Month-to-month,1,0.6921287678500347
2187-PKZAY,79.95,Month-to-month,0,0.7997325503906683
4003-OCTMP,64.0,One year,0,0.23245752242719292
6652-YFFJO,64.9,Month-to-month,0,0.7639838979614569
7225-IILWY,25.75,Two year,0,0.009563745318937158
5248-RPYWW,90.15,Two year,0,0.04405063007482513
7923-IYJWY,116.1,Two year,0,0.16547071629812152
3170-GWYKC,104.95,Month-to-month,0,0.399761659137048
5696-QURRL,45.05,Month-to-month,1,0.6721819230811423
7409-KIUTL,71.0,Month-to-month,1,0.8475014194936566
9830-ECLEN,50.0,One year,0,0.07601812207093839
1732-VHUBQ,70.55,Month-to-month,1,0.38927258216563776
0495-RVCBF,79.7,Month-to-month,1,0.8877250815204947
2668-TZSPS,20.45,Month-to-month,0,0.38856713079226113
7854-EDSSA,59.0,Month-to-month,1,0.42006282941325657
8869-TORSS,60.35,One year,1,0.07443628304413687
7446-SFAOA,19.85,One year,0,0.08147237911749819
9522-ZSINC,19.95,One year,0,0.26971728433523534
8234-GSZYK,26.45,Two year,0,0.030512761021205318
6505-OZNPG,63.4,Two year,0,0.2887954033709931
6164-HAQTX,53.95,Two year,0,0.022128007232060844
0679-IDSTG,69.25,Month-to-month,1,0.8547844008155234
7765-LWVVH,95.1,Two year,0,0.1339490548118887
1658-TJVOA,74.1,Month-to-month,0,0.8036669854228757
0953-LGOVU,35.5,Month-to-month,0,0.4344531788211472
2115-BFTIW,70.95,Month-to-month,1,0.5945206133071784
4692-NNQRU,79.2,One year,0,0.45041918492224414
7742-MYPGI,48.8,Month-to-month,0,0.491807233487998
0611-DFXKO,89.0,Month-to-month,1,0.8152191983157944
7780-OTDSO,99.4,Month-to-month,1,0.8467252156502852
9619-GSATL,55.45,One year,0,0.11826024068179641
5622-UEJFI,25.4,Two year,0,0.047095694467231226
9747-DDZOS,73.5,Month-to-month,1,0.743649377915865
0674-DGMAQ,93.5,Month-to-month,0,0.8151101914484808
6203-HBZPA,63.9,Two year,0,0.058393121305388256
0484-FFVBJ,64.85,One year,0,0.3482685051356236
0301-FIDRB,63.8,Two year,0,0.03454807929121054
4139-JPIAM,44.45,Month-to-month,0,0.23022941249265763
2181-TIDSV,19.95,Two year,0,0.009447137967831365
2761-XECQW,43.35,Month-to-month,0,0.7732354390327837
1936-CZAKF,49.65,Two year,0,0.11908353906365533
9453-PATOS,85.1,Two year,0,0.025745157886498705
0564-JJHGS,95.5,Month-to-month,1,0.910410933284473
3348-CFRNX,92.35,Month-to-month,1,0.7017251380616638
4402-FTBXC,89.8,Month-to-month,0,0.35664299422613016
1428-GTBJJ,74.55,Month-to-month,1,0.8000207382742702
2931-XIQBR,103.05,One year,0,0.2615635115036591
0106-UGRDO,116.0,Two year,0,0.1976217478244371
5542-TBBWB,69.9,Month-to-month,0,0.8640518652170135
1930-QPBVZ,95.1,Two year,0,0.04822967753627746
2606-PKWJB,40.25,One year,0,0.07624638573340455
5322-ZSMZY,25.75,Two year,0,0.042284724551963984
8059-UDZFY,105.35,Month-to-month,0,0.7378147617701358
7740-BTPUX,113.6,Two year,0,0.35584067586004664
5220-AGAAX,24.0,Two year,0,0.013104309445385771
0208-BPQEJ,19.4,Month-to-month,0,0.23190840001391952
9435-JMLSX,86.1,Two year,0,0.03501186754429814
3352-ALMCK,102.65,Month-to-month,0,0.7438883124037541
5312-IRCFR,92.85,One year,0,0.3765744572231108
5294-IMHHT,97.75,One year,0,0.25331166066128835
8802-UNOJF,83.8,Month-to-month,1,0.6896838101739498
6313-GIDIT,54.45,Month-to-month,1,0.5449054351108075
6176-YJWAS,97.95,Two year,0,0.12450086361323502
5310-NOOVA,19.95,Two year,0,0.031053665028954094
4526-EXKKN,24.6,Two year,0,0.05123854031975643
5311-IHLEI,50.95,Month-to-month,0,0.5121755847416025
3987-KQDDU,75.6,Month-to-month,0,0.6952189801962851
3404-JNXAX,80.75,Month-to-month,0,0.49735322993432773
5131-PONJI,90.4,Month-to-month,0,0.481064092428853
2845-AFFTX,99.8,Month-to-month,1,0.8437256314178087
3489-VSFRD,60.25,One year,0,0.0568673046636558
3345-JHUEO,20.2,Month-to-month,0,0.5261187928920055
5815-HGGHV,64.15,One year,0,0.2429583283827301
5260-UMPWX,20.25,Month-to-month,0,0.18701563465286805
2249-YPRNG,105.85,Month-to-month,1,0.7751346215445631
7410-YTJIK,75.45,Month-to-month,1,0.7619007570729411
4626-GYCZP,93.85,Month-to-month,1,0.9174518822469758
5649-RXQTV,99.0,Month-to-month,0,0.696966675548179
2674-MIAHT,80.3,Month-to-month,0,0.8091249199482017
2576-HXMPA,19.55,Month-to-month,0,0.37304423060117353
7587-AOVVU,100.75,Month-to-month,0,0.537373077313344
5590-BYNII,100.75,Month-to-month,1,0.8246357710819415
6898-MDLZW,53.75,Month-to-month,0,0.4607027318766589
3237-AJGEH,31.0,Month-to-month,1,0.6317540159584116
4707-YNOQA,25.6,One year,0,0.09483847284822954
9357-UJRUN,58.35,One year,0,0.27892609404007485
1591-NFNLQ,80.0,Month-to-month,1,0.4615378429737395
8648-PFRMP,46.35,Month-to-month,0,0.8417623911885003
7663-CUXZB,113.75,Two year,0,0.17836272500713726
0258-NOKBL,90.4,Month-to-month,0,0.8148785581281083
1163-VIPRI,109.3,Two year,0,0.14750628296049545
2815-CPTUL,70.25,Month-to-month,1,0.819755733853998
9348-ROUAI,90.3,Two year,0,0.036117015644475656
9443-JUBUO,65.25,Two year,0,0.03308397616098482
0596-BQCEQ,100.15,Month-to-month,1,0.5774990869988375
1481-ZUWZA,94.5,Month-to-month,1,0.6529637623529903
3043-TYBNO,60.65,Month-to-month,0,0.5486837607873786
4830-FAXFM,24.1,Month-to-month,0,0.2926336355055422
5906-BFOZT,19.5,Month-to-month,0,0.4759039242616429
2960-NKRSO,85.95,Month-to-month,0,0.6488669481307827
8996-ZROXE,53.5,One year,0,0.13530253300859993
5598-IKHQQ,25.45,Two year,0,0.009416576307989238
0397-ZXWQF,20.5,Two year,0,0.008866366951633465
5266-PFRQK,20.85,One year,0,0.0367749568190957
4674-HGNUA,89.9,Two year,0,0.028283392566331115
6765-MBQNU,26.0,One year,0,0.11972417429701022
9786-IJYDL,113.2,Two year,0,0.26583122046914676
1303-SRDOK,69.05,Two year,0,0.12545844664965108
3769-MHZNV,20.1,Two year,0,0.029810211220605048
6295-OSINB,109.65,Two year,0,0.23432717087823196
3308-MHOOC,19.2,Month-to-month,0,0.4207743467954986
2309-OSFEU,33.9,Month-to-month,1,0.7592816542295763
2207-QPJED,90.0,Month-to-month,0,0.6177528617498798
4177-JPDFU,34.0,Month-to-month,0,0.4958509231680635
2239-CFOUJ,20.4,One year,0,0.19874424326427054
8046-DNVTL,38.6,Two year,0,0.02931406881922463
2209-XADXF,25.25,Month-to-month,0,0.6930984330005531
6620-JDYNW,60.6,Month-to-month,0,0.46942577146966935
1891-FZYSA,89.95,Month-to-month,1,0.6028551527823875
4770-UEZOX,74.75,Month-to-month,0,0.8399200751988807
1038-RQOST,20.6,Month-to-month,0,0.19473353747362057
7613-LLQFO,84.45,Month-to-month,1,0.8815500812335973
4568-TTZRT,20.4,Month-to-month,0,0.31235452705310585
9513-DXHDA,81.7,One year,0,0.2384816285450385
2640-PMGFL,79.5,Month-to-month,1,0.6771663275815653
3801-HMYNL,89.15,Month-to-month,1,0.8078468984332628
0516-QREYC,20.3,Month-to-month,0,0.27530897864586334
9685-WKZGT,74.95,Month-to-month,1,0.862209861606745
6022-UGGSO,74.4,Month-to-month,1,0.6981951557635763
8084-OIVBS,20.0,One year,0,0.16393124857685165
8896-BQTTI,25.0,Month-to-month,0,0.5320001900997862
3865-QBWSJ,80.45,Month-to-month,0,0.5370902878361071
3352-RICWQ,19.75,Two year,0,0.07878500060421442
2160-GPFXD,65.65,Two year,0,0.03099109806423651
2065-MMKGR,71.0,One year,0,0.4259381581554867
5857-TYBCJ,89.2,Month-to-month,0,0.7809881776253238
1498-NHTLT,86.75,Two year,0,0.058225664690644566
4484-CGXFK,55.3,Month-to-month,1,0.7705031001885451
1402-PTHGN,61.5,One year,0,0.14115431439509082
4176-RELJR,25.1,Two year,0,0.013756125614872407
6214-EDAKZ,55.15,Month-to-month,1,0.3170463919612284
5199-FPUSP,34.05,One year,0,0.10657912012000653
6377-KSLXC,19.95,Month-to-month,0,0.35221102506141183
1796-JANOW,19.95,Month-to-month,0,0.373587518096719
0238-WHBIQ,89.7,Two year,0,0.026518850990503905
8735-NBLWT,20.4,Month-to-month,0,0.26532485310293824
6651-RLGGM,26.3,Two year,0,0.0098961955197013
6127-ISGTU,84.95,Month-to-month,1,0.8656746383721243
1614-JBEBI,20.7,Month-to-month,0,0.38813915666341453
8740-XLHDR,43.25,Month-to-month,1,0.5348483447394845
1208-DNHLN,48.35,One year,1,0.30761248673260433
1761-AEZZR,79.55,Month-to-month,1,0.888578857525769
3923-CSIHK,71.05,Month-to-month,1,0.5970735131259527
5696-EXCYS,19.45,Two year,0,0.06913211291857221
5795-KTGUD,110.8,Two year,0,0.17877564318677078
7120-RFMVS,84.5,Month-to-month,1,0.8784098969341869
7924-GJZFI,69.3,Month-to-month,0,0.7775999781090761
4702-HDRKD,49.35,One year,0,0.07491526989660013
8512-WIWYV,20.35,One year,0,0.07390217383167888
5897-ZYEKH,105.6,One year,0,0.4382834196876304
5456-ITGIC,64.45,Two year,0,0.05014349869861327
7317-GGVPB,108.6,Two year,1,0.18451002305210926
1406-PUQVY,49.9,Month-to-month,0,0.6629449660329078
1322-AGOQM,30.3,Month-to-month,1,0.2458020951125032
3677-IYRBF,30.4,Month-to-month,1,0.8341807948498979
5692-FPTAH,45.4,Month-to-month,1,0.6633258682610285
9114-AAFQH,65.65,One year,0,0.2307370371764591
8715-KKTFG,103.3,One year,0,0.3991200546289235
1550-LOAHA,84.15,Month-to-month,1,0.5702355592016778
1728-BQDMA,44.45,Month-to-month,0,0.6622528402188363
0268-QKIWO,19.75,Month-to-month,1,0.4486259397580886
0876-WDUUZ,85.4,Month-to-month,1,0.7650068779264583
5117-ZSMHQ,89.9,Two year,0,0.026834291654639644
5151-HQRDG,55.05,Month-to-month,0,0.32977013151603607
0960-HUWBM,104.1,Two year,0,0.18412040835851565
6465-GSRCL,106.6,One year,0,0.2739649684271977
0617-FHSGK,75.2,Month-to-month,1,0.4099329098321542
0263-FJTQO,70.5,Two year,0,0.05268980403382538
7319-ZNRTR,19.6,One year,0,0.11323249269785814
2858-MOFSQ,55.85,One year,1,0.34027856993229816
7503-EPSZW,24.05,Two year,0,0.015680909836459544
7089-XXAYG,38.1,One year,0,0.4428211670423979
8118-LSUEL,106.4,Month-to-month,1,0.873535701215612
8070-AAWZP,34.25,Month-to-month,0,0.44737313641226667
1666-JXLKU,100.05,Month-to-month,0,0.8277668045931299
7855-DIWPO,68.65,Month-to-month,0,0.771088176345493
5133-POWUA,45.8,Month-to-month,0,0.6684918640825419
5652-MSDEY,75.75,Month-to-month,0,0.804507120599979
7005-CCBKV,84.4,Month-to-month,1,0.8593118302202293
1810-BOHSY,96.4,One year,0,0.3272294508268504
1784-BXEFA,20.55,Month-to-month,0,0.3695731101292175
7351-MHQVU,50.95,Month-to-month,0,0.4804913295835678
9224-VTYID,90.5,Two year,0,0.07634455995201406
9500-IWPXQ,79.4,One year,0,0.1000111909546963
5762-TJXGK,58.75,Two year,0,0.10185793021755622
4504-YOULA,59.45,Month-to-month,0,0.2570868157320406
5569-IDSEY,105.7,One year,0,0.37656608092366944
4250-FDVOU,56.25,Month-to-month,1,0.48034881661406603
7284-ZZLOH,53.3,Two year,0,0.042901057133719854
5277-ZLOOR,85.55,Month-to-month,1,0.9156548694911003
2141-RRYGO,68.65,Month-to-month,1,0.7043419762435725
1777-JYQPJ,24.3,Month-to-month,0,0.7061051863081245
6376-GAHQE,77.85,Month-to-month,1,0.8436217998699512
3401-URHDA,59.9,One year,0,0.06666842624232847
1599-EAHXY,23.95,One year,0,0.026493582332562222
8631-XVRZL,20.15,One year,0,0.23465877206217123
5052-PNLOS,105.35,Month-to-month,1,0.8678323157850601
3853-LYGAM,95.65,Month-to-month,0,0.7485545635383801
6979-ZNSFF,87.05,Month-to-month,1,0.8849493559373968
5751-USDBL,81.0,Two year,0,0.049172219592024544
5680-LQOGP,82.45,Two year,0,0.03802578391118284
2386-LAHRK,53.5,Month-to-month,1,0.7254650866105068
8189-DUKMV,20.5,One year,0,0.20142191468644216
6032-IGALN,25.1,Month-to-month,1,0.7695364377654718
9931-DCEZH,54.4,One year,0,0.14840845805271427
1898-JSNDC,58.6,One year,0,0.21072722596504784
0315-LVCRK,84.8,Month-to-month,0,0.8050347772020345
3911-RSNHI,61.4,Two year,0,0.05917275213146213
2410-CIYFZ,20.4,Month-to-month,0,0.3265846073027467
4248-HCETZ,79.65,Month-to-month,1,0.6451822555487646
5505-OVWQW,20.15,One year,0,0.13227004200884515
7271-AJDTL,94.45,Month-to-month,0,0.5548113963280625
1867-TJHTS,79.8,Month-to-month,0,0.38074862949479615
0516-WJVXC,54.2,Month-to-month,1,0.4513889671503173
9174-FKWZE,19.45,Month-to-month,1,0.5921551547583782
6860-YRJZP,74.05,Month-to-month,0,0.8819672197688017
4429-WYGFR,49.15,Month-to-month,0,0.285774222719625
2817-LVCPP,19.4,Two year,0,0.017582651598177877
5038-ETMLM,113.65,Two year,0,0.13153541965404808
5056-FIMPT,106.0,One year,0,0.2545726960945295
4521-WFJAI,25.95,Two year,0,0.025474702963376335
6569-KTMDU,19.1,Month-to-month,0,0.38807550386473894
8809-RIHDD,103.4,Two year,1,0.2562712581955243
8809-XKHMD,100.55,Two year,0,0.09583885970138428
0396-YCHWO,95.4,Month-to-month,0,0.8372357072196069
0867-LDTTC,75.15,Month-to-month,0,0.5673669331885854
4822-NGOCH,84.45,Month-to-month,1,0.8173656770848063
9391-DXGGG,89.15,One year,0,0.3477805052343712
9844-FELAJ,107.9,One year,0,0.3869581724338019
2122-SZZZD,19.5,One year,0,0.04573168189441005
5307-DZCVC,85.95,Month-to-month,1,0.752047645107801
3148-AOIQT,24.95,Two year,0,0.015036227296301528
8679-JOEVF,59.4,Month-to-month,1,0.5583322811613645
8395-ETZKQ,19.5,One year,0,0.01579194853094314
6692-YQHXC,69.95,Month-to-month,0,0.7285587007642566
3889-VWBID,82.85,Two year,0,0.022102614569768822
5222-JCXZT,19.0,Month-to-month,0,0.3664385757268145
9754-CLVZW,38.85,Month-to-month,0,0.22040834919516983
1432-FPAXX,30.6,Month-to-month,1,0.5632375075093355
2739-CCZMB,20.35,Month-to-month,0,0.2892990795915696
7080-TNUWP,95.0,One year,0,0.29602885940637463
0496-AHOOK,74.4,One year,0,0.19669740257978713
8336-TAVKX,78.45,Two year,0,0.027210677931177814
2468-SJFLM,74.3,Month-to-month,0,0.7611993530036538
3181-VTHOE,51.05,One year,0,0.08956671183259451
7168-HDQHG,19.2,Month-to-month,0,0.09979294855008113
4803-AXVYP,99.55,Month-to-month,1,0.7963169252149529
3884-HCSWG,70.0,Month-to-month,1,0.7853337200573723
4567-AKPIA,109.1,One year,0,0.41988582564555976
5077-DXTCG,45.3,Month-to-month,1,0.7366289577273749
1142-WACZW,29.85,Month-to-month,1,0.6138577094629406
7901-HXJVA,76.45,Month-to-month,0,0.739924705832767
5649-ANRML,95.1,Month-to-month,1,0.7766900653232236
4892-VLANZ,19.8,Month-to-month,1,0.39201089583708004
5924-IFQTT,72.8,Month-to-month,0,0.6025215220349996
7968-QUXNS,18.95,Month-to-month,0,0.3469402343186877
2919-HBCJO,76.65,Month-to-month,1,0.7556973940203718
4236-XPXAV,99.15,Month-to-month,1,0.7524557236491894
8903-WMRNW,101.75,Month-to-month,0,0.7556224771911115
2452-SNHFZ,75.45,Month-to-month,0,0.3170250345210882
3629-WEAAM,64.1,Month-to-month,0,0.4954230567736378
6029-CSMJE,25.65,Month-to-month,0,0.638943241653008
7993-NQLJE,75.1,Month-to-month,0,0.525040468198751
9909-DFRJA,95.85,One year,0,0.3589039560169085
9099-FTUHS,54.4,Month-to-month,0,0.4386288218974465
0581-BXBUB,72.75,Month-to-month,0,0.8069316648147523
4962-CHQPW,19.85,One year,0,0.06978939403999351
9467-ROOLM,19.05,Month-to-month,0,0.18637813760411093
3030-YZADT,44.95,Month-to-month,1,0.5235404272203579
7410-KTVFV,49.55,Month-to-month,1,0.5212354075992428
5150-ITWWB,94.85,Month-to-month,0,0.9346845534949131
2253-KPMNB,46.25,Two year,0,0.012528018875191655
1345-ZUKID,19.35,One year,0,0.15472358258279156
6429-SHBCB,69.6,Month-to-month,0,0.6305680967208298
9281-OFDMF,90.7,Month-to-month,0,0.7101433834408188
2603-HVKCG,101.4,Month-to-month,0,0.7878701033883954
1834-WULEG,20.25,One year,0,0.08559362041943175
9097-ZUBYC,48.8,Month-to-month,0,0.38869106598481534
5148-ORICT,74.35,Two year,0,0.03177051662946737
4893-GYUJU,19.35,One year,0,0.05145302040663072
4578-PHJYZ,68.75,One year,0,0.13621726128485312
7272-QDCKA,100.2,One year,0,0.6457787287623404
8908-SLFCJ,20.85,Two year,0,0.07589909152075912
8393-DLHGA,95.9,Month-to-month,1,0.7817395864685476
9766-HGEDE,19.35,One year,0,0.13538065892648643
6968-MHOMU,45.0,One year,0,0.2402488592707276
7395-IGJOS,81.5,Month-to-month,1,0.7335234782824731
5044-XDPYX,25.5,Two year,0,0.023344645885944607
1814-WFGVS,48.9,Two year,0,0.019769316201506026
2834-SPCJV,84.1,Month-to-month,1,0.4669470849402752
3721-WKIIL,19.6,Two year,0,0.06481230292694976
6734-CKRSM,20.0,Month-to-month,0,0.363778786004941
1265-ZFOSD,81.3,Two year,0,0.041116237808916455
6568-POCUI,95.2,Two year,0,0.2538425514216636
7890-VYYWG,36.45,Month-to-month,1,0.8200870140774317
5197-LQXXH,83.3,Two year,0,0.06546666183233772
9907-SWKKF,25.05,Month-to-month,1,0.7356131674000057
3457-PQBYH,20.3,Two year,0,0.009985134749111476
7682-AZNDK,89.85,Month-to-month,0,0.6774503157883334
0587-DMGBH,49.85,Month-to-month,1,0.5879259642165778
5384-ZTTWP,19.8,Month-to-month,0,0.21790035496080504
3745-HRPHI,54.65,Two year,0,0.04727060757890407
7636-OWBPG,29.35,Month-to-month,0,0.6799136317367613
1231-YNDEK,19.15,Two year,0,0.01770864970476766
1407-DIGZV,19.1,Two year,0,0.0997974088756538
6397-JNZZG,55.55,Month-to-month,1,0.44051137424618597
0570-BFQHT,80.55,Month-to-month,0,0.7319831937037217
4393-OBCRR,20.25,One year,0,0.2152285321908747
3523-QRQLL,69.5,One year,1,0.3385254042249651
8564-LDKFL,106.0,One year,0,0.5600858907210148
3696-DFHHB,25.5,Two year,0,0.011214728710049622
0895-DQHEW,104.3,Month-to-month,1,0.7291432181049203
4717-GHADL,79.6,Two year,0,0.11717569724247039
5501-TVMGM,55.25,Month-to-month,0,0.787142540677871
5879-HMFFH,88.05,Two year,0,0.03459430452283408
6772-WFQRD,20.4,One year,0,0.05944101840728321
3810-DVDQQ,117.6,Two year,0,0.10157209252297249
6972-SNKKW,20.0,Month-to-month,0,0.33438126405451324
3694-GLTJM,19.65,Month-to-month,0,0.4119641862100069
8550-XSXUQ,70.55,One year,0,0.2193614035117793
8149-RSOUN,93.85,Month-to-month,1,0.927004322035865
9055-MOJJJ,65.8,One year,0,0.037110280117670306
4359-INNWN,20.05,One year,0,0.12610956363643858
0585-EGDDA,80.0,Month-to-month,0,0.6200190968759379
4032-RMHCI,35.4,One year,0,0.1024018852778323
0549-CYCQN,79.6,One year,0,0.36415912327329225
3481-JHUZH,80.25,Month-to-month,0,0.6850403708722886
7250-EQKIY,50.45,Month-to-month,1,0.5206126759096279
3594-IVHJZ,20.45,Month-to-month,0,0.45227764567617107
6869-FGJJC,79.6,One year,0,0.14073803396522183
3896-ZVNET,24.7,Two year,0,0.055060014201209415
8205-VSLRB,77.3,Two year,0,0.027487188955656695
5960-MVTUK,29.75,Month-to-month,0,0.761290510439221
6817-WTYHE,44.9,Month-to-month,0,0.5747154292388161
3082-VQXNH,29.8,Month-to-month,0,0.6527297761588029
4013-UBXWQ,74.65,Month-to-month,1,0.7691306295134958
4931-TRZWN,71.95,Month-to-month,0,0.6577993477516992
0750-EKNGL,20.75,Month-to-month,0,0.32897048402937923
7669-LCRSD,56.3,Month-to-month,0,0.5762762534285454
3567-PQTSO,105.25,One year,0,0.5291101075586465
5519-NPHVG,94.2,Month-to-month,1,0.9021943360661497
8043-PNYSD,19.55,Two year,0,0.008944064176358365
9938-EKRGF,84.45,Month-to-month,0,0.3634187558563787
2703-AMTUL,53.65,One year,0,0.08741060994556538
0928-JMXNP,29.9,Month-to-month,0,0.8310464481891098
8173-RXAYP,19.7,Two year,0,0.043019080799726446
4825-XJGDM,43.7,One year,0,0.04303692893189703
5402-HTOTQ,55.3,Month-to-month,0,0.5678189231524654
6734-JDTTV,19.85,Two year,0,0.01076438260269211
7850-THJMU,19.65,Two year,0,0.037739437180264686
3890-RTCMS,49.45,Month-to-month,0,0.45935706722376324
8849-GYOKR,106.55,One year,1,0.3025199104444068
3148-BLQJT,20.1,Month-to-month,1,0.3904201074468634
3717-FDJFU,20.45,Two year,0,0.0913361779975999
3665-JATSN,39.7,Month-to-month,0,0.7213404700063422
7966-YOTQW,54.5,Month-to-month,0,0.5442949962210694
0461-CVKMU,83.8,Month-to-month,1,0.5216461027442638
8806-EAGWC,55.15,Month-to-month,1,0.629071908711445
8853-TZDGH,111.6,Two year,0,0.17051789201618456
7779-LGOVN,86.65,Month-to-month,1,0.900777666045456
4324-BZCKL,55.55,Month-to-month,0,0.48470927536427844
6924-TDGMT,20.55,One year,0,0.22083016826159496
9710-ZUSHQ,106.75,Month-to-month,1,0.6885794229144584
1536-YHDOE,62.1,One year,0,0.2075380513918556
8123-QBNAZ,104.5,Month-to-month,0,0.6373234304878661
3629-ZNKXA,101.8,Month-to-month,0,0.8599761354160856
4827-LTQRJ,110.6,One year,0,0.23695817523572993
7711-YIJWC,84.9,One year,0,0.05532179561468952
5482-VXSXJ,93.2,Month-to-month,0,0.7852700897585925
7365-BVCJH,24.4,Month-to-month,0,0.8322349871230916
9620-ENEJV,70.55,Month-to-month,0,0.7127942235944171
4183-WCSEP,78.45,Month-to-month,1,0.6136613748218908
2378-YIZKA,85.0,Two year,0,0.029103365175319983
5498-TXHLF,87.45,Month-to-month,1,0.6861332972159137
0689-DSXGL,85.8,Month-to-month,0,0.23579227602434888
6818-DJXAA,91.1,Month-to-month,0,0.7579346008746118
9722-UJOJR,70.75,Month-to-month,1,0.6720756778223108
0464-WJTKO,20.1,Two year,0,0.005617193845361659
8902-ZEOVF,20.05,One year,0,0.03479462944915742
6778-EICRF,74.8,One year,0,0.27282038066246045
2662-NNTDK,24.8,One year,0,0.025990348395259363
4132-KALRO,100.85,Month-to-month,0,0.8476839833961397
3902-FOIGH,101.35,Month-to-month,1,0.9044626335507776
6772-KSATR,81.7,Month-to-month,1,0.8348687066969065
7112-OPOTK,68.25,Month-to-month,1,0.6235974090803418
2874-YXVVA,105.1,Month-to-month,0,0.7141871825251264
1245-HARPS,20.4,Two year,0,0.07883410936708027
4210-QFJMF,79.15,Month-to-month,1,0.8797885651802887
4323-ELYYB,20.0,One year,0,0.13014845191342264
4293-ETKAP,79.4,Two year,0,0.059778625598454614
6064-PUPMC,57.2,One year,0,0.10189577302856134
6504-VBLFL,58.6,Two year,0,0.040039324867047726
6322-PJJDJ,94.8,Two year,0,0.36715293488520256
0330-BGYZE,102.5,One year,0,0.370229672771526
1085-LDWAM,20.35,One year,0,0.01804864192863137
7586-ZATGZ,84.9,Month-to-month,0,0.7648709759634723
7197-VOJMM,69.2,Two year,0,0.028093186344738605
3318-OSATS,95.45,Month-to-month,1,0.8601607181304548
5828-AVIPD,100.95,One year,1,0.6822755508582153
1843-TLSGD,20.85,Two year,0,0.06561507969444813
9626-VFRGG,88.5,Month-to-month,0,0.5976202241673133
7075-BNDVQ,35.0,Month-to-month,0,0.5700730504903316
9143-CANJF,55.15,Month-to-month,0,0.2501890184866486
7284-BUYEC,50.95,Month-to-month,0,0.783591337585971
2041-JIJCI,64.0,Month-to-month,0,0.778038252439559
1086-LXKFY,69.1,Month-to-month,1,0.7817024232746158
4900-MSOMT,80.2,Two year,0,0.017668266669483068
2229-VWQJH,49.3,Month-to-month,0,0.445715128075936
9194-GFVOI,84.35,Two year,0,0.08180800712329156
1336-EZFZY,20.05,Month-to-month,0,0.3538094353739005
4282-MSACW,117.2,One year,0,0.252696030256892
1403-LKLIK,20.1,One year,0,0.05813281539588786
2636-ALXXZ,69.6,Month-to-month,1,0.8782672861327541
7774-OJSXI,103.45,One year,1,0.7040175307843004
7786-WBJYI,77.95,Month-to-month,1,0.7513014648666265
0136-IFMYD,109.95,Two year,0,0.29287350361414427
5144-TVGLP,94.75,Month-to-month,0,0.8013632797933794
9643-AVVWI,80.0,Month-to-month,0,0.7361332577164357
0253-ZTEOB,79.65,Two year,0,0.10351546035245815
2706-QZIHY,25.2,Two year,0,0.09573250726160197
6061-PQHMK,19.9,One year,0,0.0941917044506575
9885-CSMWE,78.45,Month-to-month,1,0.8682018615749347
6137-MFAJN,44.8,Month-to-month,0,0.36423185196203983
9122-UMROB,20.3,Month-to-month,0,0.38936087273219905
4232-JGKIY,19.2,Month-to-month,0,0.4806682637354498
2402-TAIRZ,80.05,One year,0,0.3726967510042589
9659-ZTWSM,107.35,One year,0,0.38021535492940167
9139-TWBAS,47.85,One year,0,0.23491959742651683
6685-GBWJZ,70.8,One year,0,0.04364912468577199
5016-ETTFF,29.5,Month-to-month,1,0.6220039261202615
3866-MDTUB,70.75,Month-to-month,1,0.7366551907853551
2195-VVRJF,59.1,Month-to-month,0,0.5219949760714127
3913-RDSJZ,25.55,Two year,0,0.014107677188765579
8058-JMEQO,84.45,Month-to-month,1,0.9030387891664662
4203-QGNZA,20.25,Month-to-month,0,0.13539962618993936
5043-TRZWM,75.55,Month-to-month,0,0.805261038824886
0697-ZMSWS,85.65,Month-to-month,1,0.9027418208745644
7657-DYEPJ,70.15,One year,1,0.18647386542777913
9494-BDNNC,95.3,One year,0,0.33964455942501903
1640-PLFMP,70.25,Month-to-month,0,0.8592941812732063
5366-OBVMR,50.3,Month-to-month,0,0.43401976947219706
8276-MQBYC,97.8,Month-to-month,1,0.7998325730024908
7644-OMVMY,19.85,Two year,0,0.14600917249761847
7593-XFKDI,46.3,Month-to-month,1,0.5877109784769456
4573-JKNAE,19.35,Two year,0,0.06742629495385832
0337-CNPZE,106.3,Month-to-month,1,0.7897612328109737
9817-APLHW,25.0,Month-to-month,0,0.4235303007291037
8380-MQINP,20.3,Two year,0,0.01188032009891344
0840-DFEZH,75.35,Month-to-month,0,0.8660691751955278
1513-XNPPH,89.4,Month-to-month,1,0.7975265542726573
8690-ZVLCL,88.0,Two year,0,0.030812428844105257
6015-VVHHE,83.15,Month-to-month,1,0.8756082324825928
1125-SNVCK,43.8,Month-to-month,0,0.22021245358819513
0384-LPITE,62.05,One year,0,0.19883118066788255
4616-EWBNJ,20.1,One year,0,0.1309183224458615
6347-DCUIK,74.15,Month-to-month,1,0.8160692149230375
1335-HQMKX,101.35,One year,0,0.4711361175823776
2545-EBUPK,84.05,Month-to-month,0,0.9201958921653071
6923-AQONU,20.9,Two year,0,0.04520096784770999
2172-EJXVF,105.9,One year,0,0.500840085470746
0897-FEGMU,99.5,Month-to-month,1,0.9032281701406119
7663-RGWBC,44.15,Month-to-month,1,0.6765820369718581
1120-BMWUB,53.9,Month-to-month,1,0.4158727230916118
9124-LHCJQ,85.45,Month-to-month,1,0.8742023638162634
4536-PLEQY,85.05,Month-to-month,0,0.7730774239984742
7029-IJEJK,44.1,One year,0,0.08349582745372075
8871-JLMHM,90.2,Two year,0,0.07579671711079297
2235-ZGKPT,50.85,Month-to-month,1,0.5639270572326058
3891-PUQOD,59.2,Month-to-month,1,0.6650692965053416
5447-VYTKW,53.45,Month-to-month,0,0.2186303664708429
3623-FQBOX,19.95,Month-to-month,0,0.27884239716763237
0689-NKYLF,83.2,Month-to-month,1,0.8463051005738527
8659-HDIYE,74.65,Month-to-month,0,0.175171132648922
3658-KIBGF,54.9,Month-to-month,1,0.6105483558726449
3474-BAFSJ,57.5,Two year,0,0.0985773503852569
5519-YLDGW,103.9,Month-to-month,1,0.832965308621032
3865-ZFZIB,19.65,Two year,0,0.0662549574131898
1855-AGAWH,93.8,One year,0,0.685789852581146
7109-CQYUZ,89.25,Two year,0,0.08196562419618793
1370-GGAWX,94.15,One year,0,0.5462013938482982
4680-KUTAJ,55.6,Month-to-month,0,0.6527663805428611
5307-UVGNB,48.7,Month-to-month,0,0.2114978942441462
4946-EDSEW,19.25,Month-to-month,1,0.3178047023086584
2883-ILGWO,104.9,Month-to-month,0,0.597603512209583
2516-VQRRV,75.45,Month-to-month,1,0.8600521062909368
7580-UGXNC,54.85,Month-to-month,1,0.4707845422380669
3642-BYHDO,19.9,Two year,0,0.005821711284630243
9629-NHXFW,19.4,Month-to-month,0,0.41638155874053173
2696-RZVZW,25.05,Two year,0,0.01142819828089895
5766-FTRTS,84.45,Two year,0,0.02628687473566534
0396-HUJBP,19.3,Month-to-month,0,0.3773163977329905
5178-LMXOP,95.1,Month-to-month,1,0.9379988175162867
8879-ZKJOF,79.85,One year,0,0.16323181484695834
6285-FTQBF,25.55,Two year,0,0.00786864379518506
8185-UPYBR,75.5,Month-to-month,1,0.8736878904382648
4585-HETAI,73.75,Month-to-month,1,0.8171740176256532
7526-BEZQB,96.05,Month-to-month,1,0.9032218640135059
1474-JUWSM,68.4,One year,0,0.14567967509402802
3530-CRZSB,20.65,Month-to-month,0,0.3230792629033873
8498-XXGWA,55.15,Month-to-month,0,0.12103190079606417
9617-INGJY,70.6,Month-to-month,0,0.8154216165627238
0621-TSSMU,19.95,One year,0,0.028611724580912847
7234-KMNRQ,19.0,Month-to-month,0,0.36617630996952505
7636-PEPNS,44.1,One year,0,0.08450855588095355
4683-WYDOU,107.6,Two year,0,0.23966088730518484
9052-DHNKM,61.55,One year,0,0.22656499162165195
6794-HKIAJ,90.7,Month-to-month,0,0.27118734943371214
5578-NKCXI,99.25,One year,0,0.19499694112408225
1642-HMARX,91.7,Two year,0,0.07517640908729754
3096-WPXBT,100.7,One year,0,0.22289745423885843
8434-PNQZX,78.45,Two year,0,0.15496968786475607
5950-AAAGJ,84.3,Month-to-month,0,0.7495284263330344
4299-OPXEJ,19.55,Two year,0,0.018798167393017
4951-UKAAQ,88.95,Month-to-month,1,0.8882703290311154
9618-LFJRU,20.45,Month-to-month,0,0.33957942272968233
6693-DJWTY,55.6,One year,0,0.08079328691474778
0744-GKNGE,86.8,Month-to-month,0,0.22956097027843692
6447-EGDIV,20.95,One year,0,0.07735583255801345
1167-OYZJF,20.05,Two year,0,0.013830715817001056
2108-YKQTY,50.7,Month-to-month,1,0.500166822282997
4806-DXQCE,113.65,Two year,0,0.20758175637344364
4918-QLLIW,53.4,Month-to-month,1,0.627133253713157
7056-IMHCC,101.9,Month-to-month,1,0.7747196179664656
4854-SSLTN,59.5,Two year,0,0.09635437221856935
5294-DMSFH,87.8,Month-to-month,0,0.7201110567251758
4837-PZTIC,41.9,Two year,0,0.03939147445782011
1625-JAIIY,83.0,One year,1,0.3617454040300149
0603-OLQDC,69.85,Month-to-month,0,0.5456862330910475
3272-VUHPV,56.3,Month-to-month,0,0.3291585810915701
4176-FXYBO,109.55,Month-to-month,0,0.5981315750142933
1063-DHQJF,92.15,Two year,0,0.08864442116793604
8663-UPDGF,69.5,Month-to-month,0,0.4291498618250127
6719-FGEDO,97.0,Two year,0,0.06615192141909902
1837-YQUCE,58.35,Two year,0,0.04976619927670956
2947-DOMLJ,50.6,Month-to-month,1,0.4294153540109312
4112-LUEIZ,89.5,Month-to-month,1,0.8876697306068214
0369-ZGOVK,70.4,One year,0,0.40430848158611243
4510-HIMLV,69.8,Month-to-month,1,0.8643131854241247
9919-KNPOO,94.3,Month-to-month,0,0.8816878059964597
8749-JMNKX,93.8,Month-to-month,1,0.5690601945558323
7872-BAAZR,19.55,One year,0,0.025041875522873326
9391-LMANN,95.95,One year,0,0.22398282930801988
2430-USGXP,101.05,Month-to-month,1,0.870545907808454
8174-TBVCF,94.8,Two year,0,0.04815995851112642
1698-XFZCI,107.75,One year,0,0.44624562676878876
1877-HKBQX,54.6,One year,0,0.23853909442760754
4450-DLLMH,71.3,Month-to-month,0,0.8002601145710541
0428-AXXLJ,19.5,One year,0,0.13156360423422678
2746-DIJLO,56.3,One year,0,0.19352843681796086
5955-ERIHD,94.7,Month-to-month,1,0.8925017431372717
0917-EZOLA,104.15,Two year,1,0.26219090760244046
3508-VLHCZ,90.55,Two year,0,0.03581182876500511
4086-ATNFV,60.8,One year,0,0.11659675167361688
0468-YRPXN,98.8,Month-to-month,0,0.6898614266219192
5996-NRVXR,98.15,One year,0,0.30631432266326836
3739-YBWAB,35.35,One year,0,0.16217946731157867
7047-FWEYA,103.15,One year,0,0.5434488263777248
2000-MPKCA,107.75,One year,0,0.46299204677326344
9762-YAQAA,81.4,One year,0,0.33409625429600637
5949-EBSQK,61.45,Month-to-month,1,0.46824583159060845
5473-KHBPS,95.7,One year,0,0.3430717497012547
0100-DUVFC,104.8,One year,0,0.5202076765831264
5397-TUPSH,70.95,One year,0,0.23733100480272165
8950-MTZNV,44.95,Month-to-month,0,0.672672339577099
0326-VDYXE,97.65,One year,0,0.5103741663938737
6773-LQTVT,35.65,Month-to-month,0,0.45819844992928616
7274-RTAPZ,90.55,Month-to-month,1,0.9088826702352731
0436-TWFFZ,85.25,Two year,0,0.05838573252546669
8566-YPRGL,19.5,Month-to-month,0,0.46789777077621786
0311-UNPFF,88.8,Month-to-month,1,0.7689629079252664
6609-MXJHJ,25.1,Two year,0,0.06016680875156775
2669-OIDSD,100.05,Month-to-month,0,0.5740407959065952
8400-WZICQ,55.7,Month-to-month,0,0.12158680402172295
3834-XUIFC,85.2,Month-to-month,1,0.8588542084238661
9576-SYUHJ,91.15,Month-to-month,0,0.7036748778758308
0410-IPFTY,83.85,Month-to-month,0,0.665936583891077
2831-EBWRN,45.9,Month-to-month,0,0.7191592607743653
9430-NKQLY,25.1,Two year,0,0.010910375942984305
8414-MYSHR,91.4,Month-to-month,1,0.910720156074409
0247-SLUJI,19.7,Month-to-month,0,0.34345685863751607
9402-ORRAH,91.5,Month-to-month,0,0.8831066685202407
6483-OATDN,51.3,Month-to-month,0,0.43814526675772925
1293-HHSHJ,21.1,One year,0,0.06565631962704041
4840-ORQXB,104.75,Month-to-month,0,0.6835551838735017
7599-FKVXZ,106.15,Month-to-month,1,0.6799260545640722
3982-DQLUS,85.75,Month-to-month,0,0.4056128359374687
8610-ZIKJJ,20.3,One year,0,0.18725394907129594
3756-VNWDH,100.75,One year,0,0.48671470839609976
7801-KICAO,74.15,Month-to-month,0,0.8243759283800007
7673-LPRNY,78.55,One year,0,0.47826999282781535
8229-TNIQA,45.3,Month-to-month,1,0.6394384659212834
6060-QBMGV,19.85,Two year,0,0.007974385984896885
7339-POGZN,50.7,Month-to-month,0,0.6931170641742199
2828-SLQPF,45.0,Month-to-month,0,0.5010107807968102
4465-VDKIQ,77.8,Month-to-month,0,0.6891036773379908
2921-XWDJH,83.45,Month-to-month,0,0.6822104107481999
6221-AVQYL,73.25,Month-to-month,1,0.8436519231092261
2558-BUOZZ,94.8,One year,0,0.27752979797533966
9257-AZMTZ,20.1,Two year,0,0.01300177716618088
0003-MKNFE,59.9,Month-to-month,0,0.6450001136420505
0975-UYDTX,90.1,One year,0,0.255897888857858
7743-EXURX,51.05,Month-to-month,1,0.6310039595122414
4682-BLBUC,70.95,One year,0,0.20677055790340143
0975-VOOVL,29.2,Month-to-month,0,0.6566695531321447
5968-VXZLG,46.6,Month-to-month,0,0.6442467039276978
5569-KGJHX,85.35,Month-to-month,1,0.8051986005966644
4988-IQIGL,75.35,Month-to-month,1,0.9026760683079691
5201-FRKKS,74.3,Month-to-month,0,0.4951401497445727
9799-CAYJJ,69.3,Month-to-month,0,0.8778851658729764
7730-IUTDZ,75.2,Month-to-month,1,0.5302733249013308
0426-TIRNE,20.9,Month-to-month,1,0.37860229691455616
5443-SCMKX,94.3,One year,0,0.4735410622139109
8295-KMENE,76.45,Two year,0,0.04148574992331506
6738-ISCBM,54.0,One year,0,0.349078795482258
9821-BESNZ,104.25,One year,0,0.4272564632694269
3678-MNGZX,19.95,Two year,0,0.006875811014950834
1335-NTIUC,24.95,Month-to-month,0,0.7778541813034406
2916-BQZLN,84.75,Month-to-month,0,0.7517545117637839
4558-CGYCZ,19.75,Month-to-month,0,0.36250590475375427
2368-GAKKQ,113.65,Two year,0,0.13425280668220965
8710-YGLWG,44.9,Month-to-month,0,0.6729174065244212
3199-XGZCY,75.25,Month-to-month,0,0.8611758335337565
3785-KTYSH,24.6,Two year,0,0.02203152399003941
6814-ZPWFQ,25.0,One year,0,0.05232176972138375
4063-EIKNQ,20.95,Month-to-month,0,0.24239037538514696
6993-YCOBK,110.6,Two year,0,0.20754292699963814
5206-HPJKM,55.5,Month-to-month,0,0.37940087164945197
7587-RZNME,43.3,Month-to-month,1,0.7367688017919741
0748-RDGGM,109.5,One year,1,0.19238924806516988
8393-JMVMB,19.45,Month-to-month,0,0.3938697160039969
5019-GQVCR,84.85,Month-to-month,0,0.7775336600023051
6036-TTFYU,19.6,Month-to-month,0,0.2532550016060786
2550-AEVRU,53.45,One year,0,0.059161264532616394
0969-RGKCU,19.8,One year,0,0.04903434188906825
0378-CJKPV,112.1,Two year,0,0.09664577104086407
4706-AXVKM,84.8,Month-to-month,1,0.8530879257484002
5889-JTMUL,95.05,Month-to-month,1,0.7219198760681966
9026-RNUJS,50.35,Month-to-month,1,0.6641967964328441
3746-EUBYR,74.6,Month-to-month,1,0.8468635890781419
2332-EFBJY,19.7,Month-to-month,1,0.32553414135496794
2880-FPNAE,74.2,Month-to-month,0,0.8760479425247302
1703-MGIAB,69.0,Month-to-month,0,0.5587442693408862
4311-QTTAI,19.35,One year,0,0.13209542095004173
9474-PHLYD,59.45,Month-to-month,1,0.6836360336446026
4318-RAJVY,19.8,One year,0,0.2234654185448436
2165-VOEGB,105.2,One year,1,0.2435565050377397
3612-YUNGG,109.2,Two year,0,0.16767370785056954
2254-DLXRI,79.15,Month-to-month,0,0.8261040278329379
5062-CJJKH,53.65,One year,0,0.1707289994550634
9028-LIHRP,100.2,Two year,0,0.04344988948208762
2219-MVUSO,45.15,Month-to-month,1,0.6161636110851841
1053-MXTTK,108.65,Two year,0,0.07968655552470895
1530-ZTDOZ,40.65,Month-to-month,0,0.23461309441790976
1301-LOPVR,55.35,One year,0,0.18596360797631717
0853-TWRVK,105.6,Two year,0,0.07065971612112093
8914-RBTSB,93.8,Month-to-month,1,0.7346611747648805
6212-ATMLK,95.7,Month-to-month,0,0.7671964842799828
8200-LGKSR,83.2,Two year,0,0.058901597632903646
1568-BEKZM,90.05,Two year,0,0.0415869782019613
0670-ANMUU,97.65,One year,0,0.13555847965062137
6897-RWMUB,68.05,Two year,0,0.018352483814761057
0963-ZBDRN,96.2,Month-to-month,1,0.7567821560706469
7594-RQHXR,79.6,Month-to-month,1,0.8629631720609413
6999-CHVCF,102.1,Two year,0,0.1369132824437567
6134-KWTBV,23.4,Two year,0,0.014723867424441506
1077-HUUJM,71.05,Month-to-month,0,0.7969423115199743
6331-EWIEB,85.25,Month-to-month,1,0.853055516065762
0895-LNKRC,19.45,One year,0,0.17008952473668099
2045-BMBTJ,59.45,Month-to-month,0,0.511785957461018
8417-GSODA,92.2,One year,0,0.5488259005270939
5171-EPLKN,19.85,Two year,0,0.045169175305619626
4452-QIIEB,43.9,Month-to-month,0,0.5445771488092154
5998-VVEJY,80.5,Month-to-month,1,0.7261943251882603
1624-NALOJ,89.8,Month-to-month,1,0.9022688652431322
6741-EGCBI,90.5,Month-to-month,0,0.6943198336405291
7820-ZYGNY,90.45,One year,0,0.27010743595455244
4317-VTEOA,50.75,Month-to-month,1,0.7083402592726965
9677-AVKED,84.6,One year,0,0.2168715070576775
1670-SVOWZ,89.65,Month-to-month,1,0.6380969148315313
2227-JRSJX,99.15,Month-to-month,0,0.6983582204678742
9847-HNVGP,19.95,One year,0,0.13548139134941145
6696-YDAYZ,20.5,Two year,0,0.06001856708718863
8980-WQFWL,62.1,Month-to-month,0,0.5086362853879997
1730-ZMAME,79.5,Month-to-month,0,0.7900453411270105
6506-EYCNH,19.55,Month-to-month,0,0.17736861887021274
4634-JLRJT,20.35,Month-to-month,0,0.46318907925789715
9501-UKKNL,51.7,Month-to-month,0,0.3983028117800462
2560-QTSBS,23.3,One year,0,0.021554654355255828
7541-YLXCL,65.4,One year,1,0.1964041610565268
4795-WRNVT,65.1,Month-to-month,0,0.21374616046104694
6080-TCMYC,81.2,Month-to-month,0,0.6587029211381487
0260-ZDLGK,72.9,Month-to-month,1,0.5783255692565391
7860-UXCRM,74.5,Two year,0,0.017886384757422127
6357-JJPQT,80.5,Month-to-month,0,0.876740184957295
2292-XQWSV,60.3,One year,0,0.189127778136106
9552-TGUZV,75.0,Month-to-month,0,0.7088515327912309
5913-INRQV,90.15,One year,0,0.297655970925024
8722-NGNBH,40.0,Month-to-month,1,0.48246114946800306
6210-KBBPI,99.45,Month-to-month,1,0.8751155809766055
9643-YBLUR,69.05,Month-to-month,0,0.6741416159114698
8734-FNWVH,59.7,Month-to-month,0,0.39791648875801294
9447-YPTBX,19.85,One year,0,0.04844873045063782
0133-BMFZO,86.25,Month-to-month,1,0.6937138517411112
6128-CZOMY,45.65,Month-to-month,1,0.7351143638899346
9540-JYROE,70.1,Month-to-month,1,0.7811633947530509
9026-LHEVG,40.75,Month-to-month,0,0.727517452314264
2260-USTRB,70.2,Month-to-month,1,0.8213950563577902
3656-TKRVZ,55.35,Month-to-month,1,0.508511862672556
7011-CVEUC,95.7,Month-to-month,0,0.7133835356455376
6185-TASNN,46.3,Month-to-month,0,0.7015867160289245
7925-PNRGI,81.3,Month-to-month,0,0.14875525988992727
8623-TMRBY,84.2,Month-to-month,1,0.5885757215663007
1552-CZCLL,20.0,Month-to-month,0,0.04656513219990911
3038-PQIUY,66.15,Month-to-month,0,0.2701534651898071
1501-SGHBW,45.85,Month-to-month,1,0.5806690687686831
9313-CDOGY,19.6,Month-to-month,0,0.13402021084079335
8148-BPLZQ,49.8,Month-to-month,0,0.4328853753285661
2623-DRYAM,101.75,One year,0,0.49184145718640393
9987-LUTYD,55.15,One year,0,0.17143913173771658
3208-YPIOE,75.25,Month-to-month,1,0.6439029288967053
4488-KQFDT,103.95,One year,0,0.5324806788921713
2612-RANWT,100.15,Month-to-month,1,0.8552414323477825
5693-PIPCS,99.65,Two year,0,0.2601905823262777
0491-KAPQG,73.7,Month-to-month,0,0.8166447297239523
1925-LFCZZ,50.05,One year,0,0.2858865672986045
8039-EQPIM,60.25,Two year,0,0.03683574385152962
6900-PXRMS,105.75,Month-to-month,1,0.7872285540917795
8707-RMEZH,87.3,One year,0,0.15775257347893384
3346-BRMIS,48.35,Month-to-month,1,0.8252323872168491
3209-ZPKFI,54.25,Month-to-month,0,0.26792328877001687
6479-VDGRK,85.3,Two year,0,0.019357084526784918
9373-WSLOY,50.0,Month-to-month,0,0.5703040553284626
2933-FILNV,24.4,Month-to-month,1,0.724364904165343
3569-JFODW,90.95,Two year,0,0.026640525425641638
9819-FBNSV,72.25,Month-to-month,0,0.6034676644546351
9544-PYPSJ,96.1,Month-to-month,0,0.5011035082648716
1591-XWLGB,19.85,Two year,0,0.007295514485170826
0396-UKGAI,55.3,Month-to-month,0,0.2990882256837686
3243-ZHOHY,20.1,One year,0,0.13639791555026548
5186-EJEGL,69.5,Month-to-month,0,0.4682348751325536
7527-QNRUS,25.15,Two year,0,0.10030184281793979
9986-BONCE,20.95,Month-to-month,1,0.33758242214330486
2722-JMONI,49.55,Month-to-month,1,0.6881410640699459
2203-GHNWN,79.65,Month-to-month,0,0.7310477673371829
3878-AVSOQ,71.25,Month-to-month,0,0.8742847680588975
3258-SYSWS,113.8,Two year,0,0.10615849923256485
5296-PSYVW,24.55,Two year,0,0.014214584309688262
6319-QSUSR,19.7,Month-to-month,0,0.23603200372710417
4083-EUGRJ,20.25,Month-to-month,1,0.3129318790278709
7579-OOPEC,50.15,Month-to-month,1,0.5668118517280919
0512-FLFDW,100.5,One year,0,0.4982663738764338
1771-OADNZ,95.9,Month-to-month,1,0.8207960379040902
0487-CRLZF,74.45,Two year,0,0.09944548774922392
2107-FBPTK,104.1,Month-to-month,0,0.853241702029987
9451-WLYRI,19.05,One year,0,0.03148721515846319
8219-VYBVI,25.0,Two year,0,0.031050410787983776
1991-VOPLL,19.05,Month-to-month,0,0.3108965904902927
9738-QLWTP,81.9,One year,0,0.3158038330570058
1016-DJTSV,69.7,Month-to-month,0,0.8564680429804984
9419-IPPBE,90.15,One year,0,0.4787065137990472
0174-QRVVY,25.35,Two year,0,0.008241014311184664
5699-BNCAS,24.65,Two year,0,0.017320371021752674
2900-PHPLN,19.55,Two year,0,0.012678316396065568
0612-RTZZA,25.25,Month-to-month,1,0.7968920061495057
8106-GWQOK,60.0,Two year,0,0.12035519461178687
8751-EDEKA,89.9,Month-to-month,0,0.59126744438285
6878-GGDWG,19.4,Month-to-month,0,0.14162928906755437
4039-PIMHX,49.8,Two year,0,0.058032043324768814
8450-LUGUK,24.1,Two year,0,0.04363936012762304
3604-WLABM,54.25,Month-to-month,0,0.5015715165012047
0795-GMVQO,109.9,One year,0,0.2510517599864816
2259-OUUSZ,35.5,One year,0,0.45221643792170263
1142-IHLOO,87.55,One year,0,0.368515467200676
6410-LEFEN,45.15,Month-to-month,1,0.5993450830679282
4633-MKHYU,88.4,Month-to-month,0,0.8509988613048035
6257-RJOHI,50.8,Month-to-month,0,0.5593643083459874
1545-JFUML,99.0,Two year,0,0.17498644284607046
3194-ORPIK,84.4,Month-to-month,1,0.5595144476881471
7826-VVKWT,96.55,Two year,0,0.5191099692928786
1353-GHZOS,59.75,One year,0,0.2800120783368279
2587-EKXTS,111.5,Month-to-month,0,0.7077467888554106
5442-BXVND,24.25,Month-to-month,0,0.14198248950304468
8816-VXNZD,75.1,Month-to-month,1,0.885800707451091
9378-FXTIZ,70.15,One year,1,0.2536674112334157
1723-HKXJQ,101.75,Month-to-month,1,0.7879352469002479
7825-GKXMW,45.8,Month-to-month,1,0.664108930563503
9753-OYLBX,20.5,Month-to-month,0,0.3806997476652395
2364-UFROM,70.4,One year,0,0.1590648049785037
6656-JWRQX,30.55,Month-to-month,0,0.6235488669084721
6473-ULUHT,84.9,Month-to-month,0,0.4646089689494683
1240-KNSEZ,20.1,Month-to-month,1,0.47257313471275775
0836-SEYLU,40.65,Month-to-month,1,0.6133989969930526
4433-JCGCG,101.0,Month-to-month,1,0.8198000682499174
3716-BDVDB,69.1,Month-to-month,1,0.8661305881391217
7688-AWMDX,54.5,Two year,0,0.012939268597439445
2842-BCQGE,75.35,Month-to-month,0,0.5911082900359317
7244-QWYHG,44.45,One year,0,0.13050374299506246
5899-MQZZL,75.0,Month-to-month,1,0.7922802704118992
6849-OYAMU,100.0,One year,1,0.41420721971220253
5312-UXESG,98.05,Month-to-month,0,0.675049595107672
9488-HGMJH,71.15,Month-to-month,1,0.8745292748099778
6038-GCYEC,54.15,Month-to-month,1,0.6476079089969508
2150-WLKUW,63.9,One year,0,0.20275176565870648
7159-FVYPK,69.15,Month-to-month,0,0.6521739101215406
7032-LMBHI,64.65,One year,0,0.16988625180148903
1150-WFARN,108.75,Two year,1,0.12583599082928085
6088-BXMRG,98.85,Month-to-month,0,0.7944263434286053
3144-AUDBS,49.15,Month-to-month,1,0.6299064926986665
4821-SJHJV,89.6,Month-to-month,0,0.611856287066734
7346-MEDWM,83.25,Month-to-month,0,0.5504499325130754
1137-DGOWI,70.25,One year,0,0.16250127157412403
5616-PRTNT,19.4,Month-to-month,1,0.31390744830993883
3812-LRZIR,24.5,Two year,0,0.06981608363273181
4818-QIUFN,79.15,Month-to-month,1,0.7714747049748928
9483-GCPWE,20.1,One year,0,0.14917245618746638
4227-OJHAL,73.0,One year,0,0.07648167685083701
9220-CXRSC,61.4,Two year,0,0.013992243937348705
4993-JCRGJ,84.3,Month-to-month,0,0.6560249328206239
9537-JALFH,19.9,Two year,0,0.006545749532661028
6698-OXETB,20.4,Two year,0,0.08960685327876702
2103-ZRXFN,50.75,Month-to-month,0,0.6462333932892024
3724-BSCVH,20.45,One year,0,0.1460496269155962
4877-TSOFF,75.75,One year,0,0.08191929116289941
9209-NWPGU,65.4,One year,0,0.1194420342617399
6961-VCPMC,80.4,Month-to-month,1,0.7114422460535482
7306-YDSOI,59.75,Two year,0,0.019121230111212674
5288-AHOUP,78.5,Month-to-month,0,0.8787624998487242
6688-UZPWD,102.0,Month-to-month,1,0.8889440116683588
0655-YDGFJ,48.95,Month-to-month,0,0.3263597739031926
8468-EHYJA,99.65,Month-to-month,0,0.6556834026551053
6823-SIDFQ,18.25,One year,0,0.08853252394357546
1097-FSPVW,54.55,Month-to-month,0,0.1729394372727112
2839-RFSQE,20.65,Month-to-month,1,0.36994028807376494
8328-SKJNO,40.65,One year,0,0.13053338100172904
7010-ZMVBF,20.45,Month-to-month,0,0.19560161027740314
5201-CBWYG,24.8,One year,0,0.0236565052655646
0968-GSIKN,70.8,Month-to-month,1,0.8098524038486881
1965-DDBWU,89.05,Month-to-month,1,0.7649985888588186
9057-SIHCH,96.6,Month-to-month,1,0.9189545336647406
6352-GIGGQ,88.8,One year,0,0.10187245988222791
3635-QQRQD,20.05,Two year,0,0.014941359068463292
6771-XWBDM,104.5,Month-to-month,1,0.6332578025133416
2897-DOVND,69.8,Month-to-month,0,0.8607126361474868
3082-YVEKW,77.15,Two year,0,0.10781221645696136
0191-EQUUH,35.05,Two year,0,0.07038025172366225
7134-HBPBS,108.1,Two year,0,0.19772348648633026
3489-HHPFY,84.05,Month-to-month,0,0.906673486099369
2926-JEJJC,20.2,One year,0,0.2269100163105698
8601-QACRS,50.6,Month-to-month,1,0.6825701109795766
4950-BDEUX,49.2,Month-to-month,0,0.6121678305834175
5789-LDFXO,24.6,One year,0,0.17825717911494912
0508-OOLTO,71.65,Month-to-month,0,0.8225873498212074
2984-TBYKU,104.9,Two year,0,0.08125695860508791
9822-WMWVG,106.5,Month-to-month,0,0.5645756617379305
2391-SOORI,49.35,Month-to-month,1,0.49703843245713064
9040-KZVWO,75.5,One year,0,0.366218344716165
2645-QTLMB,94.25,Month-to-month,1,0.8815400487821342
4806-HIPDW,68.95,Month-to-month,1,0.8649367891002583
1548-ARAGG,58.5,Month-to-month,0,0.530445345415683
6339-RZCBJ,78.9,Two year,0,0.06887102195240856
4424-TKOPW,93.85,Month-to-month,1,0.9370816304626356
4415-WNGVR,79.2,One year,0,0.45039543969027335
2522-AHJXR,109.45,Month-to-month,0,0.4899617783403201
0412-UCCNP,59.2,Two year,0,0.045516425333558375
1816-FLZDK,29.15,Month-to-month,0,0.6382867573933678
7096-UCLNH,20.05,Month-to-month,0,0.39068507807129976
8443-ZRDBZ,76.05,Month-to-month,1,0.8777162889329689
9136-ALYBR,24.45,Month-to-month,1,0.7776967459176218
4615-PIVVU,66.5,Two year,0,0.06423496371543613
8885-QSQBX,49.55,Month-to-month,0,0.4712437225762881
7479-NITWS,89.35,Month-to-month,1,0.8457692223956879
8617-ENBDS,73.6,Month-to-month,0,0.7972562442166115
9385-NXKDA,82.65,Two year,0,0.05984694598702019
0430-IHCDJ,49.0,Month-to-month,0,0.6947418388864767
2959-MJHIC,80.35,Month-to-month,1,0.8792350418437562
6674-KVJHG,25.2,One year,0,0.26037862535080447
1814-DKOLC,25.45,Month-to-month,0,0.3983789693215412
4201-JMNGR,55.8,Month-to-month,1,0.6676459905720796
9351-HXDMR,110.9,Two year,0,0.15042372261425377
3537-HPKQT,77.75,Month-to-month,0,0.4806535398450319
2129-ALKBS,26.2,Month-to-month,0,0.20078234088486957
5821-MMEIL,19.9,Two year,0,0.013136812953321314
5960-WPXQM,79.05,Month-to-month,1,0.8896762614364857
0684-AOSIH,95.0,Month-to-month,1,0.8706058565711131
8260-NGFNY,25.2,Month-to-month,1,0.7042752473743865
1309-XGFSN,80.85,One year,0,0.313605090319913
1866-RZZQS,98.4,Month-to-month,1,0.8434746422121892
6968-URWQU,56.35,One year,0,0.22024397600003906
4742-TXUEX,19.3,Two year,0,0.015998213402648096
9631-XEYKE,50.4,Month-to-month,0,0.618632221289931
8631-NBHFZ,79.4,Two year,1,0.025188736165532324
1335-MXCSE,55.25,Two year,0,0.03675908248144316
8873-TMKGR,19.1,One year,0,0.08751112429604929
8800-JOOCF,84.05,Month-to-month,0,0.8500454923080942
1469-LBJQJ,105.2,Month-to-month,0,0.6739799447679141
4958-XCBDQ,101.4,Month-to-month,1,0.852120247175637
8337-UPOAQ,89.8,Month-to-month,1,0.9012203127360116
0064-YIJGF,75.75,Month-to-month,0,0.6536882016618837
2386-OWURY,95.3,Month-to-month,0,0.6143502633934257
1725-IQNIY,109.75,Two year,1,0.11437265037463601
0310-VQXAM,19.85,Month-to-month,0,0.3148811589815334
6598-RFFVI,19.3,One year,1,0.22156564202268653
3453-RTHJQ,69.1,Month-to-month,0,0.8470366289349772
6712-OAWRH,91.25,Month-to-month,1,0.8475872148997887
6278-FEPBZ,20.25,Month-to-month,0,0.3064032347576019
4280-DLSHD,54.75,Month-to-month,0,0.5718661779795531
1508-DFXCU,81.45,Month-to-month,0,0.8451331884214687
8614-VGMMV,49.1,Month-to-month,1,0.6842902735860432
7868-BGSZA,80.2,One year,0,0.3454955589336485
2800-QQUSO,100.3,Month-to-month,0,0.7581607120308954
2930-UOTMB,65.25,Month-to-month,1,0.2160995479831036
7973-DZRKH,90.95,Two year,0,0.0644534315777832
5914-DVBWJ,85.45,Month-to-month,1,0.7652705704653754
7698-YFGEZ,20.0,Month-to-month,0,0.3909501131931
2533-QVMSK,94.1,Two year,1,0.22211510965930029
9773-PEQBZ,79.85,Month-to-month,0,0.789061753007678
8644-XLFBW,71.65,Month-to-month,1,0.8768149048419948
0650-BWOZN,73.55,Month-to-month,0,0.7884748605060974
8625-AZYZY,104.65,Month-to-month,1,0.8586543148567967
7785-RDVIG,19.3,Month-to-month,0,0.31942811090703443
9602-WCXPI,20.15,One year,0,0.03561567460999738
2903-YYTBW,44.55,Month-to-month,0,0.6295602160533272
3620-MWJNE,54.45,Month-to-month,0,0.47804346808341347
8573-JGCZW,19.65,One year,0,0.1744573506116024
6837-HAEVO,105.0,Two year,0,0.2732820393343096
6701-YVNQG,88.7,Two year,0,0.046406364139465334
9306-CPCBC,74.25,Month-to-month,1,0.8811205107332774
4304-XUMGI,75.15,Two year,0,0.07674500006247904
9504-YAZWB,20.25,Two year,0,0.01594929890748055
8819-ZBYNA,109.1,Two year,0,0.17171456574467403
6174-NRBTZ,30.75,One year,0,0.14619668994834736
9481-IEBZY,112.9,Month-to-month,0,0.4338517294686273
1833-VGRUM,74.2,Month-to-month,1,0.9021015330909572
6137-NICCO,94.05,Month-to-month,0,0.7985726934651622
9065-ZCPQX,78.85,Two year,0,0.024390709318578268
6402-EJMWF,55.3,Month-to-month,0,0.7021634405088203
3620-EHIMZ,19.35,Two year,0,0.013782185692403559
3213-VVOLG,25.35,Two year,0,0.17613495672095714
6870-ECSHE,20.45,One year,0,0.22107090427094694
8747-UDCOI,19.35,Two year,0,0.009615107447213372
8374-XGEJJ,101.0,Month-to-month,1,0.814217871386133
2656-TABEH,100.2,Month-to-month,1,0.9110332817649022
6946-LMSQS,89.05,One year,1,0.6654091291051711
4626-OZDTJ,78.65,One year,0,0.20125556751777904
9169-BSVIN,74.75,Month-to-month,0,0.6541121137199067
2325-ZUSFD,70.1,One year,1,0.11261861404513203
8194-PEEBY,19.9,One year,0,0.0852166316829722
6872-HXFNF,58.35,One year,0,0.06338164015618475
3932-CMDTD,105.65,One year,1,0.7109853601568501
7714-YXSMB,100.5,Month-to-month,0,0.8050139475188653
8387-UGUSU,20.05,Month-to-month,0,0.21734445214537887
1080-BWSYE,25.65,Two year,0,0.01609328218751153
4039-HEUNW,96.5,Month-to-month,1,0.8462422183064009
1194-HVAIF,95.0,Month-to-month,0,0.7472465035074617
0812-WUPTB,70.85,Month-to-month,1,0.7883614867947558
3594-UVONA,85.95,One year,1,0.23289666918158236
0004-TLHLJ,73.9,Month-to-month,1,0.8491709277632298
1767-TGTKO,45.45,Month-to-month,0,0.6377842775835202
8439-LTUGF,20.0,Month-to-month,0,0.3679593730654495
8805-JNRAZ,49.2,Month-to-month,0,0.5426089264587998
5089-IFSDP,109.45,Two year,1,0.21024026182543357
6418-HNFED,83.25,Two year,0,0.06100671903600054
0206-OYVOC,19.25,Two year,0,0.024376139278193956
7291-CDTMJ,19.65,Month-to-month,0,0.4621275207364186
7128-GGCNO,72.8,Month-to-month,0,0.49281227372477304
0237-YFUTL,109.65,Month-to-month,0,0.5071178721455089
7691-KGKGP,65.0,Month-to-month,0,0.129594577738664
6710-HSJRD,114.1,Month-to-month,0,0.6425274806390402
3675-EQOZA,20.65,Month-to-month,0,0.3362958197108122
0840-DCNZE,86.95,One year,0,0.1276461494080406
1732-FEKLD,94.75,One year,0,0.3828096367039472
9862-KJTYK,25.35,Month-to-month,0,0.5566219456872976
0479-HMSWA,105.45,Two year,0,0.3568328367620078
5854-KSRBJ,25.4,Two year,0,0.008968640917257535
0365-BZUWY,102.55,Month-to-month,0,0.881799576650492
4817-VYYWS,100.2,Month-to-month,1,0.8324963506790091
5701-SVCWR,24.0,Month-to-month,0,0.3900193033244433
3129-AAQOU,25.6,Two year,0,0.06603589435376572
4922-CVPDX,73.5,Two year,0,0.21670325244112365
1396-QWFBJ,74.05,Month-to-month,1,0.6093945535740648
1357-BIJKI,98.25,One year,0,0.6058774005034905
1099-BTKWT,54.4,One year,0,0.1838136823830753
5299-SJCZT,101.55,Month-to-month,1,0.8822723611009515
2018-PZKMU,103.1,Month-to-month,0,0.7508006285657177
7340-KEFQE,34.2,Two year,0,0.02785301247226931
4570-QHXHL,43.75,Month-to-month,0,0.6830226880388882
2403-BCASL,111.95,One year,1,0.553271077426541
7392-YYPYJ,100.65,Month-to-month,0,0.8673910676720396
2898-LSJGD,55.95,One year,1,0.47214514514274214
2223-GDSHL,116.05,Two year,0,0.11214787113042567
7359-PTSXY,45.75,Month-to-month,1,0.6714828152580591
9470-RTWDV,82.0,One year,0,0.31745966253860364
2176-OSJUV,65.15,Two year,0,0.016441739187368562
9348-YVOMK,44.8,Month-to-month,0,0.6360446830514571
8104-OSKWT,79.8,Month-to-month,0,0.7879259056575725
4521-YEEHE,88.85,Month-to-month,0,0.8151622065158456
4090-KPJIP,74.95,Month-to-month,0,0.8795090533684268
3786-WOVKF,106.85,One year,0,0.3120302814745464
4503-BDXBD,74.95,Month-to-month,1,0.7388092315228794
6086-ESGRL,80.15,Month-to-month,1,0.7891932659371517
2592-HODOV,19.3,One year,0,0.15214686713284056
3886-CERTZ,109.25,One year,1,0.4075707857852721
7995-ZHHNZ,56.1,One year,0,0.11809377485331622
3824-RHKVR,19.7,Month-to-month,0,0.23204826325098252
5816-SCGFC,51.3,Month-to-month,0,0.6095823190521983
5989-AXPUC,118.6,Two year,0,0.105533657614114
4979-HPRFL,24.15,Two year,0,0.015375334652189708
8590-OHDIW,20.3,One year,0,0.0480680330659852
8015-IHCGW,115.5,Two year,0,0.15336330135785728
2332-TODQS,25.05,One year,0,0.04910526376803478
9278-VZKCD,109.1,Month-to-month,0,0.7023598739221139
8008-OTEZX,19.65,One year,0,0.05515946416758199
2773-OVBPK,111.3,Two year,0,0.20013511855001373
5999-LCXAO,29.9,Month-to-month,0,0.6106160567697493
5206-XZZQI,80.6,Month-to-month,0,0.3645505121901346
4803-LBYPN,20.8,Month-to-month,0,0.11178156444768306
5759-RCVCB,35.2,Month-to-month,1,0.7222882370505102
6372-RFVNS,78.8,Month-to-month,1,0.8511537169476592
2139-FQHLM,89.95,Month-to-month,0,0.6171565902546158
8261-GWDBQ,116.05,Two year,0,0.1832956414481133
1093-YSWCA,19.55,Two year,0,0.08668377721170113
8938-UMKPI,106.4,Month-to-month,1,0.765911458855547
0991-BRRFB,49.4,Month-to-month,1,0.42666287668976216
3882-IYOIJ,115.25,Two year,0,0.09705020228416636
8749-TZYEC,24.8,Two year,0,0.010061446035281106
1755-FZQEC,19.9,One year,0,0.05890571590545893
3115-JPJDD,81.25,One year,0,0.17666759768245593
5600-KTXFM,69.95,Month-to-month,0,0.7154743891968334
3871-IKPYH,69.1,Month-to-month,1,0.8433876737121708
6319-IEJWJ,90.2,Month-to-month,1,0.8272908175129107
9025-AOMKI,93.55,Month-to-month,1,0.8816803079755556
6339-TBELP,86.4,Two year,0,0.10164072391729594
7964-YESJC,66.3,Month-to-month,0,0.30705647910136225
6173-GOLSU,94.65,Month-to-month,0,0.624759010053855
5275-SQEIZ,80.85,Month-to-month,1,0.848911748427881
7716-YTYHG,82.05,One year,1,0.42921040713512104
9938-ZREHM,72.1,One year,0,0.17152670481264404
7950-XWOVN,34.7,Month-to-month,0,0.5767734693557545
4390-KYULV,20.55,Month-to-month,1,0.4399644351970087
4647-MUZON,95.95,Month-to-month,0,0.7994854438503571
9702-AIUJO,44.8,One year,0,0.11050460567632622
8849-PRIQJ,109.4,One year,0,0.30817978907908505
8851-RAGOV,71.05,Month-to-month,0,0.3187020800225358
1304-NECVQ,78.55,Month-to-month,1,0.8962435470520912
5396-IZEPB,19.7,Month-to-month,0,0.3041986247488801
1729-VLAZJ,40.25,One year,0,0.2015449399672984
8285-ABVLB,19.85,Two year,0,0.00755845047949787
0701-TJSEF,68.25,Month-to-month,0,0.4650396111207199
5712-VBOXD,20.15,Month-to-month,0,0.41929119440368584
6629-LADHQ,50.95,Month-to-month,0,0.46861893690564055
8945-GRKHX,78.65,Month-to-month,1,0.8213534961360951
1559-DTODC,25.15,Month-to-month,0,0.6090398513066991
4797-MIWUM,20.25,Month-to-month,0,0.3492852215379323
6959-UWKHF,42.9,Month-to-month,1,0.7528893250354515
8720-RQSBJ,44.0,Month-to-month,0,0.712195978832723
4537-CIBHB,20.25,One year,0,0.14656691506591651
3815-SLMEF,34.25,Month-to-month,1,0.5095643167645356
5154-VEKBL,58.5,Month-to-month,1,0.5677899267037917
4324-AHJKS,55.8,Month-to-month,0,0.4190308361078844
4355-CVPVS,88.9,One year,0,0.28742822149112524
4495-LHSSK,57.65,Month-to-month,0,0.32751938102127215
5655-JSMZM,96.2,Month-to-month,1,0.8036968974006738
5915-ANOEI,79.15,Two year,0,0.02596023990570518
9861-PDSZP,108.05,Two year,0,0.17556446725359173
4505-EXZHB,74.4,Month-to-month,1,0.8085183093979066
7225-CBZPL,94.8,Month-to-month,0,0.9078027798886904
6704-UTUKK,45.9,Month-to-month,0,0.7354163369839364
4587-VVTOX,105.3,Month-to-month,1,0.8981378409696025
2019-HDCZY,102.6,Two year,0,0.2874528927220853
4652-NNHNY,73.85,Month-to-month,1,0.7830255981255955
8788-DOXSU,61.35,One year,0,0.13738940235246014
7404-JLKQG,57.55,Month-to-month,0,0.7015302322158884
7421-ZLUPA,29.25,Month-to-month,0,0.6853010259698509
8972-HJWNV,84.55,Month-to-month,1,0.910222421881318
3274-NSDWE,19.6,Two year,0,0.008373011960333838
2632-IVXVF,111.75,Two year,0,0.08996084962148175
3692-JHONH,106.5,One year,0,0.6210769559165519
8915-NNTRC,107.7,Two year,0,0.11189679661889751
5914-GXMDA,19.3,One year,0,0.07669069736092086
7463-IFMQU,20.05,Two year,0,0.007012229629232565
2920-RNCEZ,69.95,Month-to-month,0,0.7747040036014738
2541-YGPKE,63.7,One year,0,0.07903285066358412
8515-OCTJS,24.75,Two year,1,0.06252447821814068
5382-TEMLV,50.9,Month-to-month,0,0.2061289702776216
3441-CGZJH,60.4,One year,0,0.17244699156777743
9592-ERDKV,79.25,One year,0,0.23821284811063145
2860-RANUS,85.8,Month-to-month,1,0.8160814616235522
5261-QSHQM,24.45,Month-to-month,1,0.8088116096622228
4778-IZARL,110.1,Two year,0,0.11774594687008348
0432-CAJZV,90.7,Month-to-month,0,0.8250189030042685
7008-LZVOZ,25.3,Two year,0,0.013948389874517565
8868-WOZGU,105.7,Month-to-month,1,0.8412360112159775
1200-TUZHR,85.2,Month-to-month,0,0.871168470987189
9365-CSLBQ,24.35,Two year,0,0.00838688247399266
1334-FJSVR,24.25,Month-to-month,1,0.8327007539913819
5884-FBCTL,25.1,Two year,0,0.007696546756494911
7130-CTCUS,54.55,Month-to-month,0,0.431791683585651
6242-FEGFD,96.6,Two year,0,0.05990755161470396
7625-XCQRH,76.5,Month-to-month,1,0.8471308053523183
6194-HBGQN,81.15,One year,0,0.10882843922329027
7634-WSWDB,38.5,Month-to-month,0,0.7145690862801746
6986-IXNDM,92.9,Month-to-month,0,0.870332945936047
1731-TVIUK,93.5,Month-to-month,1,0.8492091921878346
2987-BJXIK,84.7,Two year,0,0.04772625738690651
9769-TSBZE,66.0,Two year,0,0.019820431600988425
0406-BPDVR,101.5,One year,1,0.4991572357402766
0618-XWMSS,74.9,Month-to-month,1,0.4895545625864589
1395-WSWXR,20.75,Two year,0,0.0533947339896018
6023-GSSXW,61.45,Two year,0,0.04525395539168965
6752-APNJL,54.5,Month-to-month,0,0.1374192311574958
5276-KQWHG,69.6,Month-to-month,1,0.8746474527270537
0420-HLGXF,99.75,Month-to-month,0,0.8432988534333282
7446-KQISO,109.75,Two year,0,0.24699114006394882
9823-EALYC,80.85,Two year,0,0.025034116569641433
0582-AVCLN,20.3,Two year,0,0.02953332229438068
5803-NQJZO,67.8,Two year,0,0.02248433463830667
2565-JSLRY,24.05,Month-to-month,1,0.5372625799503932
2607-DHDAK,19.8,Two year,0,0.008057677782527065
1073-XXCZD,25.7,Two year,0,0.019653845209041176
0743-HRVFF,56.15,One year,0,0.25453138102658734
4006-HKYHO,86.7,Two year,0,0.0418570661004357
3727-JEZTU,20.4,Month-to-month,0,0.38122481018179094
8143-ETQTI,19.65,Two year,0,0.061849962552177555
6689-KXGBO,50.55,Month-to-month,1,0.6280671753575501
9667-TKTVZ,54.35,Month-to-month,0,0.6338314642209414
3657-COGMW,108.1,Month-to-month,0,0.5410445570574716
8570-KLJYJ,54.45,One year,0,0.14246886717020912
7754-IXRMC,45.35,Month-to-month,0,0.5850489934149891
9473-CBZOP,59.0,One year,0,0.180557855746092
2969-WGHQO,69.45,One year,0,0.3016032212704446
6615-NGGZJ,100.55,Month-to-month,1,0.8852696749199708
4334-HOWRP,64.95,Two year,0,0.04868968386176877
4255-DDUOU,20.5,Month-to-month,1,0.4104425356175167
5863-OOKCL,18.85,Month-to-month,0,0.3022551157110012
1686-STUHN,19.8,One year,0,0.04985249711849112
1329-VHWNP,25.05,Month-to-month,0,0.6400329095340799
2984-MIIZL,74.8,Month-to-month,1,0.7885610767813124
0266-GMEAO,114.3,Two year,0,0.10647507999610348
5590-YRFJT,24.45,Month-to-month,1,0.6904525637806874
5574-NXZIU,109.2,Two year,0,0.09307452439053429
0019-GFNTW,45.05,Two year,0,0.025495109613837694
4256-ZWTZI,51.0,Month-to-month,0,0.48584561474683013
8309-PPCED,110.45,Two year,0,0.17597481736909112
4098-NAUKP,84.65,Month-to-month,0,0.4699575424463484
5196-WPYOW,60.05,One year,0,0.023141994512530822
4608-LCIMN,44.65,Month-to-month,0,0.46783917893424193
1485-YDHMM,93.25,Month-to-month,0,0.45453744502894633
4054-CUMIA,20.25,Month-to-month,0,0.256455634278307
0603-TPMIB,25.45,Two year,0,0.013648021073470018
2525-GVKQU,20.6,Two year,0,0.011601353038639487
8161-QYMTT,94.1,Month-to-month,0,0.918055910032941
9581-GVBXT,34.8,One year,0,0.05802777815049292
5862-BRIXZ,60.75,Two year,0,0.10584551673144478
5404-GGUKR,51.35,Month-to-month,0,0.6753593250137842
3308-JSGML,64.05,Two year,0,0.08054395922773917
2126-GSEGL,84.8,Two year,0,0.06664719684012156
3677-TNKIO,71.0,Month-to-month,1,0.7238742565731812
0440-QEXBZ,50.15,Month-to-month,0,0.34565684644393296
2434-EEVDB,94.6,Two year,0,0.15102034830677294
6762-QVYJO,59.75,Two year,0,0.04553780384457046
6199-IWKGC,100.25,One year,0,0.535156452745949
2675-DHUTR,98.9,Month-to-month,0,0.7538108406895029
8152-VETUR,97.7,Two year,0,0.2125504788176526
9667-EQRXU,40.3,Month-to-month,1,0.682535954961575
7446-YPODE,60.25,Month-to-month,0,0.4472128904479742
9522-BNTHX,56.25,Month-to-month,0,0.6816745794699711
4676-WLUHT,46.2,Two year,0,0.051063433789489264
3329-WDIOK,50.6,Month-to-month,1,0.8549195700702502
7980-MHFLQ,24.9,Two year,0,0.008142347731175075
2873-ZLIWT,84.85,Month-to-month,1,0.5748367305380694
3415-TAILE,65.7,Month-to-month,1,0.6358907708242902
0757-WCUUZ,63.35,Two year,0,0.06800972082122723
1629-DQQVB,50.1,Month-to-month,0,0.35605090534151757
1915-IOFGU,70.5,Month-to-month,1,0.8127752614541937
3045-XETSH,94.85,Month-to-month,1,0.8642039296877452
0374-AACSZ,50.15,Month-to-month,0,0.5674891534271534
7239-HZZCX,19.75,Month-to-month,1,0.392276251331761
4872-VXRIL,64.65,One year,0,0.07157227149977093
9140-CZQZZ,79.6,Two year,0,0.0377861864643554
3423-HHXAO,19.5,One year,0,0.1652015501137849
9938-TKDGL,99.55,Two year,0,0.1351794482990072
0531-ZZJWQ,74.0,Month-to-month,0,0.6458122565594598
6537-QLGEX,38.9,Month-to-month,0,0.692200108810857
2688-BHGOG,79.55,Month-to-month,0,0.882621443553605
7683-CBDKJ,65.45,Month-to-month,1,0.5140773829083848
0946-CLJTI,98.7,Month-to-month,1,0.7765919508225665
3160-TYXLT,46.3,Month-to-month,0,0.25508667439724125
1325-USMEC,99.35,Two year,0,0.12735606516744397
0916-QOFDP,95.8,Month-to-month,0,0.8905586670244614
0628-CNQRM,67.5,One year,1,0.1834145861879582
5606-AMZBO,78.15,Month-to-month,0,0.7329886096062078
6199-IPCAO,26.1,Two year,0,0.0439148133484448
7665-TOALD,69.6,Month-to-month,1,0.8610348630686819
0112-QWPNC,84.35,One year,1,0.1838308420521203
0324-BRPCJ,100.2,Month-to-month,1,0.6935480559812516
2777-PHDEI,78.05,Month-to-month,1,0.8509215465633433
5640-CAXOA,40.35,One year,0,0.3103643614257244
2235-EZAIK,79.2,Two year,0,0.021198811360947714
3847-BAERP,20.9,Month-to-month,0,0.3706223929588933
1196-AMORA,73.6,Month-to-month,1,0.8310529748387079
4282-YMKNA,74.75,Month-to-month,1,0.8602009496013454
1453-RZFON,49.9,Month-to-month,0,0.42536717209952635
8263-OKETD,68.9,Month-to-month,0,0.5027921159064408
0670-KDOMA,20.25,Month-to-month,0,0.46374271873287926
2476-YGEFM,76.0,Month-to-month,0,0.6843452819016289
8687-BAFGU,74.0,Month-to-month,0,0.7646527467183094
0641-EVBOJ,82.3,Month-to-month,0,0.646285091177419
0829-XXPLX,89.4,Month-to-month,0,0.6604055356896231
9974-JFBHQ,99.15,Month-to-month,0,0.3829784691216292
5356-RHIPP,20.2,Month-to-month,1,0.47201823237254265
6624-JDRDS,29.45,Month-to-month,0,0.5507803839406953
0608-JDVEC,19.8,Two year,0,0.02707305273221724
9780-FKVVF,59.15,Month-to-month,0,0.5826579528207639
1919-RTPQD,44.75,Month-to-month,0,0.5763953764375271
5214-NLTIT,90.8,Two year,0,0.14773435408158145
3345-PBBFH,49.55,Month-to-month,0,0.569467847528607
5055-BRMNE,106.7,Two year,0,0.08930423949534763
9189-JWSHV,93.55,Month-to-month,1,0.8913045252123912
2190-PHBHR,94.45,Two year,0,0.12123358382082494
2650-GYRYL,19.45,One year,0,0.07941434012839117
0746-JTRFU,25.05,Month-to-month,1,0.8245192926362892
5208-FVQKB,67.95,Two year,0,0.01911345802661051
7184-LRUUR,65.25,One year,0,0.2468699349666012
6627-CFOSN,99.45,Month-to-month,0,0.4338030424699803
3982-JGSFD,20.35,One year,0,0.08470218899328567
1574-DYCWE,19.95,Two year,0,0.014226798033846307
7247-XOZPB,77.4,One year,0,0.0856158236522329
2466-FCCPT,19.7,One year,0,0.09411609251123654
6211-WWLTF,99.7,Two year,0,0.13035526568901987
4826-TZEVA,74.8,Month-to-month,0,0.4288744824971202
6016-NXBNJ,19.15,One year,0,0.09405594760990169
9138-EFSMO,78.95,One year,0,0.4223093578651443
0576-WNXXC,95.55,Month-to-month,1,0.8282804746575737
4632-XJMEX,62.85,One year,0,0.03393253416287514
8910-LEDAG,71.55,Month-to-month,0,0.5514058624624909
3452-GWUIN,94.95,Month-to-month,0,0.9002237255660311
2716-GFZOR,86.1,Month-to-month,0,0.3960271739255357
3724-UCSHY,19.55,Month-to-month,0,0.29846000266148154
8626-XHBIE,24.8,Two year,0,0.02187333317624124
4628-CTTLA,39.3,Month-to-month,1,0.37675109289654235
3192-LNKRK,84.05,Month-to-month,0,0.6314755972103944
4439-YRNVD,36.25,Month-to-month,0,0.5810925301346926
2876-VBBBL,20.25,Month-to-month,1,0.46374271873287926
6834-NXDCA,23.9,Month-to-month,1,0.7469493245611298
2208-UGTGR,98.6,Month-to-month,0,0.6616185642127845
3005-TYFRD,103.65,Month-to-month,0,0.6472978834141381
8670-MEFCP,92.9,Two year,0,0.08961696475943538
3079-BCHLN,19.9,One year,0,0.041349899877969706
7777-UNYHB,20.1,Month-to-month,0,0.2947913021874094
5597-GLBUC,85.45,Month-to-month,1,0.8783199956963206
7278-CKDNC,80.5,Month-to-month,0,0.8041043616678453
2748-MYRVK,99.9,One year,1,0.32510314771670296
8450-UYIBU,39.85,Month-to-month,0,0.6452730872545246
2969-VAPYH,60.5,One year,0,0.025255946507951932
4822-YCXMX,84.8,Month-to-month,1,0.8359396460826632
7181-OQCUT,103.85,Month-to-month,0,0.7169763573443915
8474-UMLNT,67.8,Month-to-month,0,0.32218146066367137
9821-POOTN,75.2,Month-to-month,1,0.7391188926566622
3836-FZSDJ,24.85,Two year,0,0.012318671786033346
9142-XMYJH,19.35,Month-to-month,0,0.15573517631703396
6559-ILWKJ,49.35,Two year,1,0.08456610083575526
0187-QSXOE,89.0,Month-to-month,0,0.9117029856291271
7733-UDMTP,55.0,Month-to-month,0,0.5000218444419853
2649-HWLYB,76.15,Two year,0,0.03152449563186471
5214-CHIWJ,20.3,One year,0,0.09404682775985045
4229-CZMLL,74.9,Month-to-month,1,0.8738583813520096
6904-JLBGY,117.35,Two year,0,0.14354778934461912
2465-BLLEU,19.75,Month-to-month,0,0.47451581767267514
1685-VAYJF,45.2,Month-to-month,0,0.48873096773290003
8874-EJNSR,25.2,Two year,0,0.031371994039468026
6917-YACBP,89.75,Month-to-month,0,0.5022508554512614
5049-MUBWG,75.0,One year,0,0.18374902164534004
4223-WOZCM,49.95,Month-to-month,0,0.611781174078002
0769-MURVM,65.7,Two year,0,0.023401942988141713
9253-VIFJQ,67.05,One year,0,0.051609597535112246
7030-FZTFM,110.9,Two year,0,0.10894662173333396
9741-YLNTD,87.95,Month-to-month,0,0.8142264273132258
5917-RYRMG,19.8,One year,0,0.0840536403887149
5120-ZBLAI,75.7,One year,0,0.22173906026304868
1194-BHJYC,62.15,Two year,0,0.06877089769920189
3663-MITLP,101.25,Month-to-month,1,0.8421758358063904
0906-QVPMS,115.15,Two year,0,0.10063382301045558
9025-ZRPVR,18.95,Month-to-month,1,0.3965086721494198
1905-OEILC,19.5,Month-to-month,0,0.3859627422733391
7858-GTZSP,86.55,Month-to-month,0,0.876128668028229
3285-UCQVC,28.6,Month-to-month,1,0.2735954404310353
6248-BSHKG,20.4,One year,0,0.019418907577317755
4685-TFLLS,19.8,One year,0,0.10405494202369389
3470-BTGQO,45.65,Month-to-month,0,0.35617448460748574
1209-VFFOC,56.4,Two year,0,0.029626594615091796
8224-DWCKX,73.3,Month-to-month,0,0.8202847106275417
5482-PLVPE,24.35,Month-to-month,1,0.7932045877496233
4553-DVPZG,101.35,Month-to-month,0,0.7088564556385534
4902-OHLSK,98.65,Month-to-month,1,0.7831165213402332
6917-IAYHD,33.6,Month-to-month,0,0.5466325990161365
0495-ZBNGW,79.9,Month-to-month,1,0.8426094577291017
8620-RJPZN,20.7,Month-to-month,0,0.4643384153940208
7572-KPVKK,104.05,Two year,0,0.270955419618914
2642-MAWLJ,20.25,Two year,0,0.024915996011613605
2357-COQEK,103.3,Month-to-month,1,0.8363111796288182
7103-ZGVNT,73.7,One year,0,0.037178614800909116
3737-GCSPV,96.2,Month-to-month,1,0.7006636365251954
2027-WKXMW,108.75,Month-to-month,0,0.6289843621685645
7137-NAXML,20.15,One year,0,0.10267064934287355
2428-ZMCTB,19.75,Month-to-month,0,0.29544335101771185
2961-VNFKL,25.95,Two year,0,0.013655200945907367
1768-HNVGJ,70.05,Month-to-month,0,0.3708888321099555
6963-KQYQB,24.05,Two year,0,0.008920980633539756
5934-RMPOV,84.75,Month-to-month,0,0.8114399781246886
1207-BLKSA,23.05,Two year,0,0.01870204396428435
4088-YLDSU,104.15,One year,1,0.5302297513934042
8316-BBQAY,59.95,Two year,0,0.0410079191317679
1166-PQLGG,19.55,Two year,0,0.005689701455809167
3146-JTQHR,19.6,One year,0,0.17079988897165413
4291-YZODP,20.05,One year,0,0.15461021267477326
4395-PZMSN,85.55,Month-to-month,0,0.8756210005244193
6427-FEFIG,78.6,Two year,0,0.1419827166187036
0017-IUDMW,116.8,Two year,0,0.10592877619708914
8706-HRADD,43.55,Month-to-month,0,0.4966015152455665
9955-QOPOY,60.8,One year,0,0.12769795206508078
4385-ZKVNW,54.9,Month-to-month,0,0.17739235091802175
5446-DKWYW,65.2,One year,0,0.2106743790891353
2034-CGRHZ,102.95,Month-to-month,1,0.8270214180763078
5797-APWZC,90.6,Month-to-month,1,0.8733710163340959
3683-QKIUE,50.8,Month-to-month,1,0.519904117861722
4228-ZGYUW,90.05,Month-to-month,1,0.8892670323787221
9031-ZVQPT,108.2,Two year,0,0.25153087826402154
2990-IAJSV,92.0,Two year,0,0.0329003770704831
8107-KNCIM,75.1,Month-to-month,0,0.8634299163433011
9027-YFHQJ,25.05,Month-to-month,0,0.4560684380754938
5176-LDKUH,75.15,One year,0,0.30419757104763395
4644-OBGFZ,19.5,One year,0,0.02495571568899889
7926-IJOOU,19.3,Month-to-month,0,0.3819012621413918
6480-YAGIY,112.2,One year,0,0.22922087686789672
4029-HPFVY,70.3,Month-to-month,0,0.8070314751806316
7602-DBTOU,19.6,Two year,0,0.007797263537371386
5345-BMKWB,20.25,Month-to-month,0,0.32611718895432007
3519-ZKXGG,75.85,Month-to-month,1,0.8802982458028749
5457-COLHT,80.65,Two year,0,0.021143409855141636
6416-TVAIH,68.5,Month-to-month,1,0.8414749421677373
5451-YHYPW,115.75,Two year,0,0.15057459667346873
5108-ADXWO,73.5,Month-to-month,1,0.7580379718083208
7998-WNZEM,80.6,Two year,0,0.02385049345349946
3066-RRJIO,69.95,Month-to-month,1,0.8127495841002073
4664-NJCMS,59.55,Two year,0,0.11545005951707145
0307-BCOPK,19.05,One year,0,0.139960589138258
7629-WFGLW,95.65,One year,0,0.21725407234268876
2542-HYGIQ,19.95,Month-to-month,0,0.3709636929465276
6715-OFDBP,70.05,Month-to-month,1,0.7951046943379626
5016-LIPDW,19.4,One year,0,0.02301292845600611
6481-LXPWL,36.1,One year,0,0.10564673175509257
1567-DSCIC,94.0,Month-to-month,1,0.8732857465313536
2150-UWTFY,61.15,Month-to-month,1,0.22952685724498675
6124-ACRHJ,19.75,Month-to-month,0,0.38464443880345794
9362-MWODR,64.1,Month-to-month,0,0.19062992706625406
9975-GPKZU,19.75,Two year,0,0.016962241499617163
9625-RZFUK,19.7,Two year,0,0.008969809908862446
5153-LXKDT,110.2,Two year,0,0.20972315723575266
5161-UBZXI,106.35,Two year,0,0.08426226349238035
1020-JPQOW,90.55,Month-to-month,0,0.4135938670203744
7919-ZODZZ,65.9,One year,0,0.369771209214786
0565-JUPYD,104.5,One year,0,0.15823666627680272
6867-ACCZI,52.5,Two year,0,0.12297425742439756
5939-XAIXZ,56.1,Month-to-month,0,0.5548253575067971
9054-FOWNV,88.75,Month-to-month,0,0.8132501625695772
2683-BPJSO,84.45,Month-to-month,1,0.6733827838943681
2157-MXBJS,75.3,One year,1,0.5714493638955672
8207-VVMYB,26.0,Two year,0,0.014913905453861
9732-EQMWY,99.4,Month-to-month,0,0.6374806524529784
9360-AHGNL,109.55,One year,1,0.4563081482801731
1087-UDSIH,19.6,Month-to-month,1,0.4464361175294255
5269-NRGDP,73.15,One year,0,0.2010284291601775
6195-MELTI,54.65,One year,0,0.07753451783705233
5485-WUYWF,66.4,Month-to-month,1,0.5397075970589171
2121-JAFOM,115.55,Two year,0,0.12953930221003823
8818-DOPVL,104.45,Month-to-month,0,0.7978553520500241
2632-UCGVD,100.05,Month-to-month,1,0.5878624754020308
5445-PZWGX,102.0,One year,1,0.22851370654499184
1227-UDMZR,91.15,Two year,0,0.04571583202206903
5198-HQAEN,89.7,One year,0,0.4197087168809407
9170-CCKOU,90.2,Month-to-month,1,0.5661214748489128
2167-FQSTQ,92.4,Two year,0,0.06687224812953159
2819-GWENI,19.9,One year,0,0.07197729825745966
1043-YCUTE,25.15,Two year,1,0.02573676386882828
3814-MLAXC,79.85,Month-to-month,1,0.5962537464733769
3572-UUHRS,18.85,One year,0,0.0447243670449398
2692-PFYTJ,25.75,Month-to-month,0,0.5198273088738122
1226-UDFZR,49.6,Month-to-month,1,0.6224289590551313
5955-EPOAZ,20.95,Month-to-month,0,0.4075767187728306
6821-JPCDC,97.05,One year,0,0.5497827563570624
8815-LMFLX,25.4,Month-to-month,0,0.24103726077143992
9135-HSWOC,19.7,Two year,0,0.011342371363714653
8582-KRHPJ,35.0,Month-to-month,0,0.2220063376776064
5811-IWXYM,101.25,One year,0,0.3727802212113784
7044-YAACC,70.2,Month-to-month,0,0.8719263109473931
8189-XRIKE,90.95,Month-to-month,0,0.7724610113941497
1506-YJTYT,73.85,Two year,0,0.041301475901687035
4123-DVHPH,88.05,Month-to-month,0,0.8511754673264461
6425-YQLLO,105.95,One year,1,0.38817237874080346
5442-UTCVD,91.85,Month-to-month,1,0.834287351696322
2228-BZDEE,20.1,Two year,0,0.01538646145254567
7734-DBOAI,40.1,Month-to-month,1,0.7048849713992428
2789-CZANW,110.3,Two year,0,0.08973299125765316
2091-RFFBA,73.9,Month-to-month,1,0.7829449824625536
2114-MGINA,89.8,Month-to-month,1,0.8249289317172586
7596-LDUXP,85.15,One year,0,0.5373846967395609
3740-RLMVT,60.95,One year,0,0.04431282184980577
4489-SNOJF,72.25,Month-to-month,1,0.293265969722299
2192-OZITF,73.55,Two year,0,0.055686223778063114
5651-CPDND,46.0,Month-to-month,0,0.5092506011962316
2186-QZEYA,58.55,Month-to-month,0,0.38117984706038915
1131-ALZWV,24.6,One year,0,0.12370101091108897
7729-XBTWX,19.75,Two year,0,0.011042155393248721
9134-WYRVP,86.35,One year,0,0.22254642229790061
3284-SVCRO,25.5,Two year,0,0.02962106327016174
9732-OUYRN,19.0,One year,0,0.03715669212933738
0559-CKHUS,19.55,Two year,0,0.060066984957585765
2931-SVLTV,110.1,Month-to-month,0,0.5219049983045005
6899-PPEEA,96.55,Month-to-month,1,0.8441208141229701
7504-UWHNB,69.75,Month-to-month,0,0.6791605743344638
2582-FFFZR,50.6,Month-to-month,0,0.7685533927373882
8908-NMQTX,65.6,Two year,0,0.04102427196240115
2187-LZGPL,40.1,Month-to-month,1,0.7329014931382851
1431-AIDJQ,82.1,Two year,0,0.08053216323225727
6288-LBEAR,79.1,Month-to-month,0,0.5752194645776391
4597-NUCQV,101.25,Month-to-month,1,0.8731651131091491
9019-QVLZD,79.55,Month-to-month,1,0.8466352065435545
8413-YNHNV,90.65,Two year,0,0.03827206509644779
5808-TOTXO,20.55,One year,0,0.22250418516612963
4369-NYSCF,75.75,One year,0,0.14096466454862605
6333-YDVLT,110.0,One year,0,0.2854369472603892
5324-KTGCG,20.85,One year,0,0.022931129573053242
5599-HVLTW,80.35,Month-to-month,0,0.793866394727587
7394-LWLYN,70.15,Month-to-month,0,0.8552632324334055
3707-LRWZD,84.05,One year,1,0.5863276388678522
6873-UDNLD,67.45,Month-to-month,0,0.30952706862331303
2700-LUEVA,20.75,Month-to-month,0,0.3743102672400451
1455-ESIQH,89.1,Month-to-month,1,0.9115211654996512
0958-YHXGP,69.9,Month-to-month,0,0.7824357324270707
1101-SSWAG,51.1,Month-to-month,0,0.679983551576497
2979-SXESE,94.4,Month-to-month,1,0.6978564791694045
4013-TLDHQ,78.25,Month-to-month,1,0.7567267910873194
5743-KHMNA,25.55,Two year,0,0.010238423607387304
4194-FJARJ,60.0,Two year,0,0.024353712323916216
5325-UWTWJ,90.55,Month-to-month,0,0.4859753544870707
3969-GYXEL,76.4,Month-to-month,0,0.6723123218365368
9208-OLGAQ,84.95,Month-to-month,0,0.840435378886985
3244-CQPHU,110.1,Two year,0,0.1384541577727072
2674-MLXMN,99.65,Month-to-month,0,0.5721024687962608
9708-HPXWZ,45.4,Month-to-month,0,0.6592870219200689
6992-TKNYO,69.0,One year,0,0.18922613654357956
4468-YDOVK,48.65,Month-to-month,0,0.4914067434706748
3754-DXMRT,44.15,Month-to-month,1,0.7689196780609405
5792-JALQC,59.85,Two year,0,0.0493334963285012
7130-VTEWQ,75.75,Month-to-month,1,0.8778463600423113
2200-DSAAL,80.65,Two year,0,0.12458582786498934
4302-ZYFEL,20.55,One year,0,0.018396301365223883
9351-LZYGF,66.4,Month-to-month,0,0.19261806646857596
4366-CTOUZ,100.2,Two year,0,0.21707781182053326
6121-VZNQB,19.1,Month-to-month,1,0.47011565735941463
7903-CMPEY,80.3,Month-to-month,1,0.8608592319881315
1518-OMDIK,44.55,Month-to-month,0,0.3790655691246792
6671-NGWON,20.35,Month-to-month,0,0.3243145643563232
0595-ITUDF,91.8,Month-to-month,0,0.37664680173260495
6996-KNSML,74.9,Month-to-month,1,0.854421274054503
1955-IBMMB,20.2,Two year,0,0.01706992385866846
0096-BXERS,50.35,Month-to-month,0,0.6833621611555627
3806-YAZOV,18.8,Month-to-month,0,0.36967534989047
7998-ZLXWN,20.45,Month-to-month,0,0.24889893216317469
6253-WRFHY,64.75,One year,0,0.552071879118431
9133-AYJZG,98.7,Month-to-month,0,0.8032921325612913
2675-OTVVJ,89.45,Month-to-month,0,0.7108311484149662
8680-CGLTP,58.75,One year,0,0.17719932431325033
8430-TWCBX,20.7,One year,0,0.03663422800379569
5018-GWURO,85.6,Month-to-month,0,0.5811133832820355
6741-QRLUP,80.3,Two year,0,0.039900469209424465
4737-HOBAX,79.8,Two year,0,0.06663914724921954
0537-QYZZN,79.85,Month-to-month,0,0.7122661535424678
3340-QBBFM,54.1,One year,0,0.1380668211548136
1704-NRWYE,80.85,Month-to-month,1,0.873927723531496
2592-SEIFQ,24.75,Month-to-month,1,0.76390071832906
8200-KLNYW,80.9,One year,0,0.209131900131828
3372-CDXFJ,24.5,One year,0,0.15713015368890562
4781-ZXYGU,20.15,Month-to-month,0,0.4075268169412579
7632-YUTXB,20.05,One year,0,0.08121624998758352
2718-YSKCS,19.6,Two year,0,0.008441491689117172
9896-UYMIE,114.3,One year,0,0.2573145123926785
0853-NWIFK,100.3,One year,0,0.4568075793974217
8212-CRQXP,80.0,Month-to-month,0,0.7341456219045793
6980-CDGFC,20.85,One year,0,0.023952868482693825
7691-XVTZH,89.95,Two year,0,0.18436638388613824
2520-SGTTA,20.0,Two year,0,0.1416383488662485
7481-ATQQS,90.85,Month-to-month,1,0.6628015126155308
2277-VWCNI,48.75,Month-to-month,0,0.6582323734377816
1088-CNNKB,80.0,One year,0,0.06103559697204968
8642-GVWRF,79.7,Month-to-month,1,0.7036900406638205
1930-BZLHI,20.35,One year,0,0.1559675447776918
3400-ESFUW,57.55,Two year,1,0.016370611275551592
5868-YTYKS,20.25,Month-to-month,0,0.415087455059113
3525-DVKFN,19.4,Two year,0,0.07046092184205482
1482-OXZSY,100.4,Month-to-month,0,0.7230913743396159
0377-JBKKT,57.95,Month-to-month,0,0.24784270167680714
5778-BVOFB,59.5,Month-to-month,0,0.5590319160403171
3373-YZZYM,19.2,Month-to-month,0,0.345971467524235
2057-ZBLPD,86.5,Month-to-month,1,0.8472303190649747
0228-MAUWC,59.55,Month-to-month,0,0.491541539573708
5502-RLUYV,103.95,Month-to-month,1,0.6204281358257496
0023-HGHWL,25.1,Month-to-month,1,0.8504553307456092
7663-YJHSN,103.95,Two year,0,0.09381741432277355
4915-BFSXL,68.95,Two year,0,0.02864258263979796
3086-RUCRN,103.1,Month-to-month,0,0.32847915421354595
5215-LNLDJ,24.7,Month-to-month,0,0.7501591278105035
7576-JMYWV,110.2,Month-to-month,0,0.6068065581321218
9039-RBEEE,48.95,Month-to-month,1,0.29033331873911666
0257-KXZGU,62.45,Month-to-month,0,0.27575869518865304
1307-ATKGB,89.55,Month-to-month,0,0.7794400133912445
8417-FMLZI,83.55,Month-to-month,1,0.7683772348114574
3714-XPXBW,78.9,Month-to-month,0,0.2801360777275849
1850-AKQEP,20.35,Month-to-month,0,0.27444752511759835
2824-DXNKN,71.45,Two year,0,0.03447131392115806
5227-JSCFE,46.35,Two year,0,0.017959046414938198
0848-ZGQIJ,94.65,Month-to-month,0,0.7911615144063908
3621-CHYVB,49.9,Month-to-month,0,0.19298461354157134
8042-RNLKO,25.45,One year,0,0.025026580736895725
1792-UXAFY,89.15,Month-to-month,1,0.8242750067009855
5372-FBKBN,20.75,Month-to-month,0,0.17387087619295777
0420-TXVSG,66.1,Two year,0,0.035847006253009225
6217-TOWGS,75.4,Month-to-month,0,0.6682243530463928
0515-YPMCW,70.45,Month-to-month,1,0.778880612642622
0378-XSZPU,60.3,One year,1,0.05035487686281524
1045-LTCYT,21.05,Month-to-month,0,0.25667429914993817
1544-JJMYL,69.35,One year,0,0.14025232388403638
4636-JGAAI,88.85,Month-to-month,0,0.6460427905859584
6874-SGLHU,97.0,One year,0,0.559065500503219
5951-AOFIH,66.4,Month-to-month,0,0.4044048025858753
4729-XKASR,24.75,Month-to-month,1,0.7365693602165011
3059-NGMXB,69.2,Month-to-month,0,0.4166856704158185
8652-YHIYU,79.5,One year,0,0.47387312150052857
5278-PNYOX,100.65,Two year,0,0.17576182776443192
5449-FIBXJ,103.3,Month-to-month,1,0.7682739533244245
3486-HOOGQ,79.7,Two year,0,0.01967957548016585
5061-PBXFW,61.4,Month-to-month,0,0.12481822601084304
8630-FJLIB,69.8,Month-to-month,0,0.7809509036643812
3891-NLXJB,40.55,Two year,0,0.07249021323052475
4749-OJKQU,75.65,Month-to-month,0,0.8748358845996096
0577-WHMEV,90.7,Month-to-month,0,0.6580108253927377
5453-AXEPF,80.5,Month-to-month,0,0.7401231491067427
3639-XJHKQ,60.6,Month-to-month,0,0.396480130822433
3716-LRGXK,101.15,Two year,0,0.23401890655748642
2263-SFSQZ,24.95,Two year,0,0.026711197074328882
9950-MTGYX,20.3,Two year,0,0.04836691863308027
3397-AVTKU,60.0,Two year,0,0.1511663695313583
4825-FUREZ,20.25,Two year,0,0.03702789064843321
9837-BMCLM,78.5,Month-to-month,1,0.8850347960093397
2672-OJQZP,44.75,Month-to-month,0,0.5882883047966918
0137-UDEUO,19.85,Month-to-month,1,0.3645664897575153
3134-DSHVC,98.0,Two year,0,0.10841497338596781
6161-UUUTA,79.9,Month-to-month,1,0.8971227420532183
7821-DPRQE,107.7,Month-to-month,0,0.5170524014557536
6543-XRMYR,99.7,Month-to-month,1,0.8536425491551588
2001-EWBQU,104.7,Two year,0,0.28678819413058315
4925-LMHOK,58.6,Month-to-month,1,0.48707436856999214
1608-GMEWB,93.9,Month-to-month,0,0.7574812530029823
6695-AMZUF,86.45,Two year,0,0.024905100130577004
1455-UGQVH,98.5,Month-to-month,1,0.9113744371776272
8410-BGQXN,19.4,Month-to-month,0,0.36505073580637126
8280-MQRQN,50.45,Month-to-month,1,0.6523789016291345
1619-YWUBB,24.95,Two year,0,0.015408726352421355
7611-YKYTC,75.0,Month-to-month,0,0.4536351931826215
2037-SGXHH,94.65,Month-to-month,1,0.7122881118688508
3178-FESZO,100.25,Month-to-month,1,0.8749225345625111
0365-GXEZS,78.2,Month-to-month,0,0.6611488583987628
0082-OQIQY,94.2,Month-to-month,0,0.7684501249449525
6087-MVHJH,88.45,Month-to-month,1,0.8659741830003286
4603-JANFB,69.85,Month-to-month,1,0.8641825782922925
3018-TFTSU,81.7,Month-to-month,1,0.5629614763646448
3606-SBKRY,50.05,One year,0,0.5475170519899991
4806-KEXQR,79.9,Month-to-month,1,0.881547197518501
0667-NSRGI,69.55,One year,0,0.19557521209581646
7083-YNSKY,25.4,Month-to-month,1,0.3688445565142026
6893-ODYYE,90.1,One year,0,0.16488554924890148
8242-JSVBO,44.65,Month-to-month,0,0.6117843521506972
2479-BRAMR,83.75,Month-to-month,1,0.5544681153666866
9541-ZPSEA,80.35,Two year,0,0.045966261856492184
2665-NPTGL,98.1,Month-to-month,0,0.8353601221778015
1139-WUOAH,53.35,Two year,0,0.07868138830481293
4693-VWVBO,19.55,Month-to-month,0,0.44985079177570336
7434-SHXLS,20.9,Month-to-month,1,0.37860229691455616
6937-GCDGQ,48.95,One year,0,0.2106113442002277
0988-JRWWP,54.2,Month-to-month,0,0.7680697370713481
5075-JSDKI,24.45,Two year,0,0.023962587299621738
7908-QCBCA,69.4,Month-to-month,1,0.8173881754779099
8644-XYTSV,40.15,Month-to-month,0,0.3608975659127441
6711-FLDFB,74.9,Month-to-month,1,0.8666758733152795
3873-WOSBC,25.6,Two year,0,0.01220098394509973
7465-ZZRVX,70.35,Month-to-month,0,0.8628706722044217
7975-JMZNT,91.7,Two year,0,0.03942202399128236
7251-XFOIL,89.2,Month-to-month,0,0.481830277730688
4116-IQRFR,24.1,One year,0,0.21216383247431633
3714-JTVOV,74.15,Month-to-month,1,0.483565484534955
8259-DZLIZ,53.85,One year,0,0.08078177007704689
0442-ZXKVS,115.6,One year,0,0.3560582294925764
7853-WNZSY,19.75,Month-to-month,0,0.46113452354970286
3120-FAZKD,24.05,Two year,0,0.02265519565484777
8606-OEGQZ,25.3,Two year,0,0.0644671078704419
0225-ZORZP,84.3,Month-to-month,0,0.8246801484835184
4702-IOQDC,70.1,Month-to-month,1,0.859697488454791
9489-JMTTN,89.75,Two year,0,0.027038646282545344
0575-CUQOV,97.95,One year,0,0.5129337148310347
0967-BMLBD,20.0,One year,0,0.18122724891193537
6178-KFNHS,78.3,Month-to-month,1,0.7497535013648504
2830-LEWOA,103.9,One year,0,0.2024248166861372
5006-MXVRN,20.7,Two year,0,0.02666771618741385
1264-BYWMS,96.8,Month-to-month,1,0.747130632406878
9658-WYUFB,94.4,Month-to-month,1,0.780827522629929
8327-WKMIE,20.15,One year,0,0.06071081657830342
6917-FIJHC,26.0,Two year,0,0.013668164436777827
5329-KRDTM,77.35,Two year,0,0.03576210526015595
7797-EJMDP,66.05,Month-to-month,0,0.3830796774693901
3530-VWVGU,19.9,Month-to-month,0,0.1710983631868417
2013-SGDXK,84.3,Month-to-month,1,0.8250184411453411
6368-NWMCE,68.15,Month-to-month,0,0.294330245170358
3633-CDBUW,80.85,One year,0,0.30864219453107766
0707-HOVVN,75.5,Two year,0,0.051587752376524285
8580-QVLOC,92.45,Two year,1,0.028642374118986756
3956-MGXOG,80.6,Month-to-month,0,0.7766712154462401
9274-UARKJ,83.2,Month-to-month,0,0.746434845850317
4077-HWUYD,87.55,Two year,0,0.039485524240649175
2012-NWRPA,99.55,Month-to-month,1,0.9168349100929629
8808-ELEHO,81.25,Month-to-month,1,0.8743864951499393
0103-CSITQ,109.4,One year,0,0.3850737056080885
3506-LCJDC,19.95,Month-to-month,1,0.3305994808639104
8671-KKKOS,45.55,Month-to-month,0,0.30846737810527003
7305-ZWMAJ,20.7,One year,0,0.0794428595012104
9518-XXBXE,75.3,Month-to-month,0,0.7247267402741859
3934-HXCFZ,99.25,Month-to-month,1,0.7532689144601815
6578-KRMAW,93.4,Month-to-month,0,0.5633214961243708
4860-IJUDE,73.75,Month-to-month,0,0.6628529362448031
7666-WKRON,80.45,Two year,1,0.23919975116596498
9688-YGXVR,88.15,Month-to-month,0,0.5688888617728017
0423-UDIJQ,49.2,Month-to-month,0,0.47762864812890843
1945-XISKS,19.65,Two year,0,0.00920329036525765
4910-AQFFX,79.35,Month-to-month,1,0.7665086724223387
2154-KVJFF,79.75,Month-to-month,1,0.8113594869219067
5360-LJCNJ,105.15,Two year,0,0.22739092779469075
2607-FBDFF,49.0,Month-to-month,0,0.4991648076598374
9647-ERGBE,100.05,Month-to-month,1,0.8211562002283535
3428-XZMAZ,69.35,Month-to-month,1,0.8654838900797315
1100-DDVRV,49.8,Month-to-month,0,0.7285430983919166
0378-TOVMS,85.8,Month-to-month,1,0.7855375493210597
4355-HBJHH,79.7,Two year,1,0.08866286929752121
6728-WYQBC,20.95,Month-to-month,0,0.3736819241252006
9058-CBREO,50.55,Month-to-month,1,0.6741599428186172
9029-FEGVJ,79.3,Month-to-month,0,0.6426471343873297
7216-KAOID,19.5,One year,0,0.04243114348993457
0318-QUUOB,80.55,Month-to-month,1,0.8882085591632685
6145-NNPNO,44.15,Month-to-month,0,0.5789027107067914
5520-FVEWJ,84.5,Month-to-month,1,0.7863581360633944
5339-TJFEK,105.5,Month-to-month,0,0.558921556765527
5572-ZDXHY,84.3,Month-to-month,1,0.7231587590707661
2074-GUHPQ,92.7,Month-to-month,0,0.5879798488687356
4625-XMOYM,26.25,Two year,0,0.010746409930442445
5827-MWCZK,96.95,Month-to-month,0,0.4222917467237963
1385-TQOZW,20.45,Month-to-month,0,0.3664429178904372
5914-XRFQB,115.8,Two year,0,0.13546974464692874
4329-YPDDQ,108.2,Month-to-month,0,0.6263092304799734
4804-NCPET,20.2,Two year,0,0.05399916876211301
3750-CKVKH,67.75,Month-to-month,1,0.8654215384798226
5944-UGLLK,54.9,One year,0,0.16758108283055329
8063-GBATB,85.25,Month-to-month,1,0.8450435955563
7787-BNTZM,20.15,Month-to-month,0,0.33020778919022475
2252-ISRNH,90.35,One year,0,0.7455268726991738
9415-TPKRV,55.75,Month-to-month,0,0.5746768037676036
5322-TEUJK,114.6,Two year,0,0.07979390330029353
4547-KQRTM,80.05,Month-to-month,1,0.7729767342200722
4877-EVATK,20.0,Month-to-month,1,0.3909501131931
1866-DIOQZ,66.8,One year,0,0.060659047453774456
8375-KVTHK,100.3,One year,0,0.3435601907283436
2697-NQBPF,105.35,Month-to-month,0,0.7696065610707697
3709-OIJEA,85.2,One year,0,0.45604648810538734
7639-SUPCW,48.8,Month-to-month,1,0.3709371685322407
1386-ZIKUV,18.95,Month-to-month,0,0.4160878619265823
0599-XNYDO,69.8,Month-to-month,0,0.7033076558333575
6377-WHAOX,106.15,Month-to-month,0,0.7055165337463599
6855-VLGOS,20.55,Two year,0,0.00849271685180664
8999-XXGNS,105.75,One year,0,0.40117765738130223
8746-OQQRW,25.25,Month-to-month,0,0.4167530223646703
3181-MIZBN,19.75,Month-to-month,0,0.28202052442845366
0471-ARVMX,104.85,One year,0,0.48757157296233467
7766-CLTIC,60.95,Month-to-month,0,0.5641040174506431
5650-YLIBA,81.15,Month-to-month,0,0.7380219158271181
0825-CPPQH,19.1,Two year,0,0.007407687068866821
9084-OAYKL,20.8,Two year,0,0.013386678810147504
6122-LJADA,90.15,Two year,0,0.03894013213263489
2400-XIWIO,90.1,Two year,0,0.048706054936431924
7524-VRLPL,74.1,Two year,0,0.03194938940316312
1069-XAIEM,85.05,Month-to-month,1,0.9204075669408347
7569-NMZYQ,118.75,Two year,0,0.10618152887849293
5201-USSQZ,85.9,Month-to-month,0,0.561371348891548
2105-PHWON,95.0,Month-to-month,0,0.6531814548450371
1494-EJZDW,20.15,Two year,0,0.07501070147168563
4884-TVUQF,101.3,Two year,0,0.11843574786769627
8003-EWNDZ,21.2,Month-to-month,0,0.45185115127752334
1897-RCFUM,24.2,One year,0,0.08296432461780959
9256-JTBNZ,20.3,Month-to-month,0,0.27884124532175775
4658-HCOHW,102.8,Month-to-month,1,0.7392318982607748
2211-RMNHO,85.3,Two year,0,0.03925302610396426
2432-TFSMK,89.6,One year,0,0.6601182484644996
3440-JPSCL,99.95,Month-to-month,1,0.8008563835181618
4929-ROART,56.25,Month-to-month,0,0.39394483771663924
1834-ABKHQ,50.95,One year,0,0.09921442077479124
1741-WTPON,115.85,Two year,0,0.1179110285575626
3932-IJWDZ,103.65,Month-to-month,0,0.668396705959073
1240-HCBOH,26.1,Two year,0,0.016763753956580058
3594-KADLU,35.1,Month-to-month,0,0.51546701996379
8065-BVEPF,99.1,Month-to-month,0,0.5589366001728193
3796-ENZGF,67.25,Two year,0,0.04621557794775264
1734-ZMNTZ,25.0,Two year,0,0.09081022754616203
2853-CWQFQ,59.55,Month-to-month,0,0.5963077743366662
0813-TAXXS,77.8,Two year,0,0.14081123774831075
2519-TWKFS,55.1,One year,0,0.2381025615313049
2889-FPWRM,117.8,One year,1,0.2445045321241841
0626-QXNGV,24.15,Two year,0,0.013506196711569475
6723-CEGQI,45.25,Two year,0,0.03006882947559573
6987-XQSJT,79.5,Month-to-month,1,0.6193171464217299
4732-RRJZC,20.25,Month-to-month,0,0.28654547150510923
9499-XPZXM,64.75,Two year,0,0.015746138938757287
4338-EYCER,54.6,Month-to-month,0,0.46856344496364954
3007-FDPEA,20.7,Month-to-month,0,0.43791921259296546
6350-XFYGW,94.75,Month-to-month,0,0.9130615322535931
4290-BSXUX,79.65,Month-to-month,1,0.785308516281612
8513-OLYGY,115.8,Two year,0,0.09884146100668542
0311-QYWSS,49.45,Month-to-month,0,0.6097868526902757
8705-DWKTI,83.8,Month-to-month,0,0.5473400827342182
8755-IWJHN,95.35,Month-to-month,0,0.509021054033026
0325-XBFAC,94.7,Month-to-month,1,0.8890658649282348
4480-QQRHC,74.05,Month-to-month,0,0.7901304456763395
0929-PECLO,89.6,Month-to-month,0,0.56699122969308
3680-CTHUH,116.6,One year,0,0.2880375301960918
1202-KKGFU,54.2,Month-to-month,0,0.30544881043736394
6112-KTHFQ,19.3,Month-to-month,0,0.34846691340083474
1852-XEMDW,65.05,Month-to-month,0,0.3302660142825774
2462-XIIJB,92.5,Month-to-month,1,0.8897663888027887
4760-XOHVN,19.45,Month-to-month,1,0.33749273127797597
1820-DJFPH,24.05,Two year,0,0.010657677018152427
9426-SXNHE,18.75,Month-to-month,0,0.36847539858901845
9068-FHQHD,20.15,Two year,0,0.021090088425634028
1269-FOYWN,20.0,One year,0,0.037195912374841024
9470-YFUYI,71.0,One year,0,0.0544071126291178
7817-BOQPW,75.55,Month-to-month,1,0.8819518879600751
7402-EYFXX,93.6,Month-to-month,0,0.8862555556282373
1853-UDXBW,70.0,Month-to-month,1,0.8369690299708121
9895-VFOXH,24.4,Month-to-month,0,0.707971344133648
5458-CQJTA,74.8,Two year,1,0.03624710045689919
1230-QAJDW,65.25,Month-to-month,0,0.6793149916765019
5701-ZIKJE,50.55,Month-to-month,0,0.478067048548514
5219-YIPTK,104.4,Month-to-month,1,0.823574251161962
5032-MIYKT,70.7,Month-to-month,0,0.8101950209301167
7396-VJUZB,45.25,Month-to-month,0,0.5126320702179513
9717-QEBGU,70.3,Month-to-month,0,0.859293729250797
5172-RKOCB,108.95,Two year,0,0.13249545330600962
6509-TSGWN,26.45,Month-to-month,0,0.12277538369142495
3540-RZJYU,86.2,Month-to-month,1,0.6994137691521953
3178-CIFOT,19.65,One year,0,0.13707522173847803
2091-MJTFX,51.2,Month-to-month,1,0.4160100384922914
4530-NDRKU,19.05,One year,0,0.07896398831386595
5985-TBABQ,74.75,One year,0,0.25450651029595467
9800-ONTFE,75.8,Month-to-month,0,0.6831846768540749
6743-HHQPF,25.1,Month-to-month,0,0.38383778138926955
8455-HIRAQ,44.45,Month-to-month,0,0.5266859911345596
6616-AALSR,104.3,Two year,0,0.16923752417217738
0883-EIBTI,19.5,Month-to-month,1,0.37563604973183046
9415-ZNBSX,89.0,Two year,0,0.03920766549032206
4018-KJYUY,20.15,Month-to-month,0,0.16562463261682442
0722-TROQR,74.9,Month-to-month,1,0.8925922416934011
7571-YXDAD,74.9,Month-to-month,1,0.7831398754066918
3884-UEBXB,36.15,Two year,0,0.017813126371124793
8780-RSYYU,19.2,Month-to-month,0,0.23497428687369692
5537-UXXVS,19.25,Month-to-month,0,0.2144978557722975
1791-PQHBB,61.2,Month-to-month,0,0.5412582365197721
8701-DGLVH,20.45,Two year,0,0.017929064710630122
8741-LQOBK,35.05,Month-to-month,0,0.1499885488503704
3393-FMZPV,100.25,Month-to-month,1,0.8468639241507383
8082-GHXOP,44.0,Month-to-month,0,0.43731133068440725
6402-ZFPPI,102.8,Month-to-month,1,0.7685719687527162
0980-FEXWF,50.35,One year,0,0.18018735924896578
7486-KSRVI,100.0,One year,1,0.5914722010449822
3011-WQKSZ,20.0,Month-to-month,0,0.3211549791177727
8443-WVPSS,99.85,Month-to-month,1,0.8297196880573281
3006-XIMLN,94.2,Month-to-month,1,0.8674015524298858
8218-FFJDS,86.4,Two year,0,0.04246852980513486
1986-PHGZF,58.4,Month-to-month,0,0.47554936560592126
9965-YOKZB,83.85,Month-to-month,1,0.9074421914069847
0504-HHAPI,88.3,Month-to-month,1,0.7293444109245595
9360-OMDZZ,94.1,Month-to-month,0,0.8771110067829824
6305-YLBMM,104.05,One year,1,0.26353984242588524
0345-XMMUG,108.9,Two year,0,0.27775830387406614
8024-XNAFQ,107.4,Two year,0,0.10479073815539382
3647-GMGDH,94.7,Month-to-month,1,0.7846937522532259
2988-GBIVW,90.85,Month-to-month,0,0.5379655061314514
2832-SCUCO,19.9,Month-to-month,0,0.4591911493667887
7036-ZZKBD,66.4,Month-to-month,0,0.38037953023812965
3791-LGQCY,100.65,Month-to-month,1,0.6977518091386797
0265-PSUAE,100.7,Month-to-month,0,0.6096339197602472
0463-TXOAK,25.6,Two year,0,0.017272099068161736
0594-UFTUL,19.85,Month-to-month,0,0.30513502263510706
9509-MPYOD,20.75,One year,0,0.06562312021974642
9128-CPXKI,95.8,Two year,0,0.2496483079362622
0129-KPTWJ,94.65,Month-to-month,0,0.5946599780874331
8166-ZZTFS,80.55,Two year,1,0.10931639032901133
5855-EIBDE,106.65,Two year,0,0.11221547734578226
5365-LLFYV,45.85,Month-to-month,0,0.6534463088100027
5956-YHHRX,104.35,Month-to-month,0,0.8836410337559596
6008-NAIXK,55.45,One year,0,0.3552574152065269
2956-GGUCQ,78.85,Month-to-month,1,0.7578591969254093
1928-BXYIV,61.15,Month-to-month,0,0.5875756571502697
5760-FXFVO,78.95,Month-to-month,0,0.7572135197618028
6595-COKXZ,44.45,Month-to-month,1,0.668033022495667
0961-ZWLVI,109.2,One year,0,0.3589590122663
5181-OABFK,61.3,Two year,0,0.027802472707181655
4007-NHVHI,96.85,Month-to-month,0,0.5831551044013614
7816-VGHTO,40.55,Two year,0,0.17375119172707354
5871-DGTXZ,19.8,One year,0,0.07707160640428035
7550-WIQVA,108.25,One year,0,0.4612804772582503
7544-ZVIKX,105.05,One year,0,0.3512126568744439
0016-QLJIS,90.45,Two year,0,0.0466406698118398
7508-DQAKK,86.4,Two year,0,0.05574448694677826
5176-OLSKT,66.9,Two year,0,0.024408334666555006
9356-AXGMP,110.7,One year,0,0.5436922553749959
3556-BVQGL,20.0,One year,0,0.16120701763819956
0362-ZBZWJ,84.9,Month-to-month,1,0.7906838029129263
8979-CAMGB,102.1,One year,0,0.4364309784829739
4211-MMAZN,20.25,Month-to-month,1,0.3896255839628311
7581-EBBOU,70.15,One year,0,0.08965612673305727
4274-OWWYO,74.35,Month-to-month,1,0.8453143098997693
5073-RZGBK,80.05,One year,0,0.09415419399152634
1541-ETJZO,62.05,Month-to-month,1,0.5425830091147964
2192-CKRLV,49.2,Two year,0,0.05739100144511879
3154-HMWUU,20.5,Two year,0,0.016522360718980104
6119-SPUDB,38.25,Two year,0,0.044854948447046586
6522-OIQSX,54.95,Two year,0,0.06747778505500238
7813-ZGGAW,96.6,Month-to-month,0,0.6907022458630588
8748-HFWBO,19.9,One year,0,0.10467478576249509
1052-QJIBV,19.9,Two year,0,0.005821011248588756
1319-YLZJG,84.6,Month-to-month,0,0.7132940842216328
4106-HADHQ,80.0,One year,1,0.11003545491489031
0723-FDLAY,85.25,One year,0,0.23600883569543482
3050-RLLXC,81.25,Two year,0,0.028483248359941635
9298-WGMRW,115.5,Two year,0,0.12987402453209845
2369-UAPKZ,104.1,Month-to-month,1,0.8290636987741831
3088-LHEFH,79.0,Month-to-month,0,0.7234642674260836
2778-OCLGR,39.1,Month-to-month,1,0.4982678683257503
6583-KQJLK,94.65,Month-to-month,0,0.8692184479678159
8544-JNBOX,20.8,Two year,0,0.010473426405651274
6681-ZSEXG,59.5,Two year,0,0.05123749838377822
6139-ZZRBQ,20.05,Two year,0,0.01586065340750222
6116-RFVHN,100.45,Month-to-month,0,0.8370222817062912
0637-KVDLV,76.5,Month-to-month,1,0.8829870261829628
8884-FEEWR,20.6,One year,0,0.0652938267019736
3125-RAHBV,20.3,One year,0,0.1077453966429071
6633-MPWBS,49.2,Month-to-month,1,0.6409319064000975
0373-AIVNJ,39.55,One year,0,0.32019297370137284
8785-EPNCG,23.15,Month-to-month,1,0.34591548377740106
1682-VCOIO,20.45,One year,0,0.10841789793572985
5729-KLZAR,80.85,Month-to-month,1,0.8025337917103795
2072-ZVJJX,25.25,Two year,0,0.0116310362711882
8849-AYPTR,91.25,Month-to-month,0,0.7467533008046952
9518-IMLHK,72.45,Month-to-month,0,0.2680770785594084
1582-RAFML,60.1,Month-to-month,1,0.5245789305643195
3646-ITDGM,19.7,Two year,0,0.013386152284566402
8740-CRYFY,78.95,Month-to-month,1,0.8898946028638988
3569-VLDHH,75.1,One year,0,0.06698894023560747
8224-KDLKN,25.0,Two year,0,0.007771094546943334
7594-LZNWR,69.15,Month-to-month,0,0.5523554054090302
4001-TSBTV,91.55,Month-to-month,0,0.5155737142176287
2962-XPMCQ,45.15,Month-to-month,1,0.7366736521407844
8727-XDPUD,35.8,Two year,0,0.14231765814094505
1043-UXOVO,113.15,Two year,0,0.1313023529949739
1064-FBXNK,19.85,One year,0,0.19221723981532318
3996-ZNWYK,19.8,Two year,0,0.006993939980920373
2878-DHMIN,19.9,One year,0,0.07762883752142188
7762-ONLJY,19.7,One year,0,0.1642847293132552
1678-FYZOW,79.4,Month-to-month,1,0.8796568985727928
5795-BKOYE,59.1,One year,0,0.029543720523583755
8627-EHGIP,53.95,One year,1,0.32688029806398267
7402-PWYJJ,91.15,One year,0,0.44658508400439784
5480-TBGPH,99.3,Month-to-month,1,0.7540330859232662
0018-NYROU,68.95,Month-to-month,0,0.8494514061665773
7501-VTYLJ,51.55,Month-to-month,0,0.4722146490796504
7608-RGIRO,24.4,Two year,0,0.016766225366438507
0480-BIXDE,96.8,Month-to-month,0,0.8480090954861431
5895-QSXOD,70.05,Month-to-month,0,0.7137288178788249
9814-AOUDH,19.5,Two year,0,0.015881240923145783
6175-IRFIT,78.75,Month-to-month,0,0.7898454898710893
8760-ZRHKE,69.2,One year,0,0.08110144405988931
1622-HSHSF,19.55,Month-to-month,0,0.4676206223144562
8854-CCVSQ,80.65,Month-to-month,1,0.80256096001945
6749-UTDVX,103.65,Two year,0,0.3088661635720846
5542-DHSXL,54.7,Month-to-month,0,0.4224384006192283
9102-OXKFY,54.15,Two year,0,0.04924128193951295
0511-JTEOY,71.1,Month-to-month,1,0.7515027555405458
5216-WASFJ,84.85,Month-to-month,0,0.8334584552074635
7808-DVWEP,20.0,Month-to-month,0,0.36280325349670345
7067-KSAZT,106.25,One year,1,0.5447320903098961
2284-VFLKH,99.25,One year,0,0.3987946708459421
0366-NQSHS,19.35,Month-to-month,0,0.38472346797173707
6532-YLWSI,20.8,One year,1,0.03055375547965562
3807-BPOMJ,94.75,One year,0,0.4312571539696272
3892-NXAZG,114.05,Two year,0,0.11166662641576845
4948-WBBKL,74.9,Month-to-month,0,0.6727232253239194
4182-BGSIQ,19.8,Month-to-month,0,0.3146402352594861
9300-AGZNL,94.0,Month-to-month,1,0.9383445973292389
0988-AADSA,80.85,Two year,0,0.0182893870512464
9972-NKTFD,54.65,Month-to-month,0,0.23899604237256064
3717-LNXKW,91.7,Month-to-month,0,0.5278815491863357
5734-EJKXG,118.6,One year,0,0.36334962787988373
2207-RYYRL,24.55,Two year,0,0.01896377185210588
6729-FZWSY,19.45,One year,0,0.025639823657696396
9695-IDRZR,116.15,Two year,0,0.21204714833883653
8144-DGHXP,80.6,Two year,0,0.06285276070548423
7814-LEEVE,20.3,Month-to-month,0,0.4551584128606826
1112-CUNAO,89.85,Month-to-month,1,0.8294826435502464
5175-AOBHI,46.0,Month-to-month,1,0.635643025624026
5174-RNGBH,66.25,Month-to-month,1,0.4424055184964274
8631-WUXGY,99.8,Month-to-month,0,0.657088466340688
7270-BDIOA,90.0,Month-to-month,1,0.7920091984040346
9565-JSNFM,70.45,One year,1,0.38161228135655634
5906-DVAPM,75.0,One year,0,0.08026323220654412
6654-QGBZZ,19.9,Month-to-month,0,0.38385426770199027
8348-JLBUG,80.3,One year,0,0.13917034887503169
0607-DAAHE,19.75,Two year,1,0.012618542700424165
5641-DMBFJ,84.3,Two year,0,0.10515352637960698
9200-NLNPD,54.05,One year,0,0.20029586665264007
2664-XJZNO,104.9,Two year,0,0.08992126165402173
9732-KPKBW,53.95,Month-to-month,1,0.5770997118705384
3339-EAQNV,97.25,One year,0,0.41478906103684154
0921-OHLVP,83.05,Month-to-month,0,0.8053685183595697
3389-YGYAI,105.5,Month-to-month,1,0.906552300525282
9560-ARGQJ,81.0,Month-to-month,1,0.7929614362966554
8350-NYMVI,41.1,Month-to-month,0,0.2302161825825894
1600-DILPE,45.0,Month-to-month,0,0.5560613585868749
0536-ESJEP,74.55,Two year,0,0.07769363920962294
4654-GGUII,40.2,One year,0,0.246369508429163
6478-HRRCZ,70.5,One year,0,0.11606469319961882
8510-BBWMU,19.75,One year,0,0.07219513001524315
6857-TKDJV,24.65,Two year,0,0.00961515290568639
2360-RDGRO,104.25,Month-to-month,0,0.6316033325275154
0584-BJQGZ,78.35,Month-to-month,0,0.35200393781109474
5134-IKDAY,69.8,Month-to-month,1,0.833157577284144
1360-XFJMR,109.7,One year,0,0.3288904117273337
3070-DVEYC,73.75,Month-to-month,1,0.8020282637545587
5730-RIITO,33.45,Month-to-month,0,0.2916739549908848
9058-MJLZC,94.6,Month-to-month,0,0.7779008360985963
5707-ORNDZ,54.55,Month-to-month,1,0.6048757024752188
0902-XKXPN,20.2,Two year,0,0.006528625064607349
5177-RVZNU,20.3,One year,0,0.04702821316734302
0056-EPFBG,39.4,Two year,0,0.11892280739924725
8993-IZEUX,69.15,Month-to-month,0,0.7189772219438436
8696-JKZNU,76.25,Month-to-month,1,0.7468290052360241
5380-AFSSK,93.9,Month-to-month,1,0.8897882471719609
8190-ZTQFB,51.35,One year,0,0.45334678983927235
0931-MHTEM,100.05,One year,0,0.30639253439866526
2055-PDADH,70.4,Month-to-month,1,0.8691610545694094
7515-LODFU,20.3,Two year,0,0.009287863269328737
0440-UEDAI,94.45,One year,0,0.26757661523632414
1337-BOZWO,46.4,One year,0,0.3224724553646651
0868-VJRDR,104.05,Two year,0,0.11827666757716704
8714-EUHJO,91.15,Month-to-month,1,0.7520969189422081
6344-SFJVH,24.9,Month-to-month,0,0.5101910900853724
3950-VPYJB,59.6,One year,0,0.03324333699506256
8041-TMEID,108.5,Two year,0,0.18077501174324606
7321-ZNSLA,40.55,Two year,0,0.10424590840112981
6941-KXRRV,58.95,One year,0,0.19332885080948897
3721-CNEYS,70.95,Month-to-month,1,0.8533909981356154
8727-JQFHV,20.75,Two year,0,0.01118033202837783
9475-NNDGC,113.15,One year,0,0.3066530990756629
1355-KUSBG,48.8,Month-to-month,0,0.630716871635421
3688-FTHLT,63.05,Month-to-month,0,0.6370678281565273
0899-LIIBW,100.85,Month-to-month,0,0.7936386990252785
2568-OIADY,99.5,Month-to-month,1,0.8307154680576766
1384-RCUXW,80.55,Month-to-month,0,0.7515675467408053
5825-XJOCM,64.4,One year,0,0.09626097497621683
6848-YLDFR,75.2,One year,0,0.1093653222405814
8125-QPFJD,84.9,Two year,0,0.049041437082105524
2320-YKQBO,19.3,Month-to-month,0,0.3292476769558621
1193-RTSLK,83.9,Month-to-month,1,0.4359243243446524
2302-ANTDP,117.45,Month-to-month,1,0.5580007710794127
5923-GXUOC,104.4,Month-to-month,1,0.8140019265839255
4973-RLZVI,74.65,One year,0,0.111428402123289
7869-ZYDST,59.05,Month-to-month,0,0.5372397625346038
4501-UYKBC,69.1,One year,0,0.21944301347966122
1215-EXRMO,20.55,Two year,0,0.01916198315214586
2305-MRGLV,76.55,Month-to-month,0,0.47559578480722864
8404-VIOMB,62.5,Two year,0,0.05090469801519792
5233-GEEAX,29.4,Month-to-month,1,0.8056629554657364
2359-KLTEK,94.9,Month-to-month,0,0.6340638262708357
5304-EFJLP,111.65,Two year,0,0.20131058075067568
2673-ZALNP,19.9,One year,0,0.19002065524243492
9184-GALIL,20.45,Month-to-month,0,0.0951784337766791
4393-RYCRE,106.05,One year,0,0.46141987632895737
9746-MDMBK,113.45,One year,0,0.30985104974072114
3162-ZJZFU,92.55,Month-to-month,0,0.46104766084905996
8404-GFGCZ,65.6,Month-to-month,0,0.7395297068316126
8875-AKBYH,84.35,Month-to-month,0,0.8736279067597443
4432-ADRLB,44.65,Month-to-month,1,0.5869139049436436
0533-UCAAU,71.1,One year,0,0.19405159531043545
1394-SUIUH,85.15,Month-to-month,0,0.448147046671957
3521-MNKLV,49.7,Month-to-month,0,0.46140738600875864
2533-TIBIX,30.2,Month-to-month,0,0.49769219031302453
8993-PHFWD,25.25,Month-to-month,1,0.7556827257271249
1565-RHDJD,84.05,Month-to-month,1,0.6917415322827567
7137-RYLPP,85.7,Month-to-month,1,0.8069321400534021
3765-JXVKY,74.7,Month-to-month,1,0.8400222906709881
5092-STPKP,56.35,Month-to-month,0,0.2137512573122814
7330-WZLNC,90.8,Month-to-month,1,0.8786008128687512
0114-PEGZZ,107.55,Month-to-month,0,0.762169973914119
3359-DSRKA,19.85,Two year,0,0.014811572599522501
8639-NHQEI,95.9,Two year,0,0.0943556732755588
7161-DFHUF,23.85,Two year,0,0.010544173998353022
3957-LXOLK,106.15,Month-to-month,1,0.8597590789613399
3720-DBRWL,83.85,Two year,0,0.06284447068160257
6635-MYYYZ,85.35,One year,1,0.1418194573312327
8565-WUXZU,84.8,Two year,0,0.05726647311825757
5281-BUZGT,90.85,Month-to-month,1,0.7373545035321755
4994-OBRSZ,76.1,Two year,0,0.0749230377384796
0562-FGDCR,74.55,Two year,0,0.018673655354176984
2436-QBZFP,39.2,Month-to-month,0,0.5691965504114496
3420-YJLQT,79.55,Month-to-month,0,0.8220712076270501
6040-CGACY,19.6,Month-to-month,0,0.25794431438634513
6582-PLFUU,19.55,Two year,0,0.014218224058906112
8242-PDSGJ,39.15,Two year,0,0.024246945587952696
0264-CNITK,20.1,Two year,0,0.005796055124426167
0089-IIQKO,99.95,Month-to-month,0,0.6340493099142643
7839-NUIAA,59.8,Month-to-month,0,0.13071590317536308
6075-QMNRR,49.75,Month-to-month,0,0.16387926213571882
5378-IKEEG,35.75,Month-to-month,1,0.8530243522740725
5966-EMAZU,108.5,One year,0,0.3060162743393874
0440-EKDCF,60.15,Two year,0,0.03257899007226866
4774-HHGGS,19.05,Two year,0,0.044573664463594266
2718-GAXQD,46.0,Month-to-month,1,0.6241861677152237
2055-BFOCC,84.0,One year,0,0.10167016847197366
8180-AKMJV,44.55,Month-to-month,0,0.6555046148683743
4298-OYIFC,103.45,Month-to-month,0,0.863881725142076
5566-SOEZD,80.65,One year,0,0.29706985636010397
9842-EFSYY,57.2,Month-to-month,0,0.6826404466414125
2272-WUSPA,110.75,Two year,0,0.21968000875105625
4584-LBNMK,24.7,One year,0,0.06829210238135655
3898-GUYTS,97.05,Month-to-month,0,0.597875774810087
0930-EHUZA,76.35,One year,0,0.1255375224639528
6413-XKKPU,89.4,Month-to-month,1,0.7223585605776767
9975-SKRNR,18.9,Month-to-month,0,0.3967969173016542
3703-KBKZP,74.45,Month-to-month,0,0.8020009364109651
1449-XQEMT,19.8,Month-to-month,1,0.45319243088439726
2626-URJFX,50.9,Month-to-month,1,0.7249398136006368
4973-MGTON,84.4,Two year,0,0.03462293157026258
3682-YEUWS,24.4,Month-to-month,0,0.39201784379996457
1223-UNPKS,20.05,Two year,0,0.05197648137433013
2612-RRIDN,81.0,Month-to-month,1,0.8764251489431429
4735-ASGMA,98.35,Month-to-month,1,0.8677200817853632
3446-QDSZF,55.5,Month-to-month,0,0.5992490083502476
3669-LVWZB,51.0,Month-to-month,1,0.8001677061647623
6892-EZDTG,91.65,Month-to-month,1,0.8814561801215476
5117-IFGPS,84.3,Month-to-month,0,0.8442599722950103
7379-FNIUJ,100.2,Month-to-month,0,0.7955004545698685
1627-AFWVJ,19.4,Two year,0,0.04333432351953662
9725-SCPZG,90.85,Month-to-month,1,0.8873119185895718
5884-GCYMI,69.4,Month-to-month,1,0.7643394290329093
3217-FZDMN,94.45,Month-to-month,1,0.8588283254761399
4486-EFAEB,20.4,Month-to-month,0,0.4314430310219002
0060-FUALY,94.75,Month-to-month,0,0.5403747721857333
7853-GVUDZ,20.15,Month-to-month,1,0.39936905958373464
7480-QNVZJ,95.7,Month-to-month,1,0.8013752292174056
6954-OOYZZ,44.35,Month-to-month,0,0.5157948970292353
7088-FBAWU,74.55,Month-to-month,0,0.383029005829821
8313-AFGBW,73.6,Two year,0,0.13872207794891792
3943-KDREE,74.95,Month-to-month,1,0.7024989468230384
9239-ZBZZV,47.95,Month-to-month,1,0.8630896380534325
3097-IDVPU,50.1,Month-to-month,0,0.42482148441339457
4398-HSCJH,63.6,Month-to-month,1,0.7488472609542873
2197-OMWGI,53.0,Two year,0,0.11857722937920848
2303-PJYHN,19.85,Month-to-month,0,0.3669809534435472
9795-VOWON,24.35,One year,0,0.5544256674218736
1237-WIYYZ,19.55,Month-to-month,0,0.3015159672633403
1987-AUELQ,25.05,Two year,0,0.0101457277732449
7852-LECYP,93.8,Month-to-month,0,0.70834773251782
4430-UZIPO,36.85,Month-to-month,1,0.6462423366599583
4822-LPTYJ,103.75,Two year,0,0.2228563701379646
8165-CBKXO,56.75,Two year,0,0.07524235733611111
6527-PZFPV,20.8,One year,0,0.10979397431789958
4855-SNKMY,44.1,Month-to-month,1,0.7417794335779722
9593-CVZKR,24.45,Two year,0,0.021582509485988298
8595-SIZNC,25.6,One year,0,0.1507563487732744
8008-HAWED,50.75,Month-to-month,1,0.821205982035857
7124-UGSUR,104.4,One year,1,0.47130878492871997
1862-SKORY,39.3,Month-to-month,1,0.5803013353342638
5236-XMZJY,59.65,Month-to-month,0,0.15279482991293497
4827-DPADN,83.3,Two year,0,0.040568421550907334
2694-CIUMO,79.55,Month-to-month,0,0.7264124750051286
5846-ABOBJ,24.45,Two year,0,0.010325271981085916
1439-LCGVL,19.2,One year,0,0.0965764109232798
0909-SDHNU,29.8,Month-to-month,0,0.4950564990631763
4647-XXZAM,45.5,Month-to-month,0,0.4867834414808415
1502-XFCVR,106.45,One year,1,0.3763838624283458
7740-KKCXF,30.05,Month-to-month,0,0.2761701862776686
5360-XGYAZ,65.65,Two year,0,0.0340989411392489
9692-TUSXH,96.05,Month-to-month,1,0.7999868094499227
7912-SYRQT,75.1,Month-to-month,1,0.8130131019659065
3557-HTYWR,74.05,Two year,0,0.04945337508397307
4816-JBHOV,44.7,Month-to-month,1,0.7667552569538233
8920-NAVAY,110.75,One year,0,0.40177047791353343
1699-TLDLZ,19.7,Two year,0,0.05935245061245805
5600-PDUJF,49.5,Month-to-month,0,0.5360224192812768
8292-TYSPY,55.0,Month-to-month,1,0.40970564789285546
0567-XRHCU,43.95,Two year,0,0.03731437261271255
1867-BDVFH,74.35,Month-to-month,1,0.8292965723403457
2067-QYTCF,111.15,Month-to-month,0,0.6093477035701406
2359-QWQUL,104.7,One year,1,0.35933367698728075
9103-TCIHJ,55.7,Month-to-month,1,0.502391888468419
7407-SUJIZ,20.6,Month-to-month,0,0.1884984853229457
9150-KPBJQ,19.65,Two year,0,0.10158409024937087
0052-DCKON,115.8,One year,0,0.21498948241793536
3654-ARMGP,88.65,Two year,0,0.05792864977169701
9699-UBQFS,94.5,Month-to-month,0,0.6817258825814813
9367-TCUYN,20.1,Month-to-month,0,0.2799433967097178
1261-FWTTE,34.65,Month-to-month,0,0.6743020805030271
3528-HFRIQ,52.3,Month-to-month,0,0.3105076554772766
0708-SJDIS,65.0,Month-to-month,0,0.34456136298555157
4140-WJAWW,19.85,Month-to-month,1,0.3334198701484308
2073-QBVBI,35.45,One year,0,0.12573204824735346
6928-ONTRW,19.7,Two year,0,0.005563920203605246
3320-VEOYC,95.6,Month-to-month,0,0.9112694065220839
5231-FIQPA,19.85,Two year,0,0.03656786977131193
6617-WLBQC,81.85,One year,0,0.3198273895045367
2599-CIPQE,109.3,Two year,0,0.062468832034310744
6653-CBBOM,70.3,Month-to-month,1,0.8591595302654764
8774-GSBUN,25.4,Two year,0,0.010306012068896512
7326-RIGQZ,69.8,Month-to-month,0,0.8134646072276458
1401-FTHFQ,20.0,One year,0,0.11571779546107497
3247-ZVOUO,85.55,Month-to-month,1,0.8691960974068427
0254-FNMCI,109.9,Two year,0,0.13187642404160888
1848-LBZHY,50.3,Month-to-month,0,0.5019549929119163
6101-IMRMM,94.5,Month-to-month,1,0.773898757164991
8118-TJAFG,101.5,Month-to-month,0,0.793412534814441
5429-LWCMV,89.15,Month-to-month,0,0.8634134735453257
7298-IZWLY,19.4,Month-to-month,0,0.4684521269588242
9758-MFWGD,29.9,One year,0,0.11662469061930027
3955-JBZZM,78.8,Month-to-month,0,0.7688044737328421
1268-ASBGA,85.35,Month-to-month,1,0.836279437309543
8943-URTMR,79.65,Month-to-month,1,0.8405944711474379
4815-TUMEQ,19.3,One year,0,0.22494919248983075
4713-LZDRV,79.6,Month-to-month,1,0.9002304053713581
9909-IDLEK,96.8,Month-to-month,0,0.5810830797181569
4092-OFQZS,20.65,One year,0,0.12268287749381329
1561-BWHIN,19.8,One year,0,0.10462893663749212
4325-NFSKC,90.6,Month-to-month,1,0.8188260283466646
9927-DSWDF,104.6,Month-to-month,0,0.7015689719618677
9500-LTVBP,80.05,Month-to-month,0,0.4884966278978155
7252-NTGSS,45.15,Month-to-month,0,0.5861295956803996
8149-AIQCG,73.15,Month-to-month,0,0.6257234518756529
1360-JYXKQ,99.1,One year,0,0.4976034195232882
2955-PSXOE,20.2,Month-to-month,1,0.45111841651985873
7762-URZQH,106.05,Two year,1,0.20397420395598806
0899-WZRSD,105.35,Month-to-month,0,0.5113593043013207
3255-GRXMG,45.65,Month-to-month,0,0.44510970683551704
4828-FAZPK,79.95,Month-to-month,0,0.6957749656981114
6094-ZIVKX,54.45,One year,0,0.051739420452898546
6925-BAYGL,25.1,Two year,0,0.02365871637409942
3262-EIDHV,84.7,Two year,0,0.02756765599648931
7354-OIJLX,75.85,Month-to-month,0,0.8615363930687359
1376-HHBDV,48.8,Month-to-month,0,0.3219420407819273
6907-NZZIJ,99.15,Month-to-month,1,0.8146060094705416
6133-OZILE,35.2,Month-to-month,0,0.6178299548873959
4135-FRWKJ,76.25,One year,0,0.10479688011855481
2911-UREFD,55.9,Month-to-month,1,0.47351623252671593
3744-ZRRDZ,82.35,Month-to-month,1,0.7872467723111544
5673-TIYIB,40.4,Month-to-month,1,0.6393603913567557
6551-ZCOTS,24.9,One year,0,0.14052989819682157
7191-ADRGF,54.3,Two year,0,0.14032213086825984
5018-LXQQG,66.3,Month-to-month,0,0.1927479599053999
6892-BOGQE,20.9,Two year,0,0.01019389375717852
1602-IJQQE,75.35,Month-to-month,1,0.8351856589094029
4628-WQCQQ,85.15,One year,1,0.522862391054349
1746-TGTWV,75.35,Month-to-month,0,0.7451141689736328
5995-SNNEW,104.45,Month-to-month,0,0.8735839096794122
8050-WYBND,49.45,One year,0,0.46380287392295383
2821-WARNZ,19.45,One year,0,0.028953997820532224
4879-GZLFH,92.15,Month-to-month,0,0.7253182494748868
1644-IRKSF,93.8,One year,1,0.6140254154454556
8314-HTWVE,19.85,Two year,0,0.08452373791489493
9402-ROUMJ,100.25,One year,0,0.17252993238286318
2507-QZPQS,95.7,Month-to-month,0,0.7487309659436001
7159-NOKYQ,93.15,Two year,0,0.2642800911055649
5707-ZMDJP,69.7,Two year,0,0.03539810869209107
8779-YIQQA,19.8,One year,0,0.09636789172388541
7136-IHZJA,71.35,Month-to-month,0,0.1852067946435436
8966-OIQHG,20.75,One year,0,0.0855826340764394
7074-STDCN,40.6,Month-to-month,0,0.5019272407859099
3705-PSNGL,20.4,One year,1,0.08727528682164808
8739-QOTTN,20.35,Month-to-month,0,0.3760029385670319
1399-OUPJN,19.75,Two year,0,0.010845242743897074
0277-BKSQP,54.4,Month-to-month,0,0.7009229366075964
6502-HCJTI,94.7,Month-to-month,1,0.7955606790482918
2606-RMDHZ,30.5,Month-to-month,1,0.6936706407394857
5774-XZTQC,20.45,Month-to-month,0,0.27938468750265566
2676-SSLTO,66.15,Two year,0,0.09291598038002065
6266-QHOJZ,89.85,One year,0,0.1994760884816616
7269-JISCY,45.05,One year,0,0.08082271831328698
0363-SVHYR,86.85,Two year,0,0.029126015574635105
8547-NSBBO,96.75,Month-to-month,0,0.45427520453122994
8258-GSTJK,77.0,Month-to-month,1,0.8939098297780012
6861-OKBCE,20.1,Month-to-month,1,0.2346066594242093
9940-RHLFB,75.3,Month-to-month,1,0.8061324098463277
6591-QGOYB,106.65,Month-to-month,0,0.6126221235739625
9070-BCKQP,110.15,Two year,0,0.139300293926422
6421-SZVEM,82.85,One year,0,0.39085490092577346
1328-EUZHC,20.1,Two year,0,0.0678277548260019
2995-UPRYS,99.2,One year,1,0.45850065724928357
8878-RYUKI,59.45,Month-to-month,0,0.3783665926482724
9633-DENPU,58.6,Month-to-month,0,0.30226387142382066
7811-JIVPF,49.7,Month-to-month,0,0.36634444620203577
7113-HIPFI,65.85,Two year,0,0.011453456257005019
8541-QVFKM,73.5,Month-to-month,0,0.8671420002684924
6686-YPGHK,85.5,Month-to-month,1,0.45425719393176517
1383-EZRWL,20.05,Month-to-month,1,0.32644283637964705
9258-CNWAC,113.65,Two year,0,0.08227919224320782
5371-VYLSX,83.4,Month-to-month,0,0.5542394999155084
6374-AFWOX,65.65,Two year,0,0.02887811269649779
4759-TRPLW,70.4,Month-to-month,1,0.8179467712930717
5317-FLPJF,61.35,Two year,0,0.055413421448369735
7621-VPNET,85.9,Month-to-month,0,0.5254295907063488
6034-YMTOB,75.65,Month-to-month,0,0.7269147622367077
8563-IIOXK,49.75,One year,1,0.3744980659910238
4903-CNOZC,70.9,One year,0,0.25851265488094005
4353-HYOJD,49.85,Month-to-month,0,0.2774903893720516
8020-BWHYL,75.3,Month-to-month,1,0.725014905531283
7267-FRMJW,20.1,Two year,0,0.04107238629257947
2982-VPSGI,94.0,Month-to-month,1,0.908708557581744
4188-FRABG,103.05,Month-to-month,0,0.49697100106788394
8199-ZLLSA,118.35,One year,1,0.2478491460190834
4128-ETESU,99.7,Month-to-month,0,0.7584088712903518
0620-DLSLK,81.9,Month-to-month,0,0.7832122671812013
4625-EWPTF,30.45,Month-to-month,1,0.7047907212120206
5980-NOPLP,96.1,Month-to-month,1,0.8028277523938706
3850-OKINF,66.2,One year,0,0.10409265607592706
6892-XPFPU,104.25,Month-to-month,1,0.8746653865048211
8010-EZLOU,80.2,Month-to-month,1,0.8395581727438534
1156-ZFYDO,19.75,Month-to-month,0,0.469603098120482
3295-YVUSR,72.6,Month-to-month,0,0.8711364049654454
8016-NCFVO,116.5,Month-to-month,0,0.616633245575908
4119-ZYPZY,106.8,Two year,0,0.27132857120558734
5549-ZGHFB,24.95,Two year,0,0.020294455064870605
7577-SWIFR,89.25,Month-to-month,0,0.9112514497764573
0303-WMMRN,19.25,Month-to-month,0,0.4348158979383291
6408-OTUBZ,104.55,One year,0,0.1873957642732908
5204-HMGYF,87.2,One year,0,0.10258309202284242
1078-TDCRN,30.75,Month-to-month,0,0.8123000397819766
3727-OVPRY,25.7,One year,0,0.028134435384222275
3797-FKOGQ,86.2,Month-to-month,0,0.8086099272471766
7622-NXQZR,30.1,Month-to-month,0,0.435517753235321
6196-HBOBZ,99.35,Two year,0,0.19545917145126251
3970-XGJDU,19.2,Two year,0,0.014517679490078504
7017-VFULY,20.1,Month-to-month,0,0.3652513845354066
5562-YJQGT,20.35,Month-to-month,0,0.3588799507841263
8807-OPMBM,25.65,Two year,0,0.020876603896408753
5439-WIKXB,94.55,Month-to-month,0,0.778471929511174
9874-QLCLH,104.2,Month-to-month,1,0.8099282567980846
8294-UIMBA,94.4,One year,0,0.49805292756796166
8109-YUOHE,56.1,One year,0,0.18011791315640086
5840-NVDCG,68.25,Two year,0,0.07624117187540538
8092-NLTGF,24.75,Two year,0,0.009712169533032515
5928-QLDHB,76.25,Month-to-month,0,0.8594670034847002
9840-EFJQB,74.35,Month-to-month,0,0.7909163055237732
0696-UKTOX,54.15,Month-to-month,0,0.3196135654355167
4801-KFYKL,19.45,Month-to-month,0,0.26737668061022307
3472-OAOOR,34.95,Month-to-month,0,0.4324146277866403
6135-OZQVA,53.65,Month-to-month,0,0.6618242835094297
8062-YBDOE,69.65,Month-to-month,1,0.8815443572474085
2252-JHJGE,104.0,One year,0,0.38979105620377796
4188-PCPIG,70.35,Two year,0,0.03629825902108101
6000-APYLU,80.8,Month-to-month,1,0.8624822202616362
7105-BENQF,64.85,One year,0,0.22025591835860286
7721-DVEKZ,19.65,Month-to-month,0,0.38517155813305026
3566-VVORZ,45.9,Month-to-month,0,0.4710210032262482
9507-HSMMZ,20.0,Two year,0,0.01614554057429782
2480-SQIOB,44.8,Month-to-month,0,0.6015095811574653
0947-IDHRQ,80.3,Month-to-month,1,0.8166936126233593
7813-TKCVO,20.35,One year,0,0.11944472596564983
0128-MKWSG,45.8,Month-to-month,0,0.3018834442963055
3672-YITQD,84.1,Month-to-month,1,0.818811684844529
4350-ZTLPI,108.95,One year,0,0.40526410457646944
9048-JVYVF,69.35,Month-to-month,1,0.7547984216323236
0361-HJRDX,64.35,Two year,0,0.03510656835022033
5727-MYATE,90.8,Two year,0,0.036266288506601206
3823-KYNQY,24.95,One year,0,0.1904422070167455
8988-ECPJR,79.6,Month-to-month,1,0.6244382330847484
7570-WELNY,84.7,Two year,0,0.09158799418625828
3021-VLNRJ,70.8,One year,0,0.07479283398955944
3776-EKTKM,36.45,Month-to-month,1,0.8693413166114308
2080-CAZNM,104.4,Month-to-month,0,0.8106488752003441
1028-FFNJK,101.5,Month-to-month,0,0.8279756181699229
6907-FLBER,54.3,Month-to-month,0,0.6941638255352739
3001-UNBTL,103.95,Month-to-month,0,0.8389356618300866
5982-PSMKW,91.1,Two year,0,0.12776726247136286
3507-GASNP,19.95,Two year,0,0.0098736952719783
7096-ZNBZI,26.45,Two year,0,0.00947288920226256
1902-XBTFB,89.4,Month-to-month,1,0.7433004980471456
1676-MQAOA,75.1,Two year,0,0.022981124279115528
0786-IVLAW,108.1,One year,0,0.352243383448534
7566-DSRLQ,110.15,Two year,0,0.2434946898532363
0643-OKLRP,80.35,Month-to-month,1,0.5250634523407693
7245-JMTTQ,111.5,One year,0,0.5075511050727948
6050-IJRHS,106.5,One year,0,0.4126000089119637
6202-JVYEU,19.9,One year,0,0.3040169829752238
8591-TKMZH,111.1,Two year,0,0.1448955126223975
0734-OXWBT,70.7,Month-to-month,0,0.546727269975083
4282-ACRXS,24.85,Month-to-month,0,0.5602812796756897
0365-TRTPY,91.2,Month-to-month,0,0.41787302880131777
7349-ALMUX,65.6,Two year,0,0.03488728078210918
9381-NDKME,40.65,Month-to-month,1,0.6523051555663977
6502-KUGLL,59.45,Month-to-month,0,0.21498964422151343
1841-YSJGV,109.95,Two year,0,0.12940505294110932
2794-XIMMO,60.45,One year,1,0.2699865676820232
8382-SHQEH,84.9,Month-to-month,1,0.8942081038233297
3511-BFTJW,38.5,Two year,0,0.01579923537078357
7668-XCFYV,92.55,Month-to-month,0,0.9101986791879259
2983-ZANRP,73.55,Month-to-month,1,0.7390788083263852
7845-URHJN,20.15,Month-to-month,1,0.3082963060449752
3034-ZBEQN,34.7,One year,1,0.13072734860745877
5018-HEKFO,24.5,Month-to-month,0,0.4357183843404521
2923-ARZLG,19.7,One year,0,0.3294243795708151
3976-NLDEZ,20.6,Month-to-month,0,0.38777397941212083
2282-YGNOR,58.0,One year,0,0.10297213160761194
5336-UFNZP,107.45,One year,0,0.48417056257267016
6854-EXGSF,65.5,Month-to-month,0,0.5013861678936188
1241-EZFMJ,25.45,Two year,0,0.015335855919012964
9233-PSYHO,100.15,One year,0,0.5874174724162302
5376-PCKNB,104.45,One year,0,0.31937043534002524
8044-BGWPI,21.15,Month-to-month,0,0.39018559534155356
4060-LDNLU,96.2,Month-to-month,0,0.8829359182351657
3589-PPVKW,44.4,Month-to-month,0,0.6047135437274397
8327-LZKAS,107.55,One year,1,0.6152963378892212
5887-IKKYO,94.35,Two year,0,0.12361647002963218
1075-BGWOH,98.75,Month-to-month,1,0.9099749982017621
1755-RMCXH,20.3,Month-to-month,0,0.33104869717138885
0302-JOIVN,101.15,Month-to-month,1,0.8258169769608071
3858-XHYJO,105.75,One year,0,0.4081525799688009
4299-SIMNS,81.15,Month-to-month,0,0.803483761152307
7025-IWFHT,89.55,One year,0,0.4328740205201939
6261-LHRTG,54.75,Month-to-month,0,0.38959099048775403
7841-FCRQD,53.75,One year,0,0.15747149973561755
2056-EVGZL,105.75,One year,0,0.17425039052480956
8777-MBMTS,105.85,Two year,0,0.1716961204526258
7753-USQYQ,64.2,One year,0,0.15717425765847073
5366-IJEQJ,88.7,Month-to-month,1,0.8520317724651069
7661-CPURM,87.7,One year,0,0.5128696137089441
6233-HXJMX,89.3,Month-to-month,0,0.6629574559072816
5902-WBLSE,20.15,Two year,0,0.008483146076086676
1981-INRFU,79.75,Month-to-month,1,0.8819471912306253
4971-PUYQO,94.55,Month-to-month,1,0.8204454881018528
3239-TPHPZ,20.05,Two year,0,0.15713008160600367
5115-GZDEL,67.2,Two year,0,0.023358437532939282
3338-CVVEH,94.55,Month-to-month,0,0.8740003711024696
8485-GJCDN,69.05,Month-to-month,1,0.8185797743760967
2615-YVMYX,107.5,Month-to-month,0,0.6166226224513196
2851-STERV,73.0,One year,0,0.38198768241718234
4393-GEADV,114.75,Two year,0,0.08126045002941909
8486-AYEQH,76.05,Month-to-month,0,0.747362340734813
1527-SXDPN,96.25,Two year,1,0.18143092679179884
6029-WTIPC,101.1,Month-to-month,1,0.8477211953888044
8634-CILSZ,104.7,One year,1,0.3169986611404386
5419-JKZNQ,77.9,Month-to-month,0,0.6533838338668193
2495-KZNFB,90.65,Month-to-month,0,0.7265759103681075
1409-PHXTF,110.45,Two year,0,0.3726319333033208
4560-WQAQW,68.7,One year,0,0.0720340676918324
9591-YVTEB,44.85,Month-to-month,0,0.3497215151697567
9309-BZGNT,29.8,One year,0,0.10635460205132612
4274-DRSQT,88.9,One year,0,0.3135792604781877
2027-DNKIV,58.75,One year,0,0.09583495000504982
8075-GXIUB,19.85,One year,0,0.199383076691517
2885-HIJDH,86.9,Two year,0,0.03300364766300661
5424-RLQLC,59.65,Month-to-month,0,0.6192271582299251
6682-QJDGB,55.25,Month-to-month,1,0.18580096598955187
6507-DTJZV,66.4,Month-to-month,0,0.534199084194934
8780-IXSTS,90.1,Month-to-month,1,0.8767839903748327
7673-BQGKU,20.15,Two year,0,0.006279927152897695
6723-WSNTY,108.1,One year,0,0.37462320834056895
9530-EHPOH,53.75,Month-to-month,1,0.6455673782785621
2725-IWWBA,56.9,One year,0,0.05309100762283527
0345-HKJVM,89.3,Month-to-month,1,0.8617369626764068
1061-PNTHC,109.6,Month-to-month,0,0.45095653247575285
0394-YONDK,25.15,Two year,0,0.008565028598975226
6574-MCOEH,79.15,One year,0,0.3629011920125193
7399-QHBJS,66.75,Two year,0,0.01187901267978996
3049-SOLAY,95.2,Month-to-month,1,0.9226146010249867
0997-YTLNY,48.8,Month-to-month,0,0.2988408596031821
3317-HRTNN,45.7,Month-to-month,1,0.8413800026497125
9479-HYNYL,80.7,Two year,0,0.04804205555571899
3235-ETOOB,74.5,Month-to-month,1,0.775424634329827
9708-KFDBY,20.55,Month-to-month,0,0.3753537256885592
8058-INTPH,79.65,Month-to-month,1,0.8851319935954222
3642-GKTCT,115.1,One year,0,0.28751642645035824
0774-RMNUW,59.7,Two year,0,0.023944615095411424
1334-PDUKM,86.45,One year,0,0.17262895981400997
0756-MPZRL,33.7,One year,0,0.11655482556893192
2242-MFOTG,80.1,One year,0,0.31675275793086655
2927-CVULT,104.05,Two year,0,0.11856316406169655
2144-BFDSO,108.75,Month-to-month,0,0.5444757822263957
8745-PVESG,41.1,One year,0,0.07167357517696386
7647-GYYKX,20.35,Two year,0,0.016475893304596537
5647-FXOTP,105.9,Month-to-month,0,0.7368118669946774
5569-OUICF,101.3,Month-to-month,1,0.7707502107085282
8821-XNHVZ,80.05,Month-to-month,1,0.813606702792673
2082-OJVTK,89.2,Month-to-month,1,0.7912605657568904
9700-ISPUP,65.5,Month-to-month,0,0.5591847077431152
9839-ETQOE,40.45,Month-to-month,0,0.30085218775615535
6078-VESFR,70.45,Month-to-month,0,0.7063807086316385
9027-TMATR,78.8,Two year,0,0.12215823640152705
5940-NFXKV,83.65,Month-to-month,1,0.8321429832704996
1941-HOSAM,90.1,Month-to-month,0,0.8907865862000126
9110-HSGTV,82.45,Two year,0,0.0375439049555402
0704-VCUMB,20.25,Two year,0,0.011205316554599444
6171-ZTVYB,66.25,Month-to-month,0,0.14923376965592344
8053-WWDRO,19.5,Month-to-month,1,0.33115621674534185
9564-KCLHR,51.25,Month-to-month,1,0.5000788072041932
1935-IMVBB,89.7,Month-to-month,0,0.5288601208540203
2535-PBCGC,64.55,Two year,0,0.032370218543373165
2082-CEFLT,45.6,Month-to-month,1,0.7415361184151024
1470-PSXNM,93.65,One year,0,0.4687426992238682
1213-NGCUN,49.65,Month-to-month,1,0.5252808660266319
2498-XLDZR,73.6,Two year,0,0.04785488282376309
9866-OCCKE,109.75,Two year,0,0.17279975203530068
5338-YHWYT,61.45,Two year,0,0.028619767309710567
7718-UPSKJ,106.4,One year,0,0.18619733063650576
8731-WBBMB,81.9,Month-to-month,0,0.36150286838750334
1448-CYWKC,105.2,One year,0,0.3981354180889374
7901-IIDQV,54.6,One year,0,0.2094225252445334
2690-DVRVK,20.55,One year,0,0.228255950172798
5688-KZTSN,20.0,Month-to-month,1,0.3627820824171007
1270-XKUCC,19.7,Two year,0,0.03391142287945937
0334-ZFJSR,66.05,One year,0,0.0687857609992006
2894-QOJRX,34.0,Month-to-month,1,0.6164649377313649
5747-PMBSQ,92.5,Month-to-month,1,0.7569865508715253
5583-EJXRD,54.05,Two year,0,0.062679170624783
4565-EVZMJ,58.9,One year,0,0.0744077313748793
3143-JQEGI,88.35,Month-to-month,1,0.8099273959980675
6386-SZZKH,107.95,Two year,1,0.22966447724370267
3327-YBAKM,96.9,One year,0,0.24627248708005678
9441-QHEVC,19.1,Month-to-month,0,0.3957316132867318
6705-LNMDD,50.0,Month-to-month,0,0.3421107220598358
2580-ASVVY,45.4,Two year,0,0.1068311570494034
3370-GQEAL,85.45,Month-to-month,0,0.7119879410369584
5032-USPKF,84.1,One year,0,0.19541393713528593
2982-IHMFT,74.45,Month-to-month,1,0.8661208511154925
3521-SYVOR,64.75,Month-to-month,1,0.5773853561439204
4254-QPEDE,66.25,Two year,0,0.054795102928980405
6283-GITPX,76.9,Two year,0,0.019134573378087934
9526-JAWYF,89.8,Month-to-month,1,0.6968427799493421
0771-CHWSK,74.6,Two year,0,0.04944596487071001
9788-HNGUT,116.95,Two year,0,0.1363537681818581
9495-REDIY,40.65,One year,0,0.2865234181376575
5375-XLDOF,114.35,Two year,0,0.1121315647822271
1172-VIYBP,69.7,Two year,0,0.04377841792206637
5649-VUKMC,95.5,One year,1,0.6246036794504719
6559-PDZLR,98.65,Month-to-month,0,0.7837457937428085
8992-OBVDG,61.65,Month-to-month,0,0.4738800111030805
4273-MBHYA,89.35,Month-to-month,0,0.8874388330002562
4724-WXVWF,95.4,Month-to-month,0,0.5661251709885509
5701-GUXDC,35.4,One year,0,0.20808755042508348
1460-UZPRJ,19.95,Two year,0,0.012799539348443974
6082-GLJIX,19.25,Month-to-month,0,0.24068032393589975
5143-EGQFK,29.65,Month-to-month,1,0.7307358695863184
4919-IKATY,84.5,Month-to-month,1,0.7861830284308507
2495-TTHBQ,20.4,One year,0,0.2253709269407435
0485-ZBSLN,24.75,Two year,0,0.010702099664229916
3810-PJUHR,25.35,Two year,0,0.008856062687847848
9050-QLROH,90.7,Month-to-month,1,0.8004664269289168
0847-HGRML,20.0,Two year,0,0.008652851118764656
8232-CTLKO,59.75,Two year,0,0.04671064499524363
9227-YBAXE,82.5,Two year,0,0.04275236900195368
6168-WFVVF,70.3,Month-to-month,1,0.8701395998727708
9860-LISIZ,20.35,Month-to-month,0,0.13288738206312614
0112-QAWRZ,90.8,Month-to-month,0,0.7704802378394313
0877-SDMBN,103.95,One year,1,0.40861519351543885
2786-GCDPI,104.95,Month-to-month,0,0.7424663710577467
4043-MKDTV,105.25,Two year,0,0.19173928326203168
8065-YKXKD,74.75,Month-to-month,1,0.8569216551712217
9637-EIHEQ,50.8,Month-to-month,1,0.6597273801947128
9229-RQABD,23.75,One year,0,0.16598898449129348
8313-KTIHG,61.3,Month-to-month,0,0.6904738258069409
5320-BRKGK,75.8,Two year,0,0.031177971013837506
6284-KMNUF,98.0,One year,0,0.4874766550224653
9689-PTNPG,80.25,Month-to-month,1,0.8836805330167946
9465-RWMXL,78.9,Month-to-month,1,0.7566400755109534
6229-UOLQL,52.0,One year,0,0.08096017445707009
2362-IBOOY,84.75,Month-to-month,1,0.7906566797479726
3137-LUPIX,64.4,Month-to-month,0,0.6682407165480561
0843-WTBXE,85.45,Month-to-month,1,0.5168796207085431
6143-JQKEA,45.8,Month-to-month,0,0.5773465921885526
8676-OOQEJ,30.5,Month-to-month,0,0.6825155434509789
5515-IDEJJ,19.9,Month-to-month,1,0.34245345864960697
9701-CDXHR,69.15,Month-to-month,0,0.40036362526327934
7450-NWRTR,99.45,Month-to-month,1,0.9155945731036652
8124-NZVGJ,49.25,One year,0,0.6023199489416251
2162-FRZAA,39.35,Two year,0,0.02321183940183754
5376-DEQCP,70.6,Month-to-month,1,0.8583493605730497
5118-MUEYH,105.1,Month-to-month,0,0.6148941532320326
9095-HFAFX,81.0,Month-to-month,1,0.8158971348928333
5627-TVBPP,20.1,One year,0,0.06908811241217357
2379-ENZGV,84.85,Month-to-month,1,0.8539335601968234
3936-QQFLL,19.75,Month-to-month,0,0.3822527763619268
2589-AYCRP,19.75,One year,0,0.03488894874189455
4067-HLYQI,70.4,Month-to-month,0,0.6007799727387889
5124-EOGYE,20.45,Two year,0,0.040656385648706016
5057-RKGLH,20.35,Two year,0,0.07752164026598764
0292-WEGCH,86.2,Month-to-month,0,0.35396392679388344
8910-ICHIU,95.65,One year,0,0.29226602601784346
4097-YODCF,103.8,One year,0,0.5490339397281181
9715-WZCLW,97.2,Two year,0,0.21404870194641112
9786-YWNHU,63.55,Two year,0,0.01316847778816314
6407-GSJNL,24.95,Two year,0,0.022085109687389644
6005-OBZPH,89.15,Month-to-month,1,0.8283629584140998
4049-ZPALD,99.0,Two year,0,0.16608885902373563
7932-WPTDS,24.8,Month-to-month,1,0.8495733947640488
3733-UOCWF,85.55,One year,0,0.24698899102553645
6833-JMZYP,94.0,Month-to-month,0,0.8172005706580117
2722-VOJQL,105.65,One year,1,0.3486439048706478
1310-QRITU,50.3,Month-to-month,0,0.6583980446141806
8961-QDZZJ,95.0,One year,0,0.4280808044654668
9715-SBVSU,61.4,Two year,0,0.15469637976826572
8490-BXHEO,80.55,Month-to-month,0,0.7588889812653811
7173-TETGO,78.5,Two year,0,0.07625444954142944
7929-SKFGK,114.3,Two year,0,0.10889516075199249
2300-RQGOI,20.05,Two year,0,0.029685507842165195
3563-SVYLG,62.65,Two year,0,0.011266512976711605
5228-EXCET,80.85,Month-to-month,1,0.8469704052248173
6435-VWCCY,92.7,Two year,0,0.16008919560802984
4998-IKFSE,100.45,Month-to-month,0,0.8023884944291636
8630-QSGXK,75.2,Two year,0,0.12545934987608737
2455-USLMV,84.75,Month-to-month,0,0.5787725312215978
7394-FKDNK,89.45,Month-to-month,1,0.8536070998267544
9488-FVZCC,79.5,Two year,0,0.02531513623384256
6331-LWDTQ,72.15,Month-to-month,1,0.7410716319952301
5995-WWKKG,19.8,One year,0,0.11461508136669149
1597-FZREH,76.4,Month-to-month,1,0.6685974123162868
7879-CGSFV,100.9,One year,0,0.3220791375178745
9921-EZKBY,95.3,Month-to-month,0,0.5982084050550959
7432-FFVAR,90.95,One year,0,0.2201780565017072
7246-ZGQDF,54.5,Month-to-month,0,0.4257925963768351
7000-WCEVQ,61.6,Month-to-month,1,0.6539613164688011
0727-IWKVK,79.9,Month-to-month,1,0.8059493700827032
5959-BELXA,96.15,Month-to-month,1,0.8090122161472961
4456-RHSNB,49.6,Month-to-month,0,0.43565299799527285
3512-IZIKN,65.3,Two year,1,0.01888377663824436
2481-SBOYW,25.0,Two year,0,0.016192990229887554
7109-MFBYV,45.45,Month-to-month,0,0.4527413943991226
1833-TCXKK,107.75,Month-to-month,0,0.7000071049312954
1832-PEUTS,89.1,Two year,0,0.1814931149275963
6141-OOXUQ,19.65,Month-to-month,1,0.39280715313177167
8660-BUETV,44.75,Month-to-month,0,0.5709472240662541
0580-PIQHM,101.6,One year,0,0.3155541057415142
5696-CEIQJ,103.15,Two year,0,0.09498868277181925
7503-ZGUZJ,84.65,Month-to-month,1,0.8767172368351649
1696-HXOWK,95.65,One year,0,0.172590004432406
3026-ATZYV,75.1,One year,0,0.13028122798667935
4012-YCFAI,61.35,Two year,0,0.025434484044808695
2506-TNFCO,69.55,Month-to-month,1,0.8803518342868767
9970-QBCDA,19.7,Month-to-month,0,0.32492576756443375
8718-PTMEZ,31.05,Month-to-month,1,0.7066967887192271
9496-IVVRP,51.0,Month-to-month,0,0.3292315595941882
2207-OBZNX,51.0,Month-to-month,1,0.5143588225510081
2657-VPXTA,88.85,Month-to-month,0,0.8643740968217766
6551-VLJMV,20.05,Two year,0,0.034964607334401515
1221-GHZEP,65.1,Two year,0,0.034354465761028664
9289-LBQVU,70.15,One year,0,0.11553780538151141
6142-VSJQO,44.35,Month-to-month,1,0.6078444881306547
3458-IDMFK,20.75,Two year,0,0.07022900839053985
6933-FHBZC,56.05,One year,0,0.2451194331185511
0221-NAUXK,19.95,One year,0,0.18328904807094845
9770-KXGQU,98.6,One year,0,0.25437904027277924
6437-UKHMV,79.7,Month-to-month,1,0.8662307552610486
6538-POCHL,79.0,Month-to-month,0,0.5727383117228844
6726-NNFWD,89.45,Two year,0,0.11139141325420476
3002-WQZWT,74.2,Month-to-month,0,0.7631692526604411
4277-UDIEF,81.0,Month-to-month,0,0.3399037037080045
1208-NBVFH,49.6,Month-to-month,0,0.5305478250619676
4912-PIGUY,84.6,Month-to-month,0,0.9071088022048689
1114-CENIM,55.0,Month-to-month,1,0.2115074788590886
6060-DRTNL,84.85,Month-to-month,1,0.8425621172250025
2725-TTRIQ,84.2,Two year,0,0.03934614727986126
3374-TTZTK,106.3,Two year,0,0.21924761650964242
8990-ZXLSU,69.05,Month-to-month,0,0.7774396644815531
2275-RBYQS,45.4,Month-to-month,0,0.6633258682610285
8473-VUVJN,73.65,Month-to-month,1,0.9059509243379942
6289-CPNLD,73.9,One year,1,0.2434021430539863
5536-SLHPM,77.75,Month-to-month,1,0.6177449726085599
4419-UJMUS,99.35,Two year,0,0.2317655197786023
7794-JASDG,50.75,Month-to-month,0,0.5690480201874538
7609-YBPXG,87.1,Two year,0,0.05848119528520218
5519-TEEUH,20.15,One year,0,0.08198853872286616
7856-GANIL,98.7,One year,0,0.4220401863947932
0804-XBFBV,25.2,Month-to-month,0,0.6420883440774753
2676-OXPPQ,55.7,Month-to-month,0,0.4726184582545292
3703-TTEPD,65.35,Month-to-month,0,0.36045637627385835
2799-TSLAG,25.3,Two year,0,0.01439167363389006
0196-VULGZ,84.35,Month-to-month,1,0.911452241170673
8837-VVWLQ,84.95,Month-to-month,1,0.744960092800343
2696-NARTR,73.85,Month-to-month,1,0.7740248688055624
2208-NKVVH,24.25,Two year,0,0.027248155415680545
7614-QVWQL,51.8,One year,1,0.23179955085861437
1976-CFOCS,46.0,Month-to-month,1,0.7001363887236901
4631-OACRM,79.4,Month-to-month,1,0.8622132215184974
7139-JZFVG,60.5,Two year,0,0.018864984265909056
4987-GQWPO,25.1,Month-to-month,0,0.5453153958753187
3755-JBMNH,71.8,Month-to-month,1,0.7522118848751785
1757-TCATG,20.05,One year,0,0.05407638288970079
6345-ULYRW,88.4,One year,1,0.4401890250176519
4776-XSKYQ,30.25,One year,0,0.28425961649302606
8048-DSDFQ,20.2,Month-to-month,0,0.3898903602522685
5753-QQWPW,59.9,One year,0,0.17426232306951472
6010-DDPPW,25.15,Two year,0,0.0111110776280922
1809-DMJHQ,46.0,Month-to-month,1,0.48762445079337285
6693-FRIRW,101.3,Month-to-month,0,0.7107327885209006
6586-MYGKD,76.95,Two year,0,0.0527614218516368
3173-NVMPX,55.3,Month-to-month,0,0.5655304301216495
0248-PGHBZ,92.45,Two year,0,0.08716506912406737
0623-GDISB,48.45,Month-to-month,0,0.5609621183086748
2892-GESUL,19.35,Two year,0,0.05487777528977981
6923-EFPNL,51.75,Month-to-month,1,0.603143763737203
7472-EQOAV,86.7,One year,0,0.1198813100020829
9574-RKJIF,94.4,Month-to-month,1,0.6775760746178539
2043-WVTQJ,55.7,Month-to-month,0,0.47860230888462996
8034-RYTVV,84.25,One year,0,0.24916998476558608
3863-QSTYI,64.65,Month-to-month,0,0.26255380987279353
2619-WFQWU,70.15,Month-to-month,1,0.8120709650612785
5044-LRQAQ,69.2,Month-to-month,0,0.7786990569216082
1716-LSAMB,54.65,Two year,0,0.026139886821930414
1333-PBMXB,24.75,One year,0,0.0442397913419798
6546-OPBBH,23.95,One year,0,0.054269885659709576
5985-BEHZK,105.0,One year,0,0.3251564542026845
9127-QRZMH,59.85,One year,0,0.07958434323833186
5919-VCZYM,20.05,Month-to-month,0,0.3808283197572666
9644-KVCNC,92.15,One year,0,0.3254295086539297
2137-DQMEV,44.8,One year,0,0.05243114959447846
8174-LNWMW,20.9,Two year,0,0.037450979758894505
9279-CJEOJ,95.4,Month-to-month,0,0.849828908588449
7964-VEXDG,80.35,Month-to-month,0,0.6235584898897305
2404-JIBFC,85.1,Two year,0,0.06274713831716444
0778-NELLA,34.7,Month-to-month,1,0.7495012274580776
8029-XYPWT,115.05,Two year,0,0.15152093976062875
4614-NUVZD,81.1,Month-to-month,1,0.8845806199329821
4632-PAOYU,19.95,One year,0,0.0935850640533271
3803-KMQFW,20.55,Month-to-month,1,0.33203875713065784
6804-GDMOI,106.6,Two year,1,0.3022295120863274
2990-OGYTD,86.15,Two year,0,0.053477470696574825
6646-JPPHA,78.85,Month-to-month,0,0.6609385300767305
9572-MTILT,106.75,Month-to-month,1,0.47002792174765806
7658-UYUQS,86.55,Month-to-month,0,0.702723812297716
7880-XSOJX,42.4,Month-to-month,0,0.4478009066052203
9611-CTWIH,89.45,Month-to-month,1,0.9030115860093058
4589-IUAJB,24.25,Two year,0,0.01084293986651135
0329-GTIAJ,97.9,Month-to-month,1,0.8533121989582825
8746-BFOAJ,20.5,One year,0,0.1271947236794302
8457-XIGKN,19.6,Month-to-month,0,0.2764196827925625
6072-NUQCB,20.25,One year,0,0.08964317070323523
6629-CZTTH,55.7,Month-to-month,1,0.7210396489531358
8838-GPHZP,20.6,Two year,0,0.014694480010505377
8750-QWZAJ,19.8,Two year,0,0.006096189305278539
5364-EVNIB,79.8,Month-to-month,1,0.7808247674899064
6918-UMQCG,80.2,Month-to-month,0,0.8280439237649716
0675-NCDYU,116.4,Two year,0,0.10850559188003954
6339-DKLMK,31.65,Month-to-month,0,0.7057359924165906
1346-PJWTK,94.15,Month-to-month,0,0.3138577108735083
5088-QZLRL,20.65,Month-to-month,0,0.4726151906121195
8023-QHAIO,76.85,Month-to-month,0,0.46515796163429113
4397-FRLTA,20.15,Month-to-month,0,0.35335267727144304
3057-VJJQE,55.25,Two year,0,0.07984120761643876
5087-SUURX,39.05,Month-to-month,1,0.7523366707063036
2302-OUZXB,82.15,Two year,0,0.059543845846230334
8133-ANHHJ,103.0,One year,0,0.24302543957618564
2270-CHBFN,95.1,Month-to-month,0,0.3789254039194053
0013-EXCHZ,83.9,Month-to-month,1,0.8132685587969214
5982-FPVQN,95.15,Month-to-month,0,0.7145058243173172
9107-UKCKY,79.8,One year,0,0.28381265694599966
4654-ULTTN,74.8,Two year,0,0.03871409124001003
5550-VFRLC,69.85,Month-to-month,1,0.8776709374891849
5546-BYZSM,20.45,Month-to-month,0,0.13792708427271025
1492-KGETH,78.35,One year,0,0.04053364677055883
4929-BSTRX,53.55,Month-to-month,1,0.7187954551870632
4163-HFTUK,19.1,One year,0,0.05138661797090982
8215-NGSPE,20.0,Two year,0,0.020568228526776113
2225-ZRGSG,93.9,Two year,1,0.04071783918901731
8859-YSTWS,19.95,One year,0,0.039292150992298464
5271-YNWVR,113.15,Two year,1,0.17417346099564257
7601-DHFWZ,24.0,Two year,0,0.02523882574411874
2657-ALMWY,84.95,Month-to-month,1,0.7327588194580951
6330-JKLPC,80.5,Month-to-month,1,0.7743726618872541
4667-OHGKG,19.3,Month-to-month,1,0.47701467868524133
1998-VHJHK,19.15,One year,0,0.09187909386010114
1707-HABPF,91.3,One year,0,0.3938927130892207
1660-HSOOQ,49.65,Month-to-month,1,0.6636161051716688
7253-UVNDW,54.35,Two year,1,0.04219381489887445
0487-VVUVK,19.15,Month-to-month,0,0.21148182405296
7228-OMTPN,88.45,Month-to-month,1,0.906059053566066
5063-IUOKK,19.75,Two year,0,0.08399077580807668
4508-OEBEY,75.5,One year,0,0.15389721371587164
0027-KWYKW,83.75,Month-to-month,0,0.8075409607698062
2308-STERM,19.4,Month-to-month,0,0.37759944453900174
5982-XMDEX,26.5,Two year,0,0.012268404260011688
6284-AHOOQ,90.5,Month-to-month,1,0.7489101250653043
6051-PTVNS,19.15,One year,0,0.022994231095300906
2344-JMOGN,94.85,Month-to-month,1,0.7248177871621103
3799-ISUZQ,69.95,Month-to-month,1,0.7416051500520604
2877-VDUER,40.9,One year,0,0.17921940355334007
9152-AMKAK,80.25,Two year,0,0.22419342763038813
1794-HBQTJ,48.6,Month-to-month,1,0.5597035298251903
9432-VOFYX,70.8,Month-to-month,0,0.7898680712548292
8049-WJCLQ,60.2,Month-to-month,0,0.5067544638117957
6586-PSJOX,55.2,One year,0,0.17969626312364678
2460-FPSYH,55.8,Month-to-month,1,0.5468652221067472
9705-ZJBCG,54.15,One year,0,0.13884286746751595
4818-DRBQT,80.15,Month-to-month,1,0.6662733215196399
1320-HTRDR,75.5,Month-to-month,1,0.8783748553582905
6847-KJLTS,100.4,Month-to-month,0,0.6117463187966234
9670-BPNXF,62.55,One year,0,0.07125983558956657
3913-FCUUW,70.45,Two year,0,0.017656469548451792
3301-VKTGC,85.5,One year,0,0.1422534640067645
1493-AMTIE,20.2,Month-to-month,1,0.459085171710261
9555-SAHUZ,54.5,Month-to-month,0,0.20063065759547416
0816-TSPHQ,20.75,Month-to-month,0,0.3771992262204098
9932-WBWIK,20.35,Month-to-month,0,0.2944915269409778
4619-EVPHY,91.0,One year,0,0.6867334706095449
5286-YHCVC,104.8,Two year,0,0.22321861745964955
6424-ELEYH,74.75,Month-to-month,1,0.8337532226865764
4391-RESHN,104.05,Month-to-month,1,0.7841891698355713
9115-YQHGA,51.1,Month-to-month,0,0.33298100972812344
4462-CYWMH,89.8,Month-to-month,0,0.565887396683773
8963-MQVYN,20.55,Month-to-month,0,0.2864458699460668
2458-EOMRE,64.05,Month-to-month,0,0.44285023463721657
9334-GWGOW,74.85,Month-to-month,0,0.8873830596589373
6821-BUXUX,96.65,Month-to-month,1,0.790475060494925
5028-HTLJB,20.05,Month-to-month,1,0.4274599368276821
9801-GDWGV,103.45,Month-to-month,1,0.8001194546438394
6542-LWGXJ,25.0,Month-to-month,0,0.6987382416095792
5567-GZKQY,20.3,Two year,0,0.012626214185296442
1222-LRYKO,26.35,Month-to-month,0,0.3393452844940204
2320-JRSDE,19.9,Month-to-month,1,0.4998413882680683
2087-QAREY,54.7,Month-to-month,0,0.440843102286068
0601-WZHJF,46.35,Month-to-month,1,0.7743571414654716
4423-JWZJN,90.25,One year,0,0.23647482634437997
5143-WMWOG,19.95,Month-to-month,1,0.47650136165682705
6490-FGZAT,20.65,Month-to-month,0,0.3382966149743672
5393-RXQSZ,79.6,Month-to-month,1,0.8540014075235685
7452-FOLON,25.45,One year,0,0.05754891718597106
2320-TZRRH,19.5,One year,0,0.11972313448257091
0231-LXVAP,75.9,Month-to-month,1,0.8133287307299362
9444-JTXHZ,76.2,Month-to-month,1,0.8108727560252759
4942-VZZOM,66.15,One year,0,0.11288135164245627
5510-BOIUJ,19.25,Month-to-month,1,0.34154030340310154
7502-BNYGS,69.1,Month-to-month,0,0.385296627470891
4291-HYEBC,39.1,One year,0,0.4596754601495913
6147-CBCRA,20.05,Month-to-month,0,0.1412584339982422
6047-SUHPR,59.8,One year,0,0.10650377400404157
4471-KXAUH,84.3,Month-to-month,1,0.6248889590546096
9752-ZNQUT,48.6,Month-to-month,0,0.7115817271219016
7638-QVMVY,79.0,Month-to-month,1,0.8665374054957452
1576-PFZIW,105.35,Two year,0,0.11881708730150964
5666-MBJPT,25.1,Two year,0,0.018278462676237468
7312-XSBAT,49.75,Month-to-month,0,0.5775311795131138
3096-GKWEB,94.75,Month-to-month,0,0.8924725047894262
2371-JQHZZ,93.0,Month-to-month,0,0.8800700799336215
0674-GCDXG,71.9,Two year,0,0.0468409418133486
1121-QSIVB,77.55,One year,0,0.25355536165810183
4396-KLSEH,19.85,Month-to-month,0,0.5284564254667496
3244-DCJWY,70.25,Month-to-month,1,0.8592941812732063
2824-MYYBN,95.25,Month-to-month,0,0.78579370163996
0875-CABNR,84.6,Month-to-month,1,0.8202385351461527
6345-HOVES,25.05,Month-to-month,0,0.45779172279873387
8318-LCNBW,53.15,One year,0,0.2665862235428804
6469-QJKZW,20.15,Month-to-month,0,0.44121534756069936
0147-ESWWR,101.25,Month-to-month,0,0.7928210591219751
1217-VASWC,100.55,One year,0,0.5140467416331636
7812-FZHPE,24.1,Month-to-month,1,0.2513012335712821
6370-ZVHDV,25.3,Two year,0,0.014957324476284195
5915-DGNVC,71.8,One year,0,0.16627689956760125
6260-XLACS,19.7,One year,0,0.21655754523355733
3566-CAAYU,49.85,Two year,0,0.046700784075585165
4983-CCWMC,69.6,Month-to-month,0,0.8090533479805034
9103-CXVOK,19.75,Month-to-month,0,0.4253382253726613
2896-TBNBE,80.8,One year,0,0.35384289506859357
4797-AXPXK,60.0,Month-to-month,1,0.4656210619714897
5229-PRWKT,86.55,Month-to-month,1,0.8896411030960881
6982-UQZLY,20.85,Month-to-month,1,0.5030245182706121
2522-WLNSF,64.2,One year,0,0.1778690480401215
3841-CONLJ,35.0,Month-to-month,0,0.8153103572795749
5057-LCOUI,50.75,Month-to-month,1,0.6466245812022834
0193-ESZXP,105.5,One year,1,0.266950918054892
4475-NVTLU,19.2,Two year,0,0.02687481788133004
4369-HTUIF,85.15,Month-to-month,1,0.7765694752921891
9386-LDCZR,90.65,One year,0,0.19016917370523825
9585-KKMFD,20.0,Two year,0,0.03108398791574853
5399-ZIMKF,74.65,Month-to-month,0,0.8278560986429577
0336-KXKFK,61.2,Two year,0,0.0456875910509438
5619-XZZKR,19.95,One year,0,0.21387201564125224
3948-FVVRP,54.8,Month-to-month,0,0.34754731414749174
5327-XOKKY,73.45,Two year,0,0.1071302186920997
0983-TATYJ,51.45,One year,0,0.17651245350386902
1813-JYWTO,80.45,Two year,0,0.06523294816016897
0156-FVPTA,54.2,Month-to-month,1,0.3963625171299733
1984-FCOWB,109.5,One year,1,0.40678445016482917
0654-HMSHN,104.4,Month-to-month,1,0.7864080622838069
6719-OXYBR,85.3,Month-to-month,0,0.7796130517378713
3312-ZWLGF,79.3,Month-to-month,0,0.7505877268672928
6476-YHMGA,76.5,Month-to-month,0,0.4111058251993655
5287-QWLKY,105.1,Month-to-month,1,0.4500083855809615
0795-XCCTE,25.4,Two year,0,0.011201651458361245
0168-XZKBB,86.85,Month-to-month,0,0.8481610990438928
3785-NRHYR,19.65,Month-to-month,0,0.39280715313177167
5196-SGOAK,75.7,Month-to-month,1,0.8370075880272402
4537-DKTAL,45.55,Month-to-month,0,0.6567813241177856
7072-MBHEV,78.1,Month-to-month,0,0.7832525751525041
5602-BVFMK,19.3,One year,0,0.16025301421397997
6297-NOOPG,110.5,Two year,0,0.2497321697163878
1891-UAWWU,90.8,Month-to-month,1,0.8242797148575393
8204-TIFGJ,20.3,Month-to-month,0,0.2453551128367248
8050-DVOJX,81.35,Two year,0,0.052093710962364335
6108-OQZDQ,97.95,Month-to-month,1,0.8916333914474728
0363-QJVFX,108.15,Month-to-month,1,0.6220681173312562
8903-XEBGX,55.3,Month-to-month,0,0.739162772490988
8169-SAEJD,56.55,Two year,0,0.05101519319020344
9840-DVNDC,80.5,Month-to-month,1,0.8177365681565416
1089-XZWHH,19.7,Two year,0,0.059647231554430996
2325-WINES,104.05,One year,0,0.6095317774273586
6064-ZATLR,52.85,Two year,0,0.06968271335911118
3096-JRDSO,104.3,Month-to-month,1,0.7092044466188768
7824-PANSQ,80.65,Month-to-month,0,0.3358783515821964
8042-JVNFH,71.35,Month-to-month,1,0.812895114615867
9648-BCHKM,24.65,Two year,0,0.09090507027327266
2888-ADFAO,21.3,Two year,0,0.021945588285542217
8707-HOEDG,110.2,Two year,0,0.2081652465038306
3374-LXDEV,89.4,Month-to-month,1,0.6948598913067741
4072-IPYLT,51.05,Month-to-month,0,0.16571841199553478
7167-PCEYD,19.8,Two year,0,0.01289485998411144
4936-YPJNK,19.9,Month-to-month,0,0.3735695603928798
1580-BMCMR,87.3,Month-to-month,0,0.7786207969623148
4817-KEQSP,19.85,Two year,0,0.005753028313633324
6408-WHTEF,89.4,Two year,0,0.039200403673109015
9251-AWQGT,20.0,Two year,0,0.015988260084254413
8749-CLJXC,20.05,Month-to-month,0,0.39068507807129976
7989-VCQOH,83.25,Month-to-month,0,0.40504158788261707
5049-GLYVG,20.6,Month-to-month,1,0.38777397941212083
4199-QHJNM,102.9,Two year,0,0.17311297447027205
8882-TLVRW,39.1,Two year,0,0.015653109568373826
5883-GTGVD,99.95,Month-to-month,1,0.8735064585210136
5135-GRQJV,114.5,Two year,0,0.16256020693837278
2384-OVPSA,20.2,Two year,0,0.03424790855278307
1371-WEPDS,55.8,One year,0,0.2801215583266218
3580-GICBM,24.2,Two year,0,0.017504948614594826
4817-QRJSX,81.0,Month-to-month,1,0.7684281237648829
9730-DRTMJ,72.8,One year,0,0.19773100232938737
4686-UXDML,99.85,Month-to-month,0,0.8054266413666289
3349-ANQNH,99.5,One year,0,0.6026170722971226
2398-YPMUR,70.15,Month-to-month,1,0.8323484833959742
0932-YIXYU,20.25,Two year,0,0.019799439513467954
7480-SPLEF,26.0,Two year,0,0.012304055172947585
7636-XUHWW,19.9,Month-to-month,0,0.4495346705616367
1431-CYWMH,19.05,Month-to-month,0,0.16803740197753073
5937-EORGB,96.5,Month-to-month,0,0.8303111693262033
6349-JDHQP,19.85,Two year,0,0.015265353120721723
5539-HIVAK,25.7,Month-to-month,0,0.23369648834071113
5847-MXBEO,20.3,One year,0,0.11318814768286661
9985-MWVIX,70.15,Month-to-month,1,0.8120709650612785
4583-PARNH,91.55,Month-to-month,0,0.8072756654613287
1116-FRYVH,39.4,Two year,0,0.029605266857464795
1421-HCERK,105.7,Month-to-month,0,0.5894190855881132
9633-XQABV,70.25,Month-to-month,0,0.8519406330358047
0716-BQNDX,93.75,Two year,0,0.18251835012988596
1265-XTECC,96.55,One year,1,0.26024846174468264
1183-CANVH,60.0,One year,0,0.21406371778358782
1972-XMUWV,59.8,Two year,0,0.04258467670555632
8679-LZBMD,90.65,One year,0,0.4999889471519921
3407-JMJQQ,109.0,Two year,0,0.13818009090974817
6252-DFGTK,68.1,One year,0,0.09604625697758036
1539-LNKHM,20.4,Month-to-month,0,0.2803815908552862
8645-KOMJQ,81.95,Two year,0,0.057743877029338614
0289-IVARM,60.55,Month-to-month,0,0.2453231204853604
9761-XUJWD,65.6,Month-to-month,0,0.5629024023407347
4057-FKCZK,82.5,Two year,0,0.1555774374884092
4291-TPNFG,82.3,Two year,0,0.03274888418483862
6087-YPWHO,68.15,Two year,0,0.016907132336042185
3090-QFUVD,20.3,Month-to-month,0,0.36914713827426915
2237-ZFSMY,95.55,One year,1,0.36596230229579085
1722-LDZJS,20.2,One year,0,0.025740712897111936
1818-ESQMW,89.2,Month-to-month,0,0.7207057688082434
4871-JTKJF,69.65,Month-to-month,1,0.8781482170887748
1415-YFWLT,89.3,Month-to-month,1,0.9204138322623624
7401-RUBNK,74.8,Month-to-month,0,0.6395301862563535
0506-YLVKJ,20.2,Two year,0,0.02490043047221773
8661-BOYNW,84.4,Two year,0,0.04978945492831655
6711-VTNRE,87.55,Month-to-month,1,0.6709215465282543
4815-GBTCD,25.15,Month-to-month,0,0.8096709991433151
2805-AUFQN,19.8,Two year,0,0.04795029231468184
0980-PVMRC,50.85,Month-to-month,0,0.5581983109893089
7233-DRTRF,102.4,Month-to-month,0,0.7022457298907824
3500-RMZLT,96.3,Month-to-month,1,0.6539566382817976
3873-NFTGI,55.5,Month-to-month,0,0.5677169611133968
1162-ECVII,109.75,Two year,0,0.20519151887604134
7048-GXDAY,106.4,Month-to-month,0,0.7281906924674466
8571-ZCMCX,60.0,Two year,0,0.0960099247302627
1169-WCVAK,88.8,Month-to-month,0,0.5690786441060577
4548-SDBKE,85.2,Month-to-month,1,0.8966976573693894
8066-POXGX,35.1,Month-to-month,1,0.7907606780102205
7129-CAKJW,80.05,Month-to-month,0,0.6873836402253224
8695-ARGXZ,75.55,Month-to-month,0,0.7686624210340679
3570-YUEKJ,49.55,Month-to-month,0,0.35532742956863705
4143-OOBWZ,81.3,Month-to-month,1,0.8573508663468075
1555-HAPSU,23.9,Two year,0,0.007938546491164798
1697-NVVGY,66.4,Month-to-month,0,0.4103962658017453
7854-EKTJL,19.6,Month-to-month,1,0.48615051720098734
8464-EETCQ,18.8,Two year,0,0.013560091045540037
2419-FSORS,108.4,Two year,0,0.24599944705029733
8132-YPVBX,85.95,Month-to-month,0,0.7999256345812304
9102-IAYHT,85.45,Month-to-month,1,0.8345155964718587
6754-LZUKA,80.9,Two year,0,0.08325717665040099
3422-LYEPQ,71.0,Month-to-month,1,0.8339081665438329
8099-MZPUJ,111.8,Two year,0,0.13731132703540122
0787-LHDYT,20.6,Month-to-month,0,0.3089680619453378
2642-DTVCO,85.05,Month-to-month,1,0.9043725306119621
0374-IOEGQ,44.6,Month-to-month,0,0.6529372523291318
4361-JEIVL,44.4,Month-to-month,1,0.7007495090555682
3197-NNYNB,105.1,Two year,0,0.18854655864423675
3396-DKDEL,115.15,Two year,0,0.11443596368247536
1752-OZXFY,59.8,One year,0,0.09980012646234099
9066-QRSDU,26.3,One year,0,0.0437363921438235
9112-WSNPU,70.55,Month-to-month,0,0.6299575945123593
9867-NNXLC,20.05,Month-to-month,0,0.2650804489753924
5321-NTRKC,79.85,Two year,0,0.05875139869591467
1363-TXLSL,70.3,Month-to-month,1,0.8819674369289916
9507-EXLTT,79.35,Month-to-month,1,0.8411803844342789
3161-GETRM,90.05,Month-to-month,0,0.6819416799356905
0402-OAMEN,24.45,Two year,0,0.007573572777959815
6933-VLYFX,59.95,One year,0,0.2556762212273592
6754-WKSHP,25.35,One year,0,0.08123486207352158
9846-GKXAS,90.8,Month-to-month,1,0.8376610740659098
6017-PPLPX,70.45,Month-to-month,1,0.7381820084712138
4976-LNFVV,34.3,Month-to-month,0,0.608501223171458
5055-MGMGF,105.05,Month-to-month,0,0.6248399408001282
4641-FROLU,19.3,Two year,0,0.03423215003458635
2862-JVEOY,19.15,One year,0,0.20347656787423388
2969-QWUBZ,51.4,Month-to-month,0,0.8106394914278026
9822-BIIGN,71.85,Month-to-month,0,0.1903654869465318
2077-MPJQO,75.4,Month-to-month,0,0.8871379840977006
1534-OULXE,49.7,One year,0,0.05221111803797928
7136-RVDTZ,45.25,One year,1,0.2577518386172016
2971-SGAFL,78.75,Month-to-month,0,0.7163451411617323
1480-IVEVR,81.6,One year,0,0.5080908213680996
2905-KFQUV,70.4,Month-to-month,0,0.8012199947555451
4581-SSPWD,75.8,Month-to-month,1,0.8782237503013105
3370-HXOPH,76.1,Month-to-month,0,0.8369337247509294
9391-YZEJW,94.0,One year,0,0.43965160746314774
9958-MEKUC,103.95,Two year,0,0.058176732960459915
0281-CNTZX,19.95,Two year,0,0.01469497349501354
6927-WTFIV,71.3,Month-to-month,1,0.6516651028923108
4118-CEVPF,110.8,One year,0,0.4597193542717356
3398-ZOUAA,69.1,Month-to-month,1,0.8027223065897885
9114-VEPUF,96.1,One year,0,0.2827134616175716
7876-BEUTG,48.8,Month-to-month,0,0.6083933679693386
2338-BQEZT,50.55,Month-to-month,0,0.15101464507306506
9873-MNDKV,44.65,Month-to-month,0,0.5794545170132301
0378-NHQXU,88.25,Month-to-month,1,0.7787033448801638
8241-JUIQO,19.45,One year,0,0.022964144845177607
2194-IIQOF,89.3,Two year,0,0.03423016946810635
4512-ZUIYL,70.0,Month-to-month,1,0.7407889427975302
9631-RXVJM,19.25,Two year,0,0.035190522525548905
9584-EXCDZ,70.5,Month-to-month,0,0.6351345996961066
7969-AULMZ,97.35,Month-to-month,1,0.8761996443015081
5093-FEGLU,19.65,Two year,0,0.020020732639925463
2621-UDNLU,20.85,Month-to-month,0,0.3640496508500394
7526-IVLYU,19.65,Month-to-month,0,0.4545520906357046
2428-HYUNX,19.35,Two year,0,0.03760678801281756
9214-EKVXR,44.0,Month-to-month,0,0.6702511328597216
3410-MHHUM,94.4,One year,0,0.4260089762265086
0568-ONFPC,25.9,Month-to-month,1,0.4212371885372064
0733-VUNUW,55.65,Month-to-month,1,0.4201840642181147
4550-EVXNY,69.65,Month-to-month,1,0.8310353678849393
2122-YWVYA,75.4,Month-to-month,0,0.7037230757090275
2968-SSGAA,100.6,Month-to-month,1,0.9035529367342058
2296-DKZFP,71.0,Two year,0,0.02636318467973538
4844-JJWUY,86.0,Month-to-month,1,0.8836735862058782
6777-TGHTM,106.95,One year,1,0.41042208737640223
8909-BOLNL,21.2,One year,0,0.2163807714847636
6603-YRDCJ,61.05,Two year,0,0.06000268539335584
3538-WZPHD,29.6,Month-to-month,1,0.7943826679029592
3229-USWAR,79.95,One year,0,0.1922309361117537
2138-VFAPZ,19.7,Two year,0,0.08765487692101924
6131-JLWZM,20.3,Month-to-month,0,0.3432002310714672
4785-QRJHC,59.9,One year,1,0.2724198121068754
0269-XFESX,24.35,One year,0,0.11436182543622198
1709-EJDOX,19.75,Two year,0,0.016870503720406965
4316-XCSLJ,50.3,Month-to-month,0,0.3734503758080007
8610-WFCJF,95.6,Month-to-month,1,0.7390329329243859
9693-XMUOB,50.25,Month-to-month,0,0.49526749935478226
0383-CLDDA,85.35,Two year,0,0.05259352471295799
4905-JEFDW,41.6,One year,1,0.6501103085688521
2709-UQGNP,51.65,Month-to-month,0,0.4848277370307776
3549-ZTMNH,24.0,Two year,0,0.1173084112482799
7881-INRLC,100.85,Month-to-month,1,0.7086191617791588
8033-ATFAS,59.85,Month-to-month,0,0.3462642160852388
1635-NZATJ,25.45,Two year,0,0.011860854473337115
0562-HKHML,23.9,Two year,0,0.008133321652454674
8277-RVRSV,24.15,One year,0,0.07330393757410233
9943-VSZUV,75.7,Month-to-month,0,0.46240016899971664
0117-LFRMW,40.2,Month-to-month,1,0.20207503382009642
6172-FECYY,84.5,Month-to-month,1,0.6007323270470467
7054-ENNGU,50.85,Month-to-month,0,0.4758842058077262
1455-HFBXA,91.6,Two year,0,0.11597124193478472
9402-CXWPL,98.9,One year,0,0.3807316212274197
1628-BIZYP,85.0,Month-to-month,0,0.873234756181735
1965-AKTSX,78.95,Month-to-month,1,0.8420126030750156
0082-LDZUE,44.3,Month-to-month,0,0.6758508244424134
4786-UKSNZ,20.2,Month-to-month,1,0.3898903602522685
5343-SGUBI,80.2,One year,0,0.3356919215744442
0856-NAOES,60.9,Month-to-month,0,0.5930980171763383
1976-AZZPJ,34.2,Month-to-month,0,0.5302585021274071
7248-VZQLC,85.2,Month-to-month,1,0.5654216508628562
6156-UZDLF,87.15,One year,0,0.28971244093095283
3099-OONVS,54.3,Month-to-month,0,0.2502177618394337
9500-WBGRP,19.1,Two year,0,0.01184879008138598
5183-KLYEM,112.75,Two year,0,0.1317603704674411
5144-PQCDZ,19.95,Month-to-month,0,0.4409718233008663
8514-VZHEB,19.5,Two year,0,0.01054254642343397
6625-IUTTT,65.55,Two year,0,0.028783845770476404
9355-NPPFS,78.8,Month-to-month,0,0.8148908581611166
0068-FIGTF,78.2,One year,0,0.2263368832312604
5965-GGPRW,105.25,Two year,0,0.11355428757988469
8035-PWSEV,89.25,Month-to-month,0,0.8214033637664541
2236-HILPA,20.65,Two year,0,0.00861512666388531
1840-BIUOG,68.7,One year,0,0.425965264377494
1356-MKYSK,78.65,Month-to-month,0,0.46256965499662944
6080-LNESI,24.75,Two year,0,0.023823141658019596
1830-IPXVJ,19.75,Two year,0,0.009086130922239699
5828-DWPIL,89.1,Month-to-month,0,0.4901377622728647
8398-TBIYD,84.7,Two year,0,0.06966523004967469
0011-IGKFF,98.0,Month-to-month,1,0.8805360858688674
4192-GORJT,94.45,Month-to-month,1,0.8997148243666692
6496-SLWHQ,105.0,Month-to-month,1,0.9195433030161422
9912-GVSEQ,93.85,Month-to-month,1,0.8319051693356743
2931-FSOHN,59.9,Month-to-month,0,0.7053881907876309
9418-RUKPH,19.95,Two year,0,0.03366075916072889
5383-MMTWC,84.0,Month-to-month,1,0.906826062615116
9971-ZWPBF,108.9,Month-to-month,0,0.7592490068678676
4712-AUQZO,33.6,Month-to-month,0,0.44609593047918855
9711-FJTBX,85.85,One year,0,0.16822318318844856
2908-ZTPNF,34.85,Month-to-month,0,0.3264679914565516
7240-ETPTR,48.75,Month-to-month,1,0.8495758849614906
2202-CUYXZ,84.85,Month-to-month,1,0.8830981594610344
5995-OIGLP,56.65,Month-to-month,1,0.3061137872826559
8421-WZOOW,95.3,Month-to-month,0,0.3875174882617345
6261-RCVNS,73.9,One year,1,0.08230433056262546
7951-QKZPL,24.5,Two year,1,0.05294032911492555
1414-YADCW,84.6,Two year,0,0.036248820933397104
8756-RDDLT,44.95,Month-to-month,0,0.17907100095851708
2862-PFNIK,24.7,Month-to-month,0,0.7965801187936512
5816-QVHRX,100.3,Month-to-month,0,0.613739854707783
4430-YHXGG,25.45,Month-to-month,0,0.4327857613423137
6888-SBYAI,50.7,Month-to-month,0,0.5693209973743413
7395-XWZOY,55.0,Month-to-month,0,0.4416207618841175
7169-YWAMK,68.4,Two year,0,0.013258094728601745
3640-PHQXK,89.9,Month-to-month,1,0.8062587172694252
6877-LGWXO,78.55,Month-to-month,1,0.8103163945573203
6859-RKMZJ,55.05,Month-to-month,0,0.6354049322007056
2729-VNVAP,19.8,Two year,0,0.028314388585542017
2957-JIRMN,84.45,One year,0,0.39043645624910267
2049-BAFNW,35.9,Month-to-month,0,0.6104778112989326
3842-QTGDL,80.75,Month-to-month,0,0.5219957151314591
7163-OCEQI,78.65,One year,0,0.36860855222422684
9782-LGXMC,61.75,Month-to-month,0,0.08422116548191197
5975-BAICR,63.7,One year,0,0.16064398441665134
8019-ENHXU,99.45,Month-to-month,1,0.6753933085016575
5167-GBFRE,25.2,Month-to-month,1,0.7708226455269643
9033-EOXWV,74.05,One year,1,0.4118724733054553
4673-KKSLS,87.6,Month-to-month,0,0.4382571547968248
4853-OITSN,89.15,Month-to-month,0,0.8610297122133345
9800-OUIGR,20.0,Two year,0,0.007510814079764412
1324-NLTJE,55.0,Month-to-month,1,0.4570199006542854
2324-EFHVG,104.4,Two year,0,0.2597336732017012
7094-MSZAO,20.05,Month-to-month,0,0.32098141564948074
1522-VVDMG,89.75,Month-to-month,1,0.7634693625085924
6907-CQGPN,34.3,Month-to-month,0,0.4144358741766459
0780-XNZFN,20.65,Two year,0,0.013121476344018572
0239-OXEXL,84.25,Month-to-month,0,0.3758148702461591
2675-IJRGJ,19.65,Two year,0,0.015623386016407335
7049-GKVZY,79.85,One year,0,0.20143520086304806
8577-QSOCG,20.2,Two year,0,0.033409139222221
3721-CNZHX,19.8,One year,0,0.1469633192839662
0212-ISBBF,50.35,Month-to-month,0,0.7493801669169977
9185-TQCVP,85.15,Month-to-month,1,0.8766176628937148
3585-YNADK,74.6,One year,0,0.09819984974993888
5271-DBYSJ,79.15,Month-to-month,0,0.8255803626561522
1099-GODLO,20.35,Two year,0,0.1051247501795652
6828-HMKWP,21.05,Two year,0,0.06684020461020422
5567-WSELE,94.6,Month-to-month,1,0.9354433452740792
1472-TNCWL,94.7,Month-to-month,0,0.7338156162648383
8063-RJYNF,94.25,Month-to-month,1,0.8172771813137516
0687-ZVTHB,72.45,One year,1,0.06167751409807656
2080-GKCWQ,74.95,Month-to-month,0,0.7889904802368614
9661-ACXBS,105.2,Month-to-month,1,0.7372709342009954
2193-SFWQW,111.95,Two year,0,0.059480714672294675
5656-JAMLX,19.85,Two year,0,0.010908404028109544
3462-BJQQA,89.75,Month-to-month,0,0.8783274397513225
0442-TDYUO,20.05,Two year,0,0.02924165114284273
6733-LRIZX,108.95,Two year,0,0.38579361551147073
9503-XJUME,19.65,One year,0,0.026021923682861235
4367-NHWMM,24.9,Month-to-month,0,0.770325210303726
3727-RJMEO,82.85,Month-to-month,1,0.9016072086425821
3779-OSWCF,93.2,Two year,0,0.0321987521495702
6736-DHUQI,84.8,One year,0,0.08270123490973086
3915-ODIYG,71.75,One year,0,0.18309134348059405
1360-RCYRT,30.35,Month-to-month,0,0.4328055434689117
2724-FJDYW,54.85,One year,0,0.20445164395139412
4451-RWASJ,19.5,One year,0,0.1623454774363143
6646-VRFOL,103.85,Month-to-month,1,0.7758920231457667
3460-TJBWI,24.2,Two year,0,0.05777966044148724
5917-HBSDW,19.35,Month-to-month,0,0.13551647921354562
5685-IIXLY,83.6,Month-to-month,1,0.8318652061681776
5671-UUNXD,100.65,One year,0,0.5921307530345821
0956-ACVZC,94.1,One year,0,0.4246125664525284
2325-NBPZG,74.55,Month-to-month,0,0.7926377657950874
4250-ZBWLV,108.45,One year,1,0.33482117046399257
4482-FTFFX,56.15,Month-to-month,0,0.541592534322461
8859-DZTGQ,20.35,Two year,0,0.037658015599063226
0440-MOGPM,80.55,One year,0,0.3990403776234284
0020-JDNXP,61.25,One year,0,0.16980639256692023
3752-CQSJI,20.45,Month-to-month,0,0.2956592338082648
5025-GOOKI,18.9,Month-to-month,0,0.2728025169599818
4698-KVLLG,19.6,Two year,0,0.019202936615734054
5095-AESKG,91.5,Month-to-month,1,0.8396399919269689
2887-JPYLU,45.2,Month-to-month,0,0.19555817585234492
4770-QAZXN,19.45,Month-to-month,0,0.26339040209229436
4896-CPRPF,25.45,Two year,0,0.03424309997057794
1871-MOWRM,80.85,Month-to-month,1,0.49616620206822
9714-EDSUC,94.9,Month-to-month,0,0.6726750599760026
2027-OAQQC,49.05,Month-to-month,1,0.5176330028511078
0282-NVSJS,29.3,Month-to-month,0,0.5908727939068976
9090-SGQXL,105.3,Month-to-month,1,0.7090866744868797
6595-YGXIT,88.95,Month-to-month,1,0.8402105660408075
7353-YOWFP,20.25,One year,0,0.18741993108123492
9835-ZIITK,110.85,One year,1,0.48101281275652535
8008-ESFLK,110.5,One year,0,0.2709159818272264
7537-CBQUZ,109.4,Month-to-month,0,0.5604154571300844
1555-DJEQW,114.2,Two year,1,0.10601029526526111
5649-TJHOV,36.5,Month-to-month,1,0.5593164281915689
0519-XUZJU,70.75,Month-to-month,1,0.7529551335523271
3363-EWLGO,19.95,Month-to-month,0,0.3450357496463284
4750-UKWJK,19.6,One year,0,0.07267609424056103
6338-AVWCY,40.15,Month-to-month,1,0.7915887096656666
1689-YQBYY,76.6,Month-to-month,0,0.8092780508023246
4487-ZYJZK,19.6,One year,0,0.046484069384533
2959-FENLU,85.3,Month-to-month,0,0.798810064663926
0708-LGSMF,65.85,Month-to-month,0,0.6774438793344878
9253-QXKBE,94.45,Month-to-month,1,0.8771081898933023
7634-HLQJR,20.05,Two year,0,0.016117338891843743
0487-RPVUM,99.4,Month-to-month,0,0.310999141888098
4079-ULGFR,20.0,Month-to-month,0,0.2526078363376597
2516-XSJKX,78.45,Two year,0,0.06772241141611789
0057-QBUQH,25.1,Two year,0,0.04914223734996776
9445-SZLCH,97.35,Month-to-month,1,0.6157843792353759
6599-SFQVE,55.0,Month-to-month,0,0.7519262236720125
8331-ZXFOE,71.1,One year,0,0.06666672114441756
4003-FUSHP,61.55,Month-to-month,0,0.4688680436109451
0356-ERHVT,45.9,Month-to-month,0,0.574787741458252
7325-ENZFI,40.3,One year,0,0.12410569207174459
4884-ZTHVF,87.1,Month-to-month,0,0.8559599788555665
3920-HIHMQ,49.5,Month-to-month,0,0.4498836868126032
3055-OYMSE,73.8,Month-to-month,0,0.45911495897566285
0613-WUXUM,19.2,Two year,0,0.009120330883022339
7568-PODML,45.3,Month-to-month,1,0.845345256884645
4458-KVRBJ,25.0,Two year,0,0.017433475584427437
5349-IECLD,94.95,Month-to-month,1,0.8700175876297345
1397-XKKWR,35.3,One year,0,0.36929330813668976
3945-GFWQL,44.55,Month-to-month,1,0.5978570600170813
8097-OMULG,76.75,One year,0,0.08314851259256258
6013-BHCAW,81.0,Two year,0,0.07740102313149753
0401-WDBXM,105.55,Two year,0,0.14931993837841526
3387-PLKUI,18.8,Month-to-month,0,0.2373290603450031
6096-EGVTU,24.9,One year,0,0.022522979252761064
3797-VTIDR,23.45,Month-to-month,1,0.8377024420842916
5081-NWSUP,64.9,One year,0,0.2813719006842679
2580-ATZSQ,61.35,One year,0,0.029872021524712716
8085-MSNLK,113.95,Two year,0,0.12103250983084277
9691-HKOVS,90.15,One year,0,0.18704964374051242
9881-VCZEP,54.1,Month-to-month,0,0.49320802639760547
9526-BIHHD,29.7,Month-to-month,1,0.6192773750622307
8757-TFHHJ,49.8,Month-to-month,0,0.5610361724433078
4523-WXCEF,101.1,Month-to-month,1,0.635752355776467
1468-DEFNC,24.4,Two year,0,0.017685058675664007
5119-KEPFY,95.0,Month-to-month,0,0.7754992518319329
8364-TRMMK,50.65,Month-to-month,1,0.6977540615544353
0916-KNFAJ,69.9,Two year,0,0.06828503777559046
8319-QBEHW,39.95,One year,0,0.33874951654703894
3063-QFSZL,55.4,Month-to-month,1,0.7811396646216517
8775-LHDJH,90.6,Month-to-month,1,0.9058529071906701
9625-QNLUX,103.25,Two year,0,0.11910914295017073
3097-NQYSN,86.85,Month-to-month,1,0.8861066829189578
4024-CSNBY,94.25,Two year,0,0.06671302157523845
7110-BDTWG,47.05,Two year,0,0.06606510290145075
7493-GVFIO,20.55,Two year,0,0.013473859855341582
0690-SRQID,19.65,Month-to-month,0,0.44305891908997413
9605-WGJVW,70.2,Month-to-month,0,0.8768318268899298
9114-DPSIA,81.0,Two year,0,0.018496843588512984
4700-UBQMV,75.9,One year,0,0.34553639541957476
7711-GQBZC,24.7,Two year,0,0.008051776018778559
3565-UNOCC,99.05,Month-to-month,1,0.8257107525938877
4627-MIHJH,110.25,Two year,0,0.12214484907180843
9795-NREXC,85.0,Two year,0,0.06186848477461346
8573-CGOCC,19.75,Month-to-month,0,0.24436332489501528
7356-AYNJP,23.9,One year,0,0.3271012172417625
9249-FXSCK,111.25,One year,1,0.32187710147876863
5493-SDRDQ,55.1,Month-to-month,1,0.552479652837003
6286-SUUWT,19.95,Month-to-month,0,0.3912152126715323
4819-HJPIW,25.15,Month-to-month,0,0.5517091758974288
8654-DHAOW,54.15,Month-to-month,0,0.6001954003771154
5438-QMDDL,59.8,Month-to-month,0,0.5452470187488045
9812-GHVRI,83.85,Month-to-month,0,0.6214934662982609
5553-AOINX,104.9,One year,0,0.478841956482044
1228-ZLNBX,75.3,Month-to-month,0,0.6849121964621449
4226-KKDON,66.65,Month-to-month,0,0.6227537684621718
3831-YCPUO,109.5,Two year,0,0.08011144727052429
7445-WMRBW,73.85,One year,0,0.16383887087146215
3308-DGHKL,19.3,Two year,0,0.011624274564701756
9924-JPRMC,118.2,Two year,0,0.1823612256314444
0080-EMYVY,51.45,One year,0,0.25156710994203524
6218-KNUBD,59.45,Month-to-month,0,0.6524974461514771
7337-CINUD,19.5,Two year,0,0.07801169546392508
7609-NRNCA,19.55,One year,0,0.13208546399889273
0623-EJQEG,93.55,One year,0,0.2298571590861662
7153-CHRBV,59.3,One year,0,0.04775626740848399
0871-URUWO,102.25,Month-to-month,1,0.8547162089288323
9190-MFJLN,95.9,Month-to-month,1,0.819125547207336
6198-PNNSZ,109.8,One year,0,0.2962221096639301
3317-VLGQT,78.1,Month-to-month,0,0.8502432074744657
4132-POCZS,39.9,Month-to-month,0,0.3728616119319035
5614-DNZCE,64.9,Two year,0,0.02490138572876778
1095-JUDTC,95.05,Month-to-month,1,0.6652862285579937
3896-RCYYE,53.4,Month-to-month,0,0.2549327386414564
9638-JIQYA,24.9,Month-to-month,0,0.7590301036943872
3258-SANFR,44.7,Month-to-month,0,0.5757054683395905
3726-TBHQT,114.0,Two year,0,0.11424159778568266
3190-ITQXP,20.25,Two year,0,0.01639522753237421
0870-VEMYL,53.85,Month-to-month,1,0.35454196234270013
4833-QTJNO,83.85,Month-to-month,0,0.27713367670158917
3039-MJSLN,20.2,Month-to-month,0,0.3066430306039215
0178-CIIKR,19.95,Month-to-month,0,0.3637701417835015
5385-SUIRI,104.2,Month-to-month,1,0.7381289948891232
3982-XWFZQ,50.25,Month-to-month,1,0.4581517003216379
5774-QPLTF,20.35,One year,0,0.04167080103308309
2322-VCZHZ,90.0,Month-to-month,0,0.7424108943235282
5010-IPEAQ,54.2,Two year,0,0.01966555263493917
4009-ALQFH,99.5,Month-to-month,1,0.8084388264006326
6383-ZTSIW,99.1,One year,0,0.37584544217389965
8990-YOZLV,66.9,Two year,0,0.023601467627417057
3069-SSVSN,25.85,One year,0,0.5306163583218778
5222-IMUKT,91.05,Month-to-month,0,0.7492177972202851
3627-FCRDW,71.0,Month-to-month,1,0.7705380383648435
7562-GSUHK,93.2,Month-to-month,1,0.7290004386653185
6685-XSHHU,20.95,Two year,0,0.01323674110855821
8901-UPRHR,109.2,Two year,0,0.14163480755033908
4903-UYAVB,19.35,Month-to-month,1,0.36045662685551577
0118-JPNOY,85.8,Month-to-month,0,0.6506111559140756
6776-TLWOI,19.85,Month-to-month,1,0.37207953172119423
3845-FXCYS,19.65,Month-to-month,0,0.5509334267895208
5857-XRECV,20.5,One year,0,0.17629661705036323
0725-CXOTM,89.65,One year,0,0.2188931280868379
4343-EJVQB,74.35,Month-to-month,0,0.6389123713115343
9000-PLFUZ,49.45,Two year,0,0.12488976898213325
3427-GGZZI,89.1,Month-to-month,0,0.8397385182309488
7779-ORAEL,75.15,Two year,0,0.06744867567783523
0644-OQMDK,70.65,Month-to-month,0,0.8690125199147299
4077-CROMM,104.2,Month-to-month,1,0.7652286426439981
3154-CFSZG,90.05,Month-to-month,0,0.44581014038632855
2868-MZAGQ,79.25,Month-to-month,1,0.8918575791651352
4847-QNOKA,44.9,Month-to-month,1,0.6541431306787086
2220-IAHLS,19.4,Month-to-month,0,0.37382565009343705
1658-XUHBX,88.75,Month-to-month,0,0.5551240038820757
6379-RXJRQ,70.1,Month-to-month,1,0.8276397839889215
2378-HTWFW,91.0,Month-to-month,0,0.5898032722216433
8650-RHRKE,29.65,Month-to-month,1,0.8065880338457228
4377-VDHYI,90.8,One year,0,0.430080489750691
0475-RIJEP,77.85,Month-to-month,1,0.6692243369795784
1260-TTRXI,54.3,Month-to-month,1,0.7075576292333593
3719-TDVQB,18.95,Two year,0,0.02566887219892912
6328-ZPBGN,95.15,Month-to-month,1,0.8796200823675323
0201-MIBOL,102.4,Two year,0,0.20657198513802674
4937-QPZPO,99.9,One year,0,0.5140634625708331
2925-VDZHY,88.7,Two year,0,0.028005309158537953
6981-TDRFT,54.3,One year,0,0.31057329543751283
3413-CSSTH,55.7,Month-to-month,0,0.3636252183113042
8033-VCZGH,103.95,One year,0,0.5453108515623897
4789-KWMXN,110.85,One year,1,0.3843605931531876
0224-NIJLP,20.15,Two year,0,0.08325686327753005
7542-CYDDM,20.05,Month-to-month,0,0.23843074760841157
4718-WXBGI,91.95,Two year,0,0.03694356929350537
2867-UIMSS,80.5,Month-to-month,1,0.8514852446683072
8495-PRWFH,55.65,Month-to-month,0,0.4056038117125681
0439-IFYUN,74.7,Month-to-month,0,0.781848306069219
5716-LIBJC,104.15,One year,0,0.6578832301221577
2868-LLSKM,83.65,One year,0,0.15310990207362032
8111-RKSPX,72.2,Month-to-month,1,0.8395122109626091
2988-QRAJY,110.05,Two year,0,0.17253780585273834
1585-MQSSU,51.5,Month-to-month,1,0.36124112669641295
0071-NDAFP,25.5,Two year,0,0.05134901736382535
2856-NNASM,89.55,Month-to-month,1,0.7237111468902148
7328-ZJAJO,19.5,Two year,0,0.009833203507162607
6458-CYIDZ,80.7,Month-to-month,0,0.7117463142450646
8559-CIZFV,77.5,One year,1,0.15349526314016024
1090-PYKCI,105.1,One year,0,0.14971443916250976
3058-WQDRE,25.15,Month-to-month,0,0.6665798534947479
7547-EKNFS,95.25,Month-to-month,1,0.6472574303151409
2279-AXJJK,95.65,Month-to-month,0,0.5215963475027948
6769-DYBQN,85.0,Month-to-month,1,0.5515852682651023
0909-SELIE,80.8,Two year,0,0.04416087958224692
3417-TSCIC,24.85,One year,0,0.34856990073633276
1042-HFUCW,54.75,One year,0,0.15444935907052473
4439-JMPMT,85.75,Month-to-month,1,0.7933993822416261
6537-OTKMY,50.75,One year,0,0.6003144966743932
8999-EXMNO,20.15,Two year,0,0.05244023919178695
6725-TPKJO,20.05,Two year,0,0.02386699346514683
2446-BEGGB,98.25,Month-to-month,1,0.9174509197180717
7162-WPHPM,71.6,Two year,0,0.019921439690788807
1599-MMYRQ,81.45,One year,0,0.12733881398812277
8821-KVZKQ,58.4,One year,0,0.09928864239553818
1496-GGSUK,25.7,Month-to-month,1,0.7932368899511413
6434-TTGJP,53.7,Two year,0,0.13667456035970846
0042-JVWOJ,19.6,One year,0,0.12510372955074955
0130-SXOUN,89.4,Month-to-month,0,0.41402901719389157
2575-GFSOE,69.0,Month-to-month,1,0.8082981041482102
2330-PQGDQ,84.2,One year,0,0.17703677734510753
1452-UZOSF,106.1,Two year,0,0.0746484935785383
2097-YVPKN,25.75,Two year,0,0.013433204382426971
2842-JTCCU,46.05,Month-to-month,1,0.5668251791720684
8597-CTXVJ,64.95,One year,0,0.026608664423291125
6631-HMANX,85.45,Two year,0,0.06586858406891132
9962-BFPDU,20.05,Month-to-month,0,0.334512362013448
3296-SILRA,76.4,Month-to-month,1,0.808940775984462
9681-OXGVC,100.5,Month-to-month,1,0.9135549837302493
6394-HHHZM,20.7,Month-to-month,0,0.3672881482478871
5995-LFTLE,25.3,Two year,0,0.023712897766160576
5180-UCIIQ,40.05,Month-to-month,1,0.4669471766874404
1932-UEDCX,100.6,Month-to-month,0,0.788794387971624
7153-OANIO,69.95,Month-to-month,1,0.819433949623209
5188-HGMLP,74.0,Month-to-month,0,0.4709078034836692
0665-XHDJU,99.4,Two year,0,0.30416129291759814
6521-YYTYI,93.3,Month-to-month,1,0.913419012689381
8878-HMWBV,49.15,Month-to-month,1,0.7253168884513755
8265-HKSOW,107.45,Two year,0,0.05386204866554619
3544-FBCAS,83.6,Two year,0,0.04755551047580607
5331-RGMTT,99.05,Month-to-month,0,0.7138550467688551
4759-PXTAN,80.1,One year,0,0.2269477150044412
7054-DMVAS,65.3,Two year,0,0.05244544554410728
3428-MMGUB,89.55,Two year,0,0.29984979337358647
6549-BTYPG,60.8,Two year,0,0.06146597764326856
7823-JSOAG,74.5,Month-to-month,0,0.844925951229511
3705-RHRFR,99.15,Two year,0,0.1421764346588628
9374-YOLBJ,19.25,Month-to-month,0,0.42021483895485107
9074-KGVOX,39.45,Month-to-month,0,0.25431229631760405
6128-DAFVY,44.85,Month-to-month,0,0.4010362478579378
9933-QRGTX,97.2,Two year,0,0.18938299696141986
4476-OSWTN,110.55,One year,0,0.3115323130329067
3751-KTZEL,35.05,Month-to-month,1,0.7534515034026016
1977-STDKI,73.0,Month-to-month,1,0.8639455767334898
5066-GFJMM,19.9,Month-to-month,0,0.4486331192608578
2661-GKBTK,76.95,Two year,0,0.03808622326249652
0458-HEUZG,35.4,Two year,0,0.18906813603662917
7268-WNTCP,20.45,Two year,0,0.008810486844284001
0824-VWDPO,96.75,One year,0,0.2824114511141716
8409-WQJUX,54.2,One year,0,0.4359874684718874
2578-JQPHZ,100.1,Two year,0,0.20110260632979254
3278-FSIXX,45.25,Month-to-month,0,0.65502379634987
5813-UECBU,83.85,Month-to-month,1,0.6709013886694103
0328-GRPMV,70.1,Month-to-month,1,0.859697488454791
9746-UGFAC,20.85,One year,0,0.10338948421212928
2946-KIQSP,33.45,Month-to-month,0,0.37809622865530984
0625-AFOHS,20.2,Two year,0,0.034796265523684825
6726-WEXXK,85.9,One year,0,0.567008373490692
4636-OLWOE,61.0,One year,0,0.09387141200359686
4342-HENTK,70.65,Month-to-month,1,0.8722848476882983
4685-ERGHK,86.9,One year,0,0.4856203317783375
0885-HMGPY,69.4,Two year,0,0.021519855697652218
5003-OKNNK,20.35,One year,0,0.11288113523599529
4195-SMMNX,20.35,Month-to-month,1,0.37877643124567517
7208-PSIHR,104.3,Two year,0,0.1937692751769455
4012-ZTHBR,44.95,Month-to-month,0,0.5204407124395981
0489-WMEMG,49.45,One year,0,0.2563473824062998
7435-ZNUYY,20.6,One year,0,0.19798964818065398
1354-YZFNB,19.55,Two year,0,0.09329696576763584
6956-SMUCM,99.0,Month-to-month,1,0.798183547211689
2985-FMWYF,93.5,Month-to-month,0,0.8804692290811168
2812-ENYMO,54.55,One year,0,0.2552349972970666
2717-HVIZY,20.05,Month-to-month,0,0.26880598684854756
3223-WZWJM,83.95,Month-to-month,1,0.8381894063087626
3422-GALYP,79.45,Month-to-month,0,0.8697984926206334
9053-JZFKV,116.2,Two year,1,0.10655618507162347
2530-ENDWQ,93.7,Two year,1,0.23529555881023792
2890-WFBHU,79.85,One year,0,0.0661062502477581
0327-WFZSY,100.0,One year,0,0.5592352073685728
7977-HXJKU,19.6,Two year,0,0.049316457330372994
6615-ZGEDR,19.7,Month-to-month,1,0.3925416704771971
7033-CLAMM,20.2,Two year,0,0.0154082861901127
4023-RTIQM,50.4,One year,0,0.29406758873313504
0864-FVJNJ,113.35,One year,0,0.2389551335477302
7356-IWLFW,80.0,Month-to-month,0,0.49744693146733515
9541-PWTWO,80.95,Two year,0,0.11556529380086418
3967-VQOGC,24.9,Two year,0,0.01375652534769971
7872-RDDLZ,54.9,Month-to-month,0,0.2029104398687292
9250-WYPLL,75.55,Month-to-month,1,0.8302931498817697
6308-CQRBU,109.25,Two year,0,0.18798284520649103
2754-XBHTB,77.65,Month-to-month,1,0.8096814157423915
1597-LHYNC,95.0,Month-to-month,1,0.7688451260344187
0186-CAERR,116.3,One year,0,0.24150259834517313
3043-SUDUA,19.9,Month-to-month,0,0.1370751651992187
5442-BHQNG,70.35,Month-to-month,0,0.8083729089046123
2169-RRLFW,25.6,Two year,0,0.010052325080841133
5872-OEQNH,44.45,One year,0,0.17451230677568505
3162-KKZXO,100.15,One year,0,0.6194933748522405
7055-VKGDA,105.4,One year,1,0.25391124483521993
0754-UKWQP,95.85,Month-to-month,1,0.9020914426973091
8873-GLDMH,73.85,Month-to-month,0,0.8270178362627479
5696-JVVQY,70.1,Two year,0,0.05042062158887938
8946-BFWSG,25.25,Two year,0,0.011880599983672793
7493-TPUWZ,79.15,Month-to-month,1,0.8741909299568286
0547-HURJB,21.05,Month-to-month,0,0.2288173125902497
8904-OPDCK,24.95,Month-to-month,0,0.3066101023457947
8845-LWKGE,64.5,One year,0,0.2643076950248035
1577-HKTFG,19.65,Month-to-month,1,0.1529302069459604
8752-STIVR,79.0,Month-to-month,1,0.8769657753327751
0691-NIKRI,105.95,One year,0,0.5076608808699944
5022-JNQEQ,75.85,Month-to-month,0,0.726637131240204
4558-FANTW,91.85,Month-to-month,1,0.5579267249027468
3249-VHRIP,43.6,Two year,0,0.07658165726151409
3736-BLEPA,91.25,One year,0,0.4097636814225813
4701-LKOZD,89.75,Two year,0,0.03466947612011582
6603-QWSPR,104.4,Two year,0,0.23005672599089413
9921-QFQUL,90.15,Month-to-month,0,0.724586806829459
1929-ZCBHE,40.3,One year,0,0.09200505269139406
4378-MYPGO,105.25,Two year,0,0.11674766287665314
8651-ENBZX,106.0,One year,1,0.5235684043843717
4129-LYCOI,104.0,Two year,0,0.2183954804846085
7798-JVXYM,69.65,Month-to-month,0,0.6742766366497004
8647-SDTWQ,74.3,Month-to-month,0,0.5280360930447258
2696-ECXKC,100.9,One year,0,0.2797378062805746
2081-KJSQF,20.25,Month-to-month,0,0.4717408070434255
7623-TRNQN,49.9,Month-to-month,1,0.5340187263755233
3323-CPBWR,96.9,Month-to-month,0,0.7003064516917799
9330-IJWIO,100.35,Month-to-month,1,0.8568036072640909
3384-CTMSF,104.1,Month-to-month,0,0.7840119764644292
0902-RFHOF,20.1,One year,0,0.060542340467316116
9286-DOJGF,74.95,Month-to-month,1,0.6657355070020643
6048-QBXKL,56.55,Month-to-month,0,0.6878265454958671
9661-MHUMO,49.25,Month-to-month,1,0.5665398024562844
7718-RXDGG,68.6,Month-to-month,0,0.7434858043907464
1025-FALIX,69.05,Month-to-month,0,0.6545160467142775
3451-VAWLI,19.7,Two year,0,0.026402323013138426
3407-QGWLG,20.05,Month-to-month,0,0.39660592830364255
1842-EZJMK,103.7,Month-to-month,1,0.5677519791085149
2347-WKKAE,94.4,Month-to-month,0,0.6906867508897699
8735-DCXNF,54.95,Month-to-month,0,0.40014091472028096
3214-IYUUQ,93.7,One year,0,0.13200800903198576
1936-UAFEH,110.25,Two year,0,0.09682848033169118
3587-PMCOY,98.9,One year,0,0.7145773854156391
8079-XRJRS,89.75,One year,1,0.20098129826448108
1027-LKKQQ,80.45,Two year,0,0.029924241231141614
7148-XZPHA,79.4,Month-to-month,0,0.3009250182675442
8073-IJDCM,20.3,Month-to-month,1,0.4634658877369656
5309-TAIKL,62.8,Month-to-month,0,0.4968606073813887
6856-RAURS,74.9,Month-to-month,0,0.8417407555799213
8778-LMWTJ,74.85,Month-to-month,0,0.7603793418772342
9717-IOAAF,25.85,Two year,0,0.06495448015904207
8884-ADFVN,101.95,Month-to-month,1,0.9223177179189438
2845-KDHVX,68.3,Two year,0,0.045359510418835736
0848-SOMKO,48.4,Two year,0,0.025803356500208152
2720-WGKHP,94.0,Month-to-month,1,0.9366978487259477
6734-FQAJX,105.05,Two year,0,0.17986427430455434
2869-ADAWR,89.3,Month-to-month,1,0.6218768415379994
1535-VTJOQ,25.15,Two year,0,0.06302282143708106
6368-TZZDT,19.5,Two year,0,0.09388558237205304
0943-ZQPXH,92.95,Month-to-month,0,0.6326817334270518
1293-BSEUN,20.7,Two year,0,0.00818189964630197
9894-EZEWG,74.3,Month-to-month,1,0.7799552410837605
1302-TPUBN,19.35,Two year,0,0.009158558633948825
7851-FLGGQ,44.65,Month-to-month,1,0.726168128920537
0637-UBJRP,84.05,Month-to-month,1,0.6893041570426511
0940-OUQEC,80.7,Month-to-month,1,0.7745231881960927
2378-VTKDH,104.35,Month-to-month,0,0.7112981768702421
0927-CNGRH,19.55,Month-to-month,0,0.34003977796847845
8608-OZTLB,74.05,One year,0,0.10831837213153363
2335-GSODA,40.1,Two year,0,0.07935885947993972
1952-DVVSW,20.1,One year,0,0.17187501825587834
0702-PGIBZ,101.7,Month-to-month,1,0.8841906242297531
6656-GULJQ,83.55,Two year,0,0.04196206514788116
9853-JFZDU,56.85,Month-to-month,0,0.26079990121342017
1963-VAUKV,20.4,Month-to-month,1,0.38122481018179094
3777-XROBG,19.55,Two year,0,0.009985539665026721
6994-FGRHH,106.15,One year,0,0.29149785408188916
4000-VGMQP,78.95,One year,0,0.22537584978160732
3999-WRNGR,49.75,Month-to-month,0,0.3885958787665255
3466-RITXD,92.4,Month-to-month,0,0.6639217400865861
2680-XKKNJ,58.2,One year,0,0.17176036138502057
3058-HJCUY,102.6,One year,1,0.5639243642650992
2974-GGUXS,91.95,Month-to-month,0,0.7061970058801206
7994-XIRTR,65.25,One year,0,0.10482166178366523
3259-FDWOY,106.0,Two year,1,0.19703666283664337
2101-RANCD,73.1,Month-to-month,0,0.6075951492427849
7921-BEPCI,59.75,Two year,0,0.019658929687238428
0807-ZABDG,55.1,Month-to-month,1,0.40208970614994743
8510-TMWYB,59.8,Two year,0,0.05803703312163616
3258-ZKPAI,116.6,Two year,0,0.10722928403662631
1428-IEDPR,109.3,Two year,0,0.28776249707916735
5298-GSTLM,101.4,One year,0,0.4036420733845508
4450-YOOHP,50.65,Month-to-month,0,0.5455268057238631
6728-CZFEI,56.15,One year,0,0.3424569597908466
5748-RNCJT,106.5,Two year,1,0.20068561573279298
3653-NCRDJ,19.2,One year,0,0.05629514566368252
6121-TNHBO,83.0,One year,0,0.06403006570748708
5119-NZPTV,70.1,Month-to-month,0,0.8386821986133346
6519-ZHPXP,108.3,Two year,0,0.07955345794281607
7739-LAXOG,91.05,Month-to-month,1,0.6841544390168302
3472-QPRCH,25.25,Two year,0,0.0285479387802263
8224-UAXBZ,45.35,One year,0,0.16054359405634733
9610-WCESF,43.9,Two year,0,0.04096193169662425
9776-CLUJA,77.5,Month-to-month,1,0.5771517675205334
2486-WYVVE,79.3,One year,0,0.36132914015389134
3865-ZYKAD,84.9,Month-to-month,0,0.33178055045272153
1422-DGUBX,79.25,One year,0,0.5308457053025007
2999-AANRQ,71.05,Two year,0,0.07437783016099074
8668-KNZTI,53.75,One year,0,0.09647893401339697
0480-KYJVA,24.25,Two year,0,0.007712798516960088
6034-ZRYCV,54.2,Two year,1,0.11083668103124189
9746-YKGXB,44.25,One year,0,0.09999063511317875
3926-YZVVX,50.05,One year,0,0.09714995702328422
6000-UKLWI,20.15,Two year,0,0.027031338396854124
2079-FBMZK,69.25,Month-to-month,1,0.7899233445767297
6332-FBZRI,69.35,One year,0,0.042202520446058454
2096-XOTMO,19.35,Month-to-month,0,0.21189900446388102
3266-FTKHB,19.15,Two year,0,0.07276900518513747
8221-EQDGL,61.0,Month-to-month,0,0.19771114697938455
2346-LOCWC,20.5,Two year,0,0.010003535516075069
6608-QQLVK,50.5,Month-to-month,1,0.7327596166152843
0298-XACET,50.2,Two year,0,0.04985780785965817
7560-QJAVJ,79.6,Two year,0,0.027838305156470025
2995-YWTCD,24.9,Two year,0,0.08678517418316416
3551-HUAZH,74.4,Month-to-month,1,0.9045184849187835
9137-UIYPG,106.9,Month-to-month,0,0.594300081840475
2809-ZMYOQ,101.35,Month-to-month,0,0.8420474903469708
5084-OOVCJ,55.35,Month-to-month,0,0.2835376146698119
0254-WWRKD,50.55,One year,0,0.04013754217970818
7727-SHVZV,19.5,Month-to-month,0,0.2974357556370049
6302-JGYRJ,79.45,One year,1,0.28585845253678316
5339-PXDVH,90.65,Month-to-month,0,0.8093721413739042
2205-LPVGL,89.85,One year,0,0.16224637847877668
8782-NUUOL,79.0,One year,0,0.08020032924081326
3685-YLCMQ,104.65,One year,1,0.512798849549736
7601-WFVZV,19.55,Month-to-month,0,0.39333830840113676
4609-KNNWG,19.9,Two year,0,0.038224694374442286
4868-AADLV,116.25,One year,0,0.33994601869656205
9529-OFXHY,87.75,Month-to-month,0,0.7537460222230434
8634-MPHTR,100.05,Month-to-month,1,0.8219539137321367
2669-QVCRG,81.3,Month-to-month,0,0.49704412812804377
2478-EEWWM,44.3,Month-to-month,0,0.4864975054846813
9174-IHETN,70.35,Two year,0,0.10360683740430024
2233-TXSIU,44.45,One year,0,0.28541861921146583
9644-UMGQA,49.15,Month-to-month,0,0.5671101170531772
3256-EZDBI,29.45,Month-to-month,0,0.30738418064459405
8761-NSOBC,100.55,Month-to-month,1,0.5856339048921537
0419-YAAPX,85.3,Month-to-month,0,0.5409249625750372
8413-VONUO,95.65,Month-to-month,1,0.8541313945740635
0872-CASZJ,69.1,One year,0,0.1070631090303543
4726-DLWQN,70.35,Month-to-month,0,0.29148480988840453
8164-OCKUJ,20.6,Two year,0,0.01025234601579039
3094-JOJAI,74.15,Month-to-month,0,0.711583490172793
9494-MRNYX,75.05,Month-to-month,0,0.8140952362632651
2599-CZABP,44.6,One year,0,0.38941466267696906
7945-PRBVF,21.45,Two year,0,0.032081688886975414
4544-RXFMG,43.45,One year,0,0.389432952827637
0859-YGKFW,20.05,One year,0,0.1036016479624403
1150-FTQGN,94.15,One year,0,0.17903704953487373
9223-UCPVT,94.4,Month-to-month,1,0.8710518543227279
7196-LIWRH,19.55,Two year,0,0.1069603827509032
5448-VWNAM,75.9,Month-to-month,0,0.35094669947428175
1177-XZBJL,64.15,One year,0,0.04761834657090177
3518-FSTWG,109.55,Two year,0,0.19445511278186559
9330-VOFSZ,110.8,Two year,0,0.21821301133203122
4351-QLCSU,55.0,Month-to-month,1,0.7010829377537875
0939-EREMR,53.45,Month-to-month,0,0.33971243950695224
9389-ACWBI,69.95,Month-to-month,0,0.6756707813917235
5419-JPRRN,101.45,Month-to-month,1,0.9218874191364644
3644-QXEHN,97.0,Month-to-month,0,0.7980623517001105
2911-IJORQ,90.6,One year,0,0.20494675124646933
5921-NGYRH,73.55,Month-to-month,0,0.3059787128118669
2100-BDNSN,67.95,Month-to-month,1,0.5717403163713229
5998-DZLYR,94.35,Two year,0,0.16097818155823979
0488-GSLFR,69.5,Month-to-month,1,0.8613010516607243
9318-NKNFC,18.85,Month-to-month,1,0.4795146908786666
3985-HOYPM,19.4,One year,0,0.09858183776508829
9728-FTTVZ,69.2,Month-to-month,1,0.8620970514803339
9548-LERKT,19.75,Two year,0,0.055463086765449345
6576-FBXOJ,54.6,One year,0,0.5133301674998391
4310-KEDTB,29.8,Month-to-month,0,0.48363190434122016
7254-IQWOZ,69.65,Month-to-month,1,0.8647043716383995
2474-BRUCM,101.85,Month-to-month,1,0.7186667213617952
4062-HBMOS,103.05,Month-to-month,0,0.7522028338552289
0742-NXBGR,82.3,Month-to-month,1,0.8253438857932383
2676-ISHSF,20.3,Month-to-month,0,0.38936087273219905
9236-NDUCW,35.1,Two year,0,0.10618120682225264
4753-PADAS,105.7,One year,0,0.38061906167295034
6103-QCKFX,56.25,Month-to-month,0,0.09793430268768603
7781-EWARA,60.35,One year,0,0.10459747777045912
6110-OHIHY,79.25,Month-to-month,1,0.8447116273253242
7018-FPXHH,59.8,Two year,0,0.030357269536627755
5889-LFOLL,84.6,Month-to-month,1,0.8769443176567244
5708-EVONK,93.4,Month-to-month,1,0.40174986416932756
8708-XPXHZ,94.2,Month-to-month,1,0.7812003939805615
0616-ATFGB,25.05,Month-to-month,1,0.8056659687143278
0572-ZJKLT,99.65,Two year,0,0.11825902676361857
5135-RDDQL,50.65,Two year,0,0.0247162228535654
1353-LJWEM,60.9,Month-to-month,0,0.5370098169292564
1794-SWWKL,59.65,Month-to-month,0,0.454101887999738
6166-YIPFO,64.7,Two year,0,0.06442859473070789
7016-BPGEU,25.1,Month-to-month,1,0.49955815581035773
6876-ADESB,48.95,Month-to-month,1,0.6171890993906823
9332-GYWLO,54.85,Month-to-month,0,0.6321481526667776
1963-SVUCV,45.3,Month-to-month,1,0.673689134463508
4184-VODJZ,91.35,One year,0,0.37740684474329245
0220-EBGCE,85.85,Month-to-month,1,0.8805131367643139
1092-WPIVQ,25.1,Two year,0,0.06890596050776461
7233-IOQNP,34.0,Month-to-month,0,0.17390096191466675
2834-JKOOW,45.9,One year,0,0.20052156657939166
2754-VDLTR,95.2,Month-to-month,1,0.8499952846194231
2400-FEQME,20.5,Two year,0,0.012458872036359255
3190-XFANI,100.6,One year,1,0.4077553192835537
7551-DACSP,55.3,Month-to-month,1,0.5286379134695454
4957-SREEC,20.35,Two year,0,0.006308503791779929
7235-NXZCP,74.85,Month-to-month,1,0.8654039148635835
0230-UBYPQ,36.1,One year,0,0.05150777725200276
4923-ADWXJ,65.8,Month-to-month,0,0.3936849988619732
1763-KUAAW,20.35,One year,0,0.1384421797189094
1104-TNLZA,105.8,Month-to-month,0,0.8222986225830169
5195-KPUNQ,96.75,One year,0,0.23223928943319627
0520-FDVVT,102.35,One year,1,0.5187023658710936
3439-GVUSX,24.4,Month-to-month,0,0.7145688394506102
1444-VVSGW,115.65,One year,1,0.1864634899131115
5712-PTIWW,79.85,Month-to-month,1,0.8047723839339658
5949-HGVJL,73.05,Month-to-month,0,0.5689098145813547
5203-XEHAX,64.35,One year,0,0.18633829216204176
1635-HDGFT,20.5,Two year,0,0.05125332559523741
3315-TOTBP,76.0,Month-to-month,1,0.7829649311055839
8050-XGRVL,54.75,One year,0,0.03782834495129374
6661-HBGWL,104.75,Month-to-month,1,0.7387015894492821
1518-VOWAV,74.65,Month-to-month,1,0.6638220360485121
9828-QHFBK,51.15,Month-to-month,0,0.4517154469512005
3908-MKIMJ,41.95,Two year,0,0.05403725860819347
5012-YSPJJ,54.35,Month-to-month,0,0.21841917707181477
5909-ECHUI,56.25,Month-to-month,1,0.7778870660980646
1309-BXVOQ,106.1,Month-to-month,1,0.8399433410439687
6728-VOIFY,96.0,One year,0,0.4400073148650702
9317-WZPGV,79.75,Month-to-month,1,0.8567924587903936
4891-NLUBA,61.45,Two year,0,0.06608547275512086
2856-HYAPG,68.65,Month-to-month,1,0.8189625095727925
8969-PRHFK,19.65,One year,0,0.1333073232306058
0661-KQHNK,19.0,One year,0,0.15943782400656112
8709-KRDVL,100.0,Month-to-month,0,0.8232977747150755
4488-PSYCG,20.25,Month-to-month,1,0.24386163697345759
1427-VERSM,98.7,Month-to-month,0,0.6302820963061398
9801-NOSHQ,19.8,One year,0,0.08903638519967001
6339-YPSAH,73.8,Month-to-month,0,0.8301464727151493
3621-CEOVK,100.2,Month-to-month,1,0.8984667041972628
6906-ANDWJ,74.9,Month-to-month,1,0.7387703903298819
2159-TURXX,20.05,Month-to-month,0,0.33900828775457337
1548-FEHVL,106.2,Month-to-month,0,0.6163180568987557
3795-CAWEX,116.55,Two year,0,0.11246586036983568
6215-NQCPY,99.7,Month-to-month,0,0.8564647822562867
5647-URDKA,19.7,Two year,0,0.08347117564750196
2229-DPMBI,19.5,Two year,0,0.08187714101999022
9626-WEQRM,29.15,Month-to-month,0,0.6637862485001812
2188-SXWVT,55.0,One year,0,0.1076002593029537
6258-PVZWJ,90.8,Two year,0,0.052921660944549566
1094-BKOSX,51.0,One year,0,0.11483952679429385
6969-MVBAI,90.1,Month-to-month,0,0.8959181342650225
2978-XXSOG,59.05,Month-to-month,0,0.36344428357673053
2342-CKIAO,20.3,Month-to-month,0,0.3718964479486355
6953-PBDIN,72.95,Two year,0,0.03624558107344221
3898-BSJYF,73.55,One year,0,0.22022658232402162
3938-YFPXD,84.3,Two year,0,0.035937964751153594
7696-AMHOD,78.0,One year,0,0.12984010445854502
2453-SAFNS,72.1,One year,0,0.11914368395682275
9558-IHEZX,106.75,Two year,0,0.16125938079116575
9617-UDPEU,19.25,One year,0,0.14876110706688975
6340-DACFT,20.55,Two year,0,0.014054844624800285
4955-VCWBI,20.0,One year,0,0.039301668845425304
6813-GZQCG,24.65,Two year,0,0.03206125842064391
7426-GSWPO,103.5,Month-to-month,0,0.5412185580012604
3389-KTRXV,23.85,Two year,0,0.059182316250917855
3118-UHVVQ,25.8,Two year,0,0.01153651641440583
1031-IIDEO,70.85,Month-to-month,1,0.8576712498601261
5832-XKAES,69.8,Month-to-month,1,0.804844122459321
3205-MXZRA,59.45,One year,0,0.20066164639261086
4701-AHWMW,54.55,Month-to-month,1,0.35094193190647394
8317-BVKSO,20.05,Month-to-month,0,0.4244532359158497
5702-KVQRD,82.55,Two year,0,0.05578923244972116
0083-PIVIK,81.25,One year,0,0.08771269366879172
9210-IAHGH,70.75,Month-to-month,1,0.6288977629479287
6169-PGNCD,74.3,Two year,0,0.035098643801962676
0023-XUOPT,94.1,Month-to-month,1,0.8082835617000357
4592-IWTJI,29.7,Month-to-month,1,0.5273674971960702
4909-JOUPP,109.7,Two year,0,0.15478018690062245
4657-FWVFY,96.35,Month-to-month,0,0.5991815036924518
2257-BOVXD,66.6,Month-to-month,0,0.5830621879079498
7729-JTEEC,44.5,Month-to-month,0,0.6964225281625823
7632-MNYOY,110.9,One year,1,0.3003486538197688
6518-LGAOV,105.0,Month-to-month,1,0.7741058483269329
7242-QZLXF,25.3,Month-to-month,1,0.7944068989592382
4576-CSAJH,55.15,One year,1,0.21024061621381007
1000-AJSLD,20.1,Month-to-month,1,0.47257313471275775
9696-RMYBA,80.1,Month-to-month,0,0.8315638635639832
8690-UPCZI,69.05,One year,0,0.13957633847020104
1062-LHZOD,69.9,Month-to-month,1,0.7841353721206663
9770-LXDBK,20.4,Month-to-month,0,0.3616794266831304
4086-WITJG,19.7,Two year,0,0.005918328078419278
8344-WFMFH,50.1,Month-to-month,0,0.5966646094563489
9600-NAXZN,101.4,Month-to-month,1,0.7903214518369271
8822-KNBHV,83.45,One year,0,0.2002963425408591
8404-FYDIB,86.65,Month-to-month,0,0.5839458525271971
2791-SFVEW,20.15,Month-to-month,0,0.2981875819972131
6457-USBER,80.8,Month-to-month,1,0.8884838935993651
6762-NSODU,19.4,Two year,0,0.016909155398034198
4662-EKDPQ,62.05,Month-to-month,1,0.675460823908308
9248-OJYKK,76.45,Month-to-month,1,0.9005031743054361
9888-ZCUMM,60.05,Two year,0,0.04901308678828589
3398-FSHON,91.3,Month-to-month,1,0.8730966794904866
3319-DWOEP,95.75,Month-to-month,1,0.9077481754716625
1074-WVEVG,20.35,One year,0,0.026031109017014695
9979-RGMZT,94.05,One year,0,0.7095708419852542
6437-UDQJM,84.1,Two year,0,0.06971809956960252
1226-IENZN,78.75,Month-to-month,0,0.8599638935622718
2108-GLPQB,55.55,Month-to-month,0,0.4238328685016378
9259-PACGQ,62.65,Month-to-month,1,0.26772895608235153
4415-IJZTP,74.5,Month-to-month,1,0.8871450926669723
1465-VINDH,102.1,Month-to-month,1,0.823504924762168
5474-LAMUQ,20.1,One year,0,0.10755528548008975
3468-DRVQJ,70.3,One year,0,0.3378038648614985
1122-YJBCS,53.65,One year,0,0.04856808508806866
4990-ALDGW,20.75,Two year,0,0.013762202739910535
4816-OKWNX,103.4,One year,0,0.31764133802053085
3315-IKYZQ,50.8,One year,0,0.1629213315956151
2810-FTLEM,50.15,Month-to-month,1,0.5151273837768374
4747-LCAQL,79.0,Month-to-month,0,0.384694958479847
3411-WLRSQ,74.6,Month-to-month,0,0.7978218979436638
0898-XCGTF,96.5,One year,0,0.4454397759351518
8006-PYCSW,20.1,Month-to-month,0,0.37287901336219864
8249-THVEC,19.4,One year,0,0.029774456896425786
8722-PRFDV,77.55,Two year,0,0.028594289417248828
2164-SOQXL,20.05,Month-to-month,0,0.18430485174081232
4020-KIUDI,19.85,Month-to-month,0,0.28662593193828806
5850-BDWCY,20.2,Month-to-month,0,0.3340477763184996
2038-YSEZE,67.45,Month-to-month,0,0.20628655317953554
0827-ITJPH,18.55,Two year,0,0.04489732742779008
8799-OXZMD,29.75,Month-to-month,0,0.5184221926862611
1925-TIBLE,86.5,Month-to-month,1,0.8889549256873817
1705-GUHPV,24.2,Two year,0,0.014646745108372257
4779-ZGICK,23.55,Two year,0,0.022508076657886136
0048-PIHNL,20.45,One year,0,0.035941758695891626
0818-OCPZO,81.45,Month-to-month,1,0.7788326072148062
3967-KXAPS,92.3,Two year,0,0.033805842014123656
1447-GIQMR,69.15,Month-to-month,1,0.868137158230583
3704-IEAXF,53.65,Two year,0,0.033025319944775804
6810-VCAEX,39.65,One year,0,0.06833878650378244
0674-EYYZV,54.65,Month-to-month,0,0.779395439155475
4480-MBMLB,104.8,One year,0,0.584780294232437
1395-OFUWC,29.3,Month-to-month,0,0.2305560672644843
0822-QGCXA,83.85,Month-to-month,0,0.5716254556397683
0872-NXJYS,79.55,Month-to-month,1,0.8622565013237958
2832-KJCRD,103.65,Month-to-month,0,0.7747958363619951
3588-WSTTJ,99.05,Month-to-month,0,0.8033088481922948
4075-WKNIU,73.35,Two year,0,0.2572136611056173
5090-EMGTC,100.05,Two year,0,0.18679408193554886
2346-CZYIL,20.35,Two year,0,0.04523539984006982
3798-EPWRR,43.95,Month-to-month,0,0.6978951153215093
6258-NGCNG,23.5,Month-to-month,0,0.3962918912953277
4186-ZBUEW,70.7,One year,0,0.22965673698255315
5274-XHAKY,94.3,Month-to-month,0,0.5055210025874395
1442-BQPVU,29.15,Month-to-month,0,0.6430012822932883
3978-YNKDD,20.85,Two year,0,0.05051945003035291
4940-KHCWD,37.7,Two year,0,0.022643227350468143
9412-ARGBX,95.5,Two year,1,0.14131884673381584
1389-CXMLU,91.05,Month-to-month,1,0.8803869551354498
9589-ABEPT,92.45,Two year,0,0.14624572955642065
9388-ZEYVT,44.15,One year,0,0.2369854817686641
0305-SQECB,36.05,One year,0,0.28035176345521484
7605-SNLQG,50.25,Month-to-month,0,0.2712777189696142
4670-TABXH,109.75,Two year,0,0.17593615627223105
5561-NWEVX,79.2,Month-to-month,1,0.8616652385671257
0064-SUDOG,20.3,Two year,0,0.06541633560412943
8561-NMTBD,112.35,One year,0,0.2702307618426289
5161-XEUVX,94.3,Two year,0,0.23753083777778372
8292-FRFZQ,41.15,One year,0,0.09159393207867066
8591-NXRCV,74.65,Month-to-month,0,0.2830698590540068
7895-VONWT,48.25,Month-to-month,0,0.7612951382103487
4526-RMTLL,76.15,Two year,0,0.15633285516047546
6253-GNHWH,71.1,Two year,0,0.013944694973494808
4566-NECEV,96.55,Month-to-month,0,0.8383966552373441
8080-POTJR,79.3,One year,0,0.32988270137269904
6906-MPARY,89.6,One year,0,0.34297357810387935
3662-FXJFO,20.5,Two year,0,0.02101889017292625
8107-RZLNV,106.3,Two year,0,0.22080718926465578
0516-OOHAR,100.35,One year,0,0.43177300031282695
2027-CWDNU,85.6,Month-to-month,0,0.738933807236752
2737-WFVYW,45.25,Month-to-month,1,0.8784387294324199
9912-OMZDS,106.15,One year,0,0.48185667185464776
3733-ZEECP,51.1,Month-to-month,0,0.43758306486824156
7878-RTCZG,19.9,Month-to-month,0,0.38385426770199027
2452-MRMZF,25.7,Two year,0,0.015669249642889564
2272-QAGFO,74.3,Month-to-month,1,0.8615926848613196
7103-IPXPJ,99.4,One year,0,0.47953811138595964
4342-HFXWS,69.7,One year,0,0.05691286753894649
3545-CNWRG,98.35,Month-to-month,0,0.720933006919614
1785-BPHTP,85.45,Month-to-month,0,0.6612208975916811
4989-LIXVT,95.9,Month-to-month,0,0.6169792138132694
7315-WYOAW,100.75,Month-to-month,0,0.8229051798955019
1173-XZPYF,89.2,Month-to-month,0,0.8769717513243775
9850-OWRHQ,74.1,Month-to-month,1,0.8357252866549637
3768-NLUBH,100.6,Month-to-month,1,0.7109515808293544
8676-TRMJS,75.0,Month-to-month,1,0.7915404868213489
2509-TFPJU,25.75,Two year,0,0.009830620291258241
9530-GRMJG,84.1,Two year,0,0.0825404813398734
6898-RBTLU,79.3,Two year,0,0.06974253054409418
5481-NTDOH,107.05,One year,0,0.3634198212357259
2068-WWXQZ,20.05,Two year,0,0.020960924897378004
7359-SSBJK,70.2,Two year,1,0.03254147529841151
2061-VVFST,19.5,Month-to-month,0,0.11904119365660597
0685-MLYYM,70.75,Month-to-month,1,0.8300425501850341
0749-IRGQE,45.3,Month-to-month,0,0.8012599420201846
2380-DAMQP,115.15,Two year,0,0.13917588471640988
2256-YLYLP,72.95,Two year,0,0.04865111026998581
1272-ILHFG,19.65,One year,0,0.12338917849057014
0164-XAIRP,19.55,Two year,0,0.0691334735224571
5666-CYCYZ,89.55,Month-to-month,0,0.7919174564439558
4011-ARPHK,50.35,Month-to-month,0,0.27480014276991377
8182-PNAGI,50.25,Month-to-month,1,0.3950853055123042
6365-HITVU,87.25,Two year,0,0.020171942031643034
7558-IMLMT,20.8,Two year,0,0.010447913159296154
9488-FYQAU,109.25,Two year,0,0.2080382227771122
3590-TCXTB,20.35,Month-to-month,0,0.3890962267003599
6994-KERXL,55.9,Month-to-month,0,0.767148844078585
7957-RYHQD,79.2,Month-to-month,1,0.46102212043286045
2180-DXNEG,96.0,Month-to-month,1,0.8700524772069959
1960-UOTYM,79.2,Two year,0,0.0676135723279584
2740-JFBOK,24.0,Month-to-month,0,0.53093786464309
6500-JVEGC,101.35,One year,0,0.18564579735903375
5515-AKOAJ,100.1,Month-to-month,1,0.6925207110208155
8976-OQHGT,56.5,Month-to-month,1,0.37429898363622727
5245-VDBUR,35.45,One year,0,0.09242947768000018
6230-BSUXY,85.0,Month-to-month,1,0.8971284891621066
8469-SNFFH,79.4,One year,0,0.04890660506129171
2144-ESWKO,35.2,One year,0,0.15853910001901425
1241-FPMOF,19.65,Two year,0,0.01737478567251206
9928-BZVLZ,49.85,Two year,0,0.1739427225767574
4114-QMKVN,68.75,One year,0,0.07653828491608176
2775-SEFEE,61.9,Two year,0,0.2100463207531877
9003-CPATH,79.9,Month-to-month,0,0.6163470446897807
1754-GKYPY,89.75,Month-to-month,0,0.8175187020108426
5294-CDGWY,59.3,One year,1,0.17564028896830797
7956-XQWGU,19.4,Month-to-month,0,0.22092427002842804
1591-MQJTP,93.65,One year,0,0.4003266348986757
5295-PCJOO,49.4,Month-to-month,1,0.578215297034261
2369-FEVNO,19.9,Month-to-month,0,0.473683141350876
9863-JZAIC,55.0,Month-to-month,1,0.36214843311472344
7471-MQPOS,72.9,One year,0,0.08703128446934678
7660-HDPJV,69.2,Month-to-month,1,0.8620970514803339
5115-SQAAU,25.6,Two year,0,0.011726429456557934
9845-QOMAD,19.75,One year,0,0.12769425984155844
7672-VFMXZ,55.7,Month-to-month,0,0.12005552715331484
9739-JLPQJ,117.5,Two year,0,0.08015462121883966
9916-AYHTC,19.85,Two year,0,0.019248687324186647
3855-ONCAR,78.9,Month-to-month,0,0.8031530171643697
1488-SYSFC,20.65,Month-to-month,0,0.22568711581110312
7931-PXHFC,62.3,One year,1,0.20654886016882273
3990-QYKBE,92.5,Month-to-month,1,0.8592071085459443
0970-QXPXW,19.65,Month-to-month,0,0.38517155813305026
3259-KNMRR,79.75,Two year,0,0.1393224585247648
6120-RJKLU,79.95,Two year,0,0.054915866350793645
9572-WUKSB,29.9,Month-to-month,0,0.7638624185675092
5893-KCLGT,19.75,Two year,0,0.008348931356992235
0076-LVEPS,45.0,Month-to-month,0,0.26338370255571225
3640-JQGJG,44.8,Month-to-month,0,0.41963477339864397
4919-MOAVT,69.65,Month-to-month,1,0.7734645621342605
1596-OQSPS,51.1,Month-to-month,0,0.5369940626205492
9867-XOBQA,53.15,Two year,0,0.09738862940555097
9546-KDTRB,24.7,Month-to-month,0,0.26369400027688633
3090-HAWSU,111.6,Two year,1,0.17664840427440595
9820-RMCQV,48.55,Month-to-month,1,0.38608004581858285
3174-RKMOW,109.95,Month-to-month,0,0.7229321782264561
1760-CAZHT,20.8,Month-to-month,0,0.15303914983744799
7839-QRKXN,20.2,Month-to-month,1,0.46401957207683153
8441-SHIPE,25.6,Two year,0,0.0162066968381879
5204-QZXPU,39.65,Month-to-month,1,0.7461334574654146
4597-ELFTS,24.9,One year,1,0.054027212051398876
1320-GVNHT,108.4,Two year,0,0.14050729613095297
1047-RNXZV,19.55,Two year,0,0.025402807369578218
3541-ZNUHK,85.1,Month-to-month,0,0.4220526834415898
8450-JOVAH,56.7,Month-to-month,1,0.4777793178442585
8725-JEDFD,69.05,Month-to-month,0,0.662373175415847
7562-UXTPG,70.15,Month-to-month,0,0.7459731884130788
8071-SBTRN,111.15,Two year,0,0.17457628907235306
1113-IUJYX,105.95,One year,1,0.39550118832076037
6668-CNMFP,89.35,One year,0,0.5279087954676236
5626-MGTUK,89.1,Month-to-month,0,0.7224836830442519
5681-LLOEI,91.25,One year,0,0.22315740914346624
8212-DJRCH,90.35,Month-to-month,0,0.7191111258146262
4323-OHFOW,105.55,One year,0,0.33190871914739783
4933-BSAIP,19.1,Two year,0,0.02842434091097077
2030-BTZRO,20.4,Two year,0,0.11486853356043203
1116-DXXDF,100.45,Two year,0,0.3523553989410731
9274-CNFMO,74.95,Month-to-month,1,0.861594384809801
7758-XKCBS,29.7,Month-to-month,1,0.6628709206598493
8992-JQYUN,50.35,Month-to-month,1,0.8825273666950556
6563-VNPMN,85.7,Month-to-month,0,0.3400292276839449
0617-AQNWT,47.85,Two year,1,0.04672324502559896
2267-WTPYD,94.0,Month-to-month,0,0.5142084045481722
0270-THENM,69.85,Two year,0,0.013098260399480949
2446-PLQVO,70.3,Month-to-month,1,0.8630023409181773
4707-MAXGU,25.85,Two year,0,0.009824891607913002
2710-WYVXG,71.1,Two year,0,0.13234667453399487
3005-NFMTA,98.8,Month-to-month,1,0.7204390070860583
6300-BWMJX,93.35,Month-to-month,0,0.49969599945775706
8784-CGILN,99.85,Month-to-month,1,0.789930554071678
5389-FFVKB,80.3,Month-to-month,1,0.7146881657408286
7009-LGECI,50.55,Month-to-month,0,0.5244298555809737
8444-WRIDW,80.45,Month-to-month,1,0.42187514907762297
5022-KVDQT,81.3,Month-to-month,0,0.7785185683352295
7976-CICYS,20.7,Month-to-month,0,0.4248866728049519
1036-GUDCL,79.05,Month-to-month,0,0.14384397092928472
2005-DWQZJ,19.05,Two year,0,0.08326425138550883
8148-WOCMK,19.6,Two year,0,0.07953481233802925
7815-PDTHL,20.2,Two year,0,0.04763296044169878
9451-LPGOO,86.8,Month-to-month,1,0.892992981589645
9173-IVZVP,20.9,Two year,0,0.013023102611556661
9129-UXERG,103.6,Month-to-month,0,0.7932791154635747
3635-JBPSG,38.8,Two year,0,0.3405560193391767
7964-ZRKKG,88.4,One year,0,0.3079592257599653
5868-YWPDW,84.2,Month-to-month,1,0.8783726881807561
6229-LSCKB,79.7,Month-to-month,0,0.8889768646555105
2025-JKFWI,99.0,Month-to-month,1,0.8264498533960049
4078-SAYYN,100.75,Month-to-month,1,0.9004372174853528
1724-IQWNM,19.3,Month-to-month,0,0.42023180619643863
8217-QYOHV,55.75,Month-to-month,0,0.44553180449083307
5546-QUERU,19.95,One year,0,0.20692897273597224
9940-HPQPG,91.75,Month-to-month,1,0.6104615184449178
6897-UUBNU,89.65,Month-to-month,0,0.5251393278169132
6127-IYJOZ,45.85,Month-to-month,0,0.701085013377755
6618-RYATB,79.55,Month-to-month,1,0.8409246370306748
8930-XOTDP,55.95,Month-to-month,0,0.4412448186718743
5916-QEWPT,69.0,Month-to-month,0,0.6739414300834836
5060-TQUQN,83.55,Month-to-month,0,0.5394415585476355
0531-XBKMM,65.7,Two year,0,0.015018171670152887
8465-SBRXP,94.9,Two year,0,0.2423355715523121
2408-PSJVE,61.9,Month-to-month,0,0.1827377788568774
9079-YEXQJ,111.1,Month-to-month,1,0.5889982054728072
9700-ZCLOT,20.0,Month-to-month,0,0.3806044514131756
8738-JOKAR,67.7,One year,0,0.11877011889523707
4534-WGCIR,25.15,Two year,0,0.013571234015435031
1930-WNXSB,92.85,Month-to-month,0,0.6052220161888172
2685-SREOM,89.1,Month-to-month,1,0.805251110424895
3508-CFVZL,111.3,Two year,0,0.1060791501308346
0402-CQAJN,101.9,Month-to-month,1,0.735213354006778
6692-UDPJC,91.65,Month-to-month,1,0.7884251486424757
1273-MTETI,88.85,Month-to-month,1,0.912695053584533
0657-DOGUM,60.6,One year,0,0.09938589424917266
5480-HPRRX,25.3,Month-to-month,1,0.783155273934735
8792-AOROI,65.5,Two year,0,0.1367274471647507
0295-PPHDO,95.45,Month-to-month,1,0.9267673801297359
5146-YYFRZ,19.95,Two year,0,0.008758477257828402
1195-OIYEJ,91.1,Month-to-month,1,0.875318591705773
5906-CVLHP,54.15,One year,1,0.08504929846128015
3452-SRFEG,74.6,Month-to-month,0,0.5560809143528386
4070-OKWVH,94.6,Month-to-month,0,0.5029704498796881
5297-MDOIR,81.15,One year,0,0.16787818610564295
6369-MCAKO,89.05,Two year,0,0.041899346200039045
4926-UMJZD,49.2,Month-to-month,0,0.32732092382095107
6848-HJTXY,19.45,Two year,0,0.009799633902155732
6341-AEVKX,104.3,One year,0,0.3277667601588863
4501-EQDRN,69.7,Month-to-month,1,0.747595936187397
2990-HWIML,89.5,Month-to-month,1,0.896612093099813
0682-USIXD,86.05,Month-to-month,0,0.751629208264523
6976-BWGLQ,25.2,Two year,0,0.007568825554521711
7078-NVFAM,35.15,Month-to-month,0,0.38439372926809623
8065-QBYTO,99.65,One year,0,0.19491807377018003
2133-TSRRM,105.35,Month-to-month,0,0.555321143106898
7384-GHBPI,35.15,Month-to-month,1,0.8544835663022889
7603-USHJS,73.75,Month-to-month,1,0.756783492482697
7234-FECYN,101.35,Month-to-month,1,0.8881097006299133
2511-ALLCS,24.3,Two year,0,0.03412015985050918
3191-CSNMG,80.7,Month-to-month,0,0.8516508196778062
7952-OBOYL,89.85,Month-to-month,0,0.7787002353722182
7470-DYNOE,61.1,One year,0,0.22912700129814267
7853-OETYL,29.05,Month-to-month,0,0.7413862343513884
1545-ACTAS,99.7,One year,0,0.33358931204776265
5876-HZVZM,55.9,Month-to-month,1,0.33428139672844337
1400-MMYXY,105.9,Month-to-month,1,0.9200331141483846
5126-RCXYW,46.0,Two year,0,0.049854933788631116
3085-QUOZK,43.95,Month-to-month,1,0.592595469767916
2363-BJLSL,80.4,Month-to-month,0,0.22257331263571592
1956-YIFGE,100.05,One year,0,0.5623430357170643
3926-CUQZX,45.1,Month-to-month,1,0.6603770769184872
7921-LMDFQ,94.0,One year,0,0.49780297178697647
2925-MXLSX,68.95,One year,0,0.31775733005960644
5820-PTRYM,68.45,One year,0,0.08507584376517544
9609-BENEA,69.0,One year,0,0.31682790338756617
6211-WHMYA,43.85,Month-to-month,0,0.2847548414297474
4459-BBGHE,44.5,Month-to-month,0,0.6800493010391826
9945-PSVIP,18.7,Two year,0,0.05708048183576719
1041-RXHRA,70.25,Month-to-month,1,0.45060077454677067
1750-CSKKM,55.35,Month-to-month,1,0.6045687449102303
9108-EJFJP,53.55,Month-to-month,0,0.5374451048390845
0530-IJVDB,114.6,Two year,0,0.15517903477510483
0508-SQWPL,20.1,Two year,0,0.014436155317477248
2215-ZAFGX,85.5,Month-to-month,0,0.8876497818656117
8213-TAZPM,108.75,One year,0,0.27255615315988974
7142-HVGBG,103.0,Month-to-month,1,0.8178541379497666
1304-SEGFY,97.85,Two year,0,0.3097651077254938
7242-EDTYC,19.55,Two year,0,0.01821889504059121
2904-GGUAZ,84.05,Two year,0,0.08361289306205937
8267-ZNYVZ,103.75,One year,1,0.49058727435214783
5136-GFPMB,89.4,Month-to-month,0,0.5235848314463637
2595-KIWPV,19.7,Two year,0,0.03663539957304096
5243-SAOTC,79.85,Month-to-month,0,0.4864340582602438
9398-MMQTO,74.45,Month-to-month,0,0.7101831323126665
7619-PLRLP,74.1,One year,0,0.1020899469951433
6457-GIRWB,69.35,Month-to-month,1,0.8654838900797315
6508-NJYRO,18.8,One year,0,0.1519203002616687
1450-SKCVI,73.85,Month-to-month,1,0.4910548536433296
4710-NKCAW,64.4,Month-to-month,0,0.32994977982117474
5306-BVTKJ,55.8,One year,0,0.10498783379045831
0357-NVCRI,20.05,Month-to-month,0,0.14459966409717415
5570-PTWEH,75.15,Month-to-month,1,0.8321346725205345
2371-KFUOG,99.15,One year,0,0.23209984637231162
0463-ZSDNT,56.75,Month-to-month,0,0.6341737292627502
6502-MJQAE,69.6,Month-to-month,1,0.86483455547617
6257-DTAYD,104.15,Two year,0,0.17984717114505663
4616-ULAOA,110.8,Two year,0,0.16631910213397
7693-LCKZL,80.15,Month-to-month,1,0.8296285775053752
7746-AWNQW,35.75,Month-to-month,0,0.4329790306549163
5996-EBTKM,69.9,Two year,0,0.044995926948865825
2758-RNWXS,89.2,One year,0,0.42115482145408134
2314-TNDJQ,55.65,Two year,0,0.016413108025949738
2405-LBMUW,50.7,One year,0,0.0661978963832074
3454-JFUBC,20.0,Two year,0,0.013752065786072973
0032-PGELS,30.5,Month-to-month,1,0.5432109117995528
9039-ZVJDC,19.1,Month-to-month,0,0.45683095443611754
6797-LNAQX,98.3,Two year,1,0.14625584184231175
9013-AQORL,45.55,Month-to-month,0,0.24292956155814266
2898-MRKPI,101.05,One year,0,0.33145570706718414
2750-BJLSB,103.7,One year,0,0.3966879723878524
3648-GZPHF,36.25,One year,0,0.20806655793388482
2075-RMJIK,49.4,Month-to-month,0,0.4793609916869087
9588-YRFHY,19.9,Two year,0,0.026072202569820676
6394-MFYNG,107.4,Month-to-month,1,0.6715261296754658
1564-NTYXF,82.0,Month-to-month,1,0.8981587987858021
9364-YKUVW,19.8,Month-to-month,0,0.33375593571987644
5392-AKEMH,45.05,Month-to-month,0,0.6511128930471412
2451-YMUXS,64.55,Two year,0,0.028951304293151195
3914-FDRHP,86.25,Month-to-month,0,0.753785119792164
3078-ZKNTS,19.75,Two year,0,0.08683280714170795
1024-KPRBB,89.1,One year,0,0.5455824898754829
4690-PKDQG,95.55,Month-to-month,0,0.7529696061917742
8155-IBNHG,75.4,Month-to-month,1,0.7191824455311877
0886-QGENL,101.25,Month-to-month,1,0.7853959185554621
9547-ITEFG,102.6,Month-to-month,0,0.8280675009499039
1264-FUHCX,56.3,One year,0,0.21454436156732212
7789-CRUVC,94.2,Month-to-month,0,0.32556452829151694
6598-KELSS,43.05,One year,0,0.12816108822772834
8739-WWKDU,89.5,Month-to-month,1,0.8358586148713815
8685-WHQPW,74.4,Month-to-month,1,0.7648525857295121
4745-LSPLO,20.5,Month-to-month,1,0.3883026811952265
8083-YTZES,74.35,Month-to-month,1,0.8805953525690602
7240-FQLHE,99.75,Month-to-month,1,0.7638780229073859
6664-FPDAC,111.95,One year,1,0.5222819876389329
9972-VAFJJ,94.0,One year,0,0.38069736497232104
0422-UXFAP,98.85,One year,0,0.6159269419708798
1904-WAJAA,64.35,Two year,0,0.10919927460879274
5130-YPIRV,72.0,Two year,0,0.03891395789014421
2843-CQMEG,49.7,Month-to-month,0,0.43536724359776063
6439-PKTRR,80.7,Two year,0,0.02774314679095716
5351-QESIO,24.2,Month-to-month,0,0.6664818460000524
0786-VSSUD,39.0,Month-to-month,1,0.7127548149465759
5568-DMXZS,65.45,Month-to-month,0,0.6231728489604985
8468-FZTOE,74.35,Two year,0,0.02738725468955051
6633-SYEUS,83.2,Month-to-month,0,0.4846692735047502
6447-GORXK,25.0,Month-to-month,0,0.3521271533379425
6967-PEJLL,40.2,One year,0,0.17590838641302137
3976-BWUCK,94.1,Month-to-month,1,0.6473243860633473
5981-ZVXOT,108.35,One year,0,0.6259449820275623
1684-FLBGS,69.5,Month-to-month,0,0.4204440615224638
1389-WNUIB,76.0,One year,0,0.27799282754883153
0376-OIWME,93.6,Month-to-month,0,0.7301821581306459
3585-ISXZP,95.65,Month-to-month,1,0.82963383729485
0218-QNVAS,100.55,One year,0,0.2512303020543214
6583-QGCSI,88.05,Month-to-month,1,0.7189842966885504
0804-YGEQV,24.45,One year,0,0.0672804060153077
7164-BPTUT,89.55,Two year,0,0.041285574865135635
4174-LPGTI,66.5,One year,1,0.12866739908322408
2523-EWWZL,76.1,Month-to-month,0,0.7027155950156008
0928-XUTSN,80.5,Month-to-month,0,0.8438839606795283
2108-XWMPY,35.45,Month-to-month,1,0.637477197530752
0052-YNYOT,20.55,One year,0,0.02529574470704001
6304-IJFSQ,49.9,Month-to-month,1,0.6182560343244315
9586-JGQKH,105.4,Two year,0,0.20261352328299873
4501-VCPFK,35.75,Month-to-month,0,0.4700590471289952
6075-SLNIL,95.1,Month-to-month,0,0.6784250265233691
9347-AERRL,19.3,One year,0,0.10761613242408033
0093-XWZFY,104.5,Month-to-month,1,0.7223547786630485
2274-XUATA,63.1,Two year,0,0.05214856247963
1980-KXVPM,75.05,Month-to-month,1,0.8513146853608645
7703-ZEKEF,81.0,Month-to-month,1,0.7982253674789801
0723-DRCLG,74.45,Month-to-month,1,0.903240453909624
5482-NUPNA,60.4,Month-to-month,1,0.4109701017317544
6691-CCIHA,84.95,Two year,0,0.08254603988934554
1685-BQULA,93.4,Month-to-month,0,0.6566589063076446
9053-EJUNL,89.2,Month-to-month,0,0.7392437433152405
0666-UXTJO,85.2,Month-to-month,0,0.6971211570464209
1471-GIQKQ,49.95,Month-to-month,0,0.631182368851961
4807-IZYOZ,20.65,Two year,0,0.01636059648888071
1122-JWTJW,70.65,Month-to-month,1,0.781295484962876
9710-NJERN,20.15,Two year,0,0.02880476253217649
9837-FWLCH,19.2,Month-to-month,0,0.3973276653844403
1699-HPSBG,59.8,One year,1,0.458645299511967
7203-OYKCT,104.95,One year,0,0.4657938460983268
1035-IPQPU,103.5,Month-to-month,0,0.7232637038834899
7398-LXGYX,84.8,Month-to-month,0,0.4938542248514427
2823-LKABH,95.05,Month-to-month,0,0.7377189597272753
8775-CEBBJ,44.2,Month-to-month,1,0.5883075630897573
0550-DCXLH,73.35,Month-to-month,0,0.4972830652215321
9281-CEDRU,64.1,Two year,0,0.025912097026002112
2235-DWLJU,44.4,Month-to-month,0,0.8808667497337475
0871-OPBXW,20.05,Month-to-month,0,0.45434082108001794
3605-JISKB,60.0,One year,0,0.0826245306960648
6894-LFHLY,75.75,Month-to-month,1,0.901890867197453
9767-FFLEM,69.5,Month-to-month,0,0.5678906267590664
0639-TSIQW,102.95,Month-to-month,1,0.381715706760145
8456-QDAVC,78.7,Month-to-month,0,0.7604979143471433
7750-EYXWZ,60.65,One year,0,0.5016334295714298
2569-WGERO,21.15,Two year,0,0.009364103976742822
6840-RESVB,84.8,One year,0,0.2661117788778862
2234-XADUH,103.2,One year,0,0.31418495887361114
4801-JZAZL,29.6,Month-to-month,0,0.6299246696856275
8361-LTMKD,74.4,Month-to-month,1,0.8615359348774037
3186-AJIEK,105.65,Two year,0,0.12037791305564015
